source_path,absolute_path,sha256,format,role,words_approx,leading_topics,claim_labels,planned_volume,planned_section,coverage_status,citation_status,technical_review_status,notes
LEGACY_UNIFIED_MECHANICS/00_DERIVATION.md,C:\Users\joesh\Documents\Codex\2026-07-12\f\work\unified-mechanics-repo\00_DERIVATION.md,da9ce959873f78e23368e51bdc6fd37a0a45287b90ff506464d9305dd42c062f,.md,supporting_text,653,foundational_partition; geometry_gravity; cosmology; traversal_history,,I,Legacy foundations regraded against the current formal chain,mapped_provisional,unreviewed,unreviewed,
LEGACY_UNIFIED_MECHANICS/00_LAWS.md,C:\Users\joesh\Documents\Codex\2026-07-12\f\work\unified-mechanics-repo\00_LAWS.md,b595ab15262a197f2c7132e81222c96066f8d3d16d878c26a33d5c12f198df92,.md,supporting_text,690,personal_relativity; foundational_partition; traversal_history; geometry_gravity,DERIVED:9; OPEN:3,I,Legacy foundations regraded against the current formal chain,mapped_provisional,unreviewed,unreviewed,
LEGACY_UNIFIED_MECHANICS/00_MASTER_HANDOVER.md,C:\Users\joesh\Documents\Codex\2026-07-12\f\work\unified-mechanics-repo\00_MASTER_HANDOVER.md,2c0c851473a470b9841e155db9ac6ec6311302ee851b65066dae98f1759aff5e,.md,supporting_text,403,cosmology; foundational_partition; geometry_gravity; matter_atomic,,IV,Cosmology and phenomenology,mapped_provisional,unreviewed,unreviewed,
LEGACY_UNIFIED_MECHANICS/00_WHAT_THIS_IS.md,C:\Users\joesh\Documents\Codex\2026-07-12\f\work\unified-mechanics-repo\00_WHAT_THIS_IS.md,34d5cd73a6e6f3ef975e2aa59d664f43bcb71700c9c89f8e2b79f745c7fd4ffd,.md,supporting_text,677,geometry_gravity; cosmology; foundational_partition; traversal_history; matter_atomic; least_action_field,DERIVED:2,I,Legacy foundations regraded against the current formal chain,mapped_provisional,unreviewed,unreviewed,
LEGACY_UNIFIED_MECHANICS/01_FOUNDATION.md,C:\Users\joesh\Documents\Codex\2026-07-12\f\work\unified-mechanics-repo\01_FOUNDATION.md,9085f88cfcfd47f28f887337f0755ce26686d3d93bf7170c25b38314e3ceb2f7,.md,supporting_text,6537,geometry_gravity; cosmology; foundational_partition; matter_atomic; traversal_history; personal_relativity,DERIVED:9; PROPOSED:1; PREDICTION:13; RESULT:7; LIMIT:7; FAILED:2,I,Legacy foundations regraded against the current formal chain,mapped_provisional,unreviewed,unreviewed,
LEGACY_UNIFIED_MECHANICS/02_COSMOLOGY.md,C:\Users\joesh\Documents\Codex\2026-07-12\f\work\unified-mechanics-repo\02_COSMOLOGY.md,064c67272c8b79b8a0f2f7f044a91037a1846c71c96e415dd7655ccdb923ed1a,.md,supporting_text,2841,cosmology; foundational_partition; geometry_gravity; traversal_history; matter_atomic; least_action_field,DERIVED:3; PREDICTION:3; RESULT:2; LIMIT:2,IV; V,Legacy phenomenology and scientific regrading,mapped_provisional,unreviewed,unreviewed,
LEGACY_UNIFIED_MECHANICS/03_GRAVITY_AND_BLACK_HOLES.md,C:\Users\joesh\Documents\Codex\2026-07-12\f\work\unified-mechanics-repo\03_GRAVITY_AND_BLACK_HOLES.md,8d17833c2bbaf02bf2d81d1e117869a2ab21286232d4a5d649c68fab4fa7bb8e,.md,supporting_text,3437,geometry_gravity; foundational_partition; matter_atomic; personal_relativity; cosmology,DERIVED:3; ESTABLISHED:1; CONJECTURE:1; PREDICTION:2; LIMIT:2; FAILED:1,II; V,Legacy physical claims and supersession audit,mapped_provisional,unreviewed,unreviewed,
LEGACY_UNIFIED_MECHANICS/04_QUANTUM_AND_HOLOGRAPHIC.md,C:\Users\joesh\Documents\Codex\2026-07-12\f\work\unified-mechanics-repo\04_QUANTUM_AND_HOLOGRAPHIC.md,79c1f9c79fb8b95bcfeed72500e3cbb31efd99637eb1331f013d096347ed8e82,.md,supporting_text,3690,geometry_gravity; personal_relativity; colour_field; matter_atomic; logical_action; reproducibility,DERIVED:7; PROPOSED:1; PREDICTION:6; OPEN:1; LIMIT:6,IV; V,Legacy phenomenology and scientific regrading,mapped_provisional,unreviewed,unreviewed,
LEGACY_UNIFIED_MECHANICS/05_PARTICLE_PHYSICS.md,C:\Users\joesh\Documents\Codex\2026-07-12\f\work\unified-mechanics-repo\05_PARTICLE_PHYSICS.md,8747485aa278018d5b6b58abf65cb5b65d3a4461a8bb6affad107652304708e1,.md,supporting_text,2965,cosmology; geometry_gravity; matter_atomic; foundational_partition; personal_relativity; traversal_history,DERIVED:3; PREDICTION:3; RESULT:5; OPEN:1; LIMIT:4,II; V,Legacy physical claims and supersession audit,mapped_provisional,unreviewed,unreviewed,
LEGACY_UNIFIED_MECHANICS/06_HETEROTIC_IDENTIFICATION.md,C:\Users\joesh\Documents\Codex\2026-07-12\f\work\unified-mechanics-repo\06_HETEROTIC_IDENTIFICATION.md,b9de92ffd4936af9757b02848c6a8add6facf34616b965021b874e6e7f23aff3,.md,supporting_text,3444,geometry_gravity; traversal_history; foundational_partition; cosmology; matter_atomic; least_action_field,DERIVED:5; ESTABLISHED:1; LIMIT:2,II; V,Legacy physical claims and supersession audit,mapped_provisional,unreviewed,unreviewed,
LEGACY_UNIFIED_MECHANICS/07_EXPERIMENTAL_PROGRAM.md,C:\Users\joesh\Documents\Codex\2026-07-12\f\work\unified-mechanics-repo\07_EXPERIMENTAL_PROGRAM.md,cf5da971b01e3cea0f754e75b1efa0d4d3d4a9fd46ef60336c23f8f238be11ca,.md,supporting_text,3532,cosmology; personal_relativity; matter_atomic; geometry_gravity; reproducibility,DERIVED:1; PROPOSED:1; PREDICTION:12; RESULT:8; REFUTED:1; FAILED:1,IV; V,Legacy phenomenology and scientific regrading,mapped_provisional,unreviewed,unreviewed,
LEGACY_UNIFIED_MECHANICS/08_EMPIRICAL_VALIDATION.md,C:\Users\joesh\Documents\Codex\2026-07-12\f\work\unified-mechanics-repo\08_EMPIRICAL_VALIDATION.md,0292dba1f6e75ed21c9cfe8e73ae204fce99eed49aaa213a3ce4148be72ac9eb,.md,supporting_text,4304,cosmology; matter_atomic; geometry_gravity; foundational_partition; personal_relativity; reproducibility,DERIVED:5; PREDICTION:4; RESULT:8; OPEN:6; LIMIT:2; FAILED:1,IV; V,Legacy phenomenology and scientific regrading,mapped_provisional,unreviewed,unreviewed,
LEGACY_UNIFIED_MECHANICS/11_DYNAMICS.md,C:\Users\joesh\Documents\Codex\2026-07-12\f\work\unified-mechanics-repo\11_DYNAMICS.md,82c5959f866faf14f4c8d01dc21ede878c97b6ea3e9f2b9360fa2bde1f41f0bc,.md,supporting_text,1276,foundational_partition; reproducibility,RESULT:1; LIMIT:3,III; V,Legacy dynamics and supersession audit,mapped_provisional,unreviewed,unreviewed,
LEGACY_UNIFIED_MECHANICS/12_ARROW_OF_TIME.md,C:\Users\joesh\Documents\Codex\2026-07-12\f\work\unified-mechanics-repo\12_ARROW_OF_TIME.md,23da86d0baf64a0df3950bd58d6bad997e13d918452ae3d846b67aa9dc5e997d,.md,supporting_text,1332,foundational_partition; geometry_gravity; traversal_history,DERIVED:1,III; V,Legacy dynamics and supersession audit,mapped_provisional,unreviewed,unreviewed,
LEGACY_UNIFIED_MECHANICS/13_QUANTIZATION.md,C:\Users\joesh\Documents\Codex\2026-07-12\f\work\unified-mechanics-repo\13_QUANTIZATION.md,963395e32a12041e63d699abc61f36d8b77dc1fdbe7181456c6fd61bc2743465,.md,supporting_text,1213,traversal_history; foundational_partition; cosmology; geometry_gravity,DERIVED:6; PREDICTION:1; OPEN:2; LIMIT:4,III; V,Legacy dynamics and supersession audit,mapped_provisional,unreviewed,unreviewed,
LEGACY_UNIFIED_MECHANICS/14_THERMODYNAMICS.md,C:\Users\joesh\Documents\Codex\2026-07-12\f\work\unified-mechanics-repo\14_THERMODYNAMICS.md,d811e5ac7dbfe6fa3c3b2b79b34fbad925bfdd1d59ec1a16be7275a6fa1c8859,.md,supporting_text,1097,foundational_partition; traversal_history,DERIVED:1,IV; V,Legacy phenomenology and scientific regrading,mapped_provisional,unreviewed,unreviewed,
LEGACY_UNIFIED_MECHANICS/15_STATISTICAL_MECHANICS.md,C:\Users\joesh\Documents\Codex\2026-07-12\f\work\unified-mechanics-repo\15_STATISTICAL_MECHANICS.md,784e4169aeac039367d8ec1636b89b39b3d103ed43f8b05e1d0252181a3d8228,.md,supporting_text,1097,foundational_partition; geometry_gravity; traversal_history,DERIVED:2; RESULT:2; LIMIT:2,IV; V,Legacy phenomenology and scientific regrading,mapped_provisional,unreviewed,unreviewed,
LEGACY_UNIFIED_MECHANICS/16_ELECTROMAGNETISM.md,C:\Users\joesh\Documents\Codex\2026-07-12\f\work\unified-mechanics-repo\16_ELECTROMAGNETISM.md,d8570ba4ec10813545b53637560ee1e449f4816d40e1a0d5aaa5f5a4faae4838,.md,supporting_text,1375,foundational_partition; cosmology; geometry_gravity,DERIVED:6; OPEN:4; LIMIT:2,IV; V,Legacy phenomenology and scientific regrading,mapped_provisional,unreviewed,unreviewed,
LEGACY_UNIFIED_MECHANICS/FAQ.md,C:\Users\joesh\Documents\Codex\2026-07-12\f\work\unified-mechanics-repo\FAQ.md,1b6876bcbaad9808a72c3a9fb2358416aa62ca335591000046fb52f27cf34776,.md,supporting_text,1657,cosmology; foundational_partition; geometry_gravity; traversal_history,DERIVED:3; PREDICTION:1; FAILED:1,IV,Cosmology and phenomenology,mapped_provisional,unreviewed,unreviewed,
LEGACY_UNIFIED_MECHANICS/foundations/Canonicalization_Complete_Edition_1.md,C:\Users\joesh\Documents\Codex\2026-07-12\f\work\unified-mechanics-repo\foundations\Canonicalization_Complete_Edition_1.md,f891d92e527ca5708e0634a1ae4760960172224a5444352d9328f44bf75bdff8,.md,supporting_text,29181,reproducibility; matter_atomic; cosmology; personal_relativity; foundational_partition; geometry_gravity,PROVED:10; DERIVED:16; ESTABLISHED:14; CONDITIONAL:1; CONJECTURE:1; PROPOSED:3; RESULT:11; OPEN:87; LIMIT:10; REFUTED:7; FAILED:3,V,Methods and reproducibility,mapped_provisional,unreviewed,unreviewed,
LEGACY_UNIFIED_MECHANICS/foundations/README.md,C:\Users\joesh\Documents\Codex\2026-07-12\f\work\unified-mechanics-repo\foundations\README.md,72595cc14f597773aaf8d49190d1db58dc6bdb14f71088dd8871e058ea70af0f,.md,orientation_or_ledger,211,reproducibility,RESULT:1; OPEN:3,V,Legacy corpus provenance,mapped_provisional,unreviewed,unreviewed,
LEGACY_UNIFIED_MECHANICS/Gravitational_Memory.pdf,C:\Users\joesh\Documents\Codex\2026-07-12\f\work\unified-mechanics-repo\Gravitational_Memory.pdf,db106cb9ff1ee57a355ee4c60fbfbe1d87f2304bd6e71854fd0eb547a3cfa9b3,.pdf,manuscript,1589,geometry_gravity; cosmology; foundational_partition; helical_multiplication; matter_atomic; reproducibility,DERIVED:3; PROPOSED:1; LIMIT:1,II,Geometry and gravitation,mapped_provisional,unreviewed,unreviewed,
LEGACY_UNIFIED_MECHANICS/limb/__init__.py,C:\Users\joesh\Documents\Codex\2026-07-12\f\work\unified-mechanics-repo\limb\__init__.py,24b91b8738b88591803209c27b826bdf0a0c23192b76bb336128be12717db85d,.py,implementation,218,cosmology,DERIVED:1; LIMIT:1,V,Reproducibility assets and computational provenance,mapped_provisional,unreviewed,unreviewed,
LEGACY_UNIFIED_MECHANICS/limb/camb_backend.py,C:\Users\joesh\Documents\Codex\2026-07-12\f\work\unified-mechanics-repo\limb\camb_backend.py,388083282a77a0147accd9c6ca517f8e8ae01048d437a6fb86007709113d54ad,.py,implementation,908,cosmology; foundational_partition; geometry_gravity,DERIVED:7; LIMIT:2,V,Reproducibility assets and computational provenance,mapped_provisional,unreviewed,unreviewed,
LEGACY_UNIFIED_MECHANICS/limb/channels/__init__.py,C:\Users\joesh\Documents\Codex\2026-07-12\f\work\unified-mechanics-repo\limb\channels\__init__.py,a7f76b1855aa3887db2310a30f23a80e901a261308c76498e668e2e234337b58,.py,implementation,171,cosmology,LIMIT:3,V,Reproducibility assets and computational provenance,mapped_provisional,unreviewed,unreviewed,
LEGACY_UNIFIED_MECHANICS/limb/channels/barrier.py,C:\Users\joesh\Documents\Codex\2026-07-12\f\work\unified-mechanics-repo\limb\channels\barrier.py,095cde81840c18fd88e3426a400d4a08d2c5571c3ace2db1b2a1b2fcefcf0912,.py,implementation,123,cosmology,LIMIT:1,V,Reproducibility assets and computational provenance,mapped_provisional,unreviewed,unreviewed,
LEGACY_UNIFIED_MECHANICS/limb/channels/light.py,C:\Users\joesh\Documents\Codex\2026-07-12\f\work\unified-mechanics-repo\limb\channels\light.py,a3ad1a0ec80edf9129a4a07d50e44d64f4681bdbb0e6eb25bc783fb54295ea99,.py,implementation,128,cosmology,LIMIT:2,V,Reproducibility assets and computational provenance,mapped_provisional,unreviewed,unreviewed,
LEGACY_UNIFIED_MECHANICS/limb/channels/matter.py,C:\Users\joesh\Documents\Codex\2026-07-12\f\work\unified-mechanics-repo\limb\channels\matter.py,119fd67846f26e5e75c71167cd150a73c0f4b5f7bb8f443e0501fb89edcbda03,.py,implementation,78,cosmology; geometry_gravity,LIMIT:1,V,Reproducibility assets and computational provenance,mapped_provisional,unreviewed,unreviewed,
LEGACY_UNIFIED_MECHANICS/limb/cosmology.py,C:\Users\joesh\Documents\Codex\2026-07-12\f\work\unified-mechanics-repo\limb\cosmology.py,b7ec4ccc77164f3385941affa7937ef0281b6e8c471b796813d0716df7302bca,.py,implementation,273,cosmology; geometry_gravity; traversal_history,DERIVED:1,V,Reproducibility assets and computational provenance,mapped_provisional,unreviewed,unreviewed,
LEGACY_UNIFIED_MECHANICS/limb/derivations/__init__.py,C:\Users\joesh\Documents\Codex\2026-07-12\f\work\unified-mechanics-repo\limb\derivations\__init__.py,5b28c2651d0cf9827c7441800f47b3ce2217bb23f26cff0be46f887c3b16d731,.py,implementation,107,cosmology,DERIVED:2; RESULT:1; OPEN:1,V,Reproducibility assets and computational provenance,mapped_provisional,unreviewed,unreviewed,
LEGACY_UNIFIED_MECHANICS/limb/derivations/lcdm_inputs.py,C:\Users\joesh\Documents\Codex\2026-07-12\f\work\unified-mechanics-repo\limb\derivations\lcdm_inputs.py,e7dafa5c93f3019002e2a3ff951c23cd14d5912b12917e5c800232140e1fcdd7,.py,implementation,2329,cosmology; foundational_partition; geometry_gravity; matter_atomic; traversal_history,DERIVED:75; RESULT:1; OPEN:2; LIMIT:2,V,Reproducibility assets and computational provenance,mapped_provisional,unreviewed,unreviewed,
LEGACY_UNIFIED_MECHANICS/limb/lcdm.py,C:\Users\joesh\Documents\Codex\2026-07-12\f\work\unified-mechanics-repo\limb\lcdm.py,6212bd30a475a12788ed18eadbd9ae2cb41a6a8faa2447d3ecacf3b1867e43fe,.py,implementation,339,cosmology; foundational_partition,DERIVED:2; OPEN:1; LIMIT:1,V,Reproducibility assets and computational provenance,mapped_provisional,unreviewed,unreviewed,
LEGACY_UNIFIED_MECHANICS/limb/um.py,C:\Users\joesh\Documents\Codex\2026-07-12\f\work\unified-mechanics-repo\limb\um.py,3066a29d8d85146d7211862af1b329ae8e2a9111171a0bfa57f772b3f7762ba8,.py,implementation,184,cosmology,DERIVED:1; LIMIT:2,V,Reproducibility assets and computational provenance,mapped_provisional,unreviewed,unreviewed,
LEGACY_UNIFIED_MECHANICS/papers/alpha_em_g2.pdf,C:\Users\joesh\Documents\Codex\2026-07-12\f\work\unified-mechanics-repo\papers\alpha_em_g2.pdf,0dac2e2b8ab1b9115c9485d6c40d98f95b99c45a7b78ff4369fc6e78a899a2f0,.pdf,manuscript,1709,traversal_history; geometry_gravity; cosmology; foundational_partition,DERIVED:1; ESTABLISHED:1; RESULT:2,III,Traversal and retained history,mapped_provisional,unreviewed,unreviewed,
LEGACY_UNIFIED_MECHANICS/papers/alpha_em_g2.tex,C:\Users\joesh\Documents\Codex\2026-07-12\f\work\unified-mechanics-repo\papers\alpha_em_g2.tex,62bad4bb766a181e5712e07d2b1ac3bfda3b584dcb0f53706d730e3a1d804120,.tex,supporting_text,2009,traversal_history; geometry_gravity; cosmology; foundational_partition,DERIVED:1; ESTABLISHED:1; RESULT:2,III,Traversal and retained history,mapped_provisional,unreviewed,unreviewed,
LEGACY_UNIFIED_MECHANICS/papers/ckm_mixing.pdf,C:\Users\joesh\Documents\Codex\2026-07-12\f\work\unified-mechanics-repo\papers\ckm_mixing.pdf,732ae2c56321b8cbacba5692ae6787b9c08b724ac7f8f1992e3427d31f839e94,.pdf,manuscript,2146,geometry_gravity; matter_atomic; least_action_field; traversal_history,DERIVED:7; PREDICTION:2; RESULT:10,II,Geometry and gravitation,mapped_provisional,unreviewed,unreviewed,
LEGACY_UNIFIED_MECHANICS/papers/ckm_mixing.tex,C:\Users\joesh\Documents\Codex\2026-07-12\f\work\unified-mechanics-repo\papers\ckm_mixing.tex,16c559e00ba3ee705b09934c5d0a3d8d5b83de1b48cb7266b01de2a782835ba0,.tex,supporting_text,2574,cosmology; geometry_gravity; matter_atomic; least_action_field; traversal_history,DERIVED:8; PREDICTION:2; RESULT:10,IV,Cosmology and phenomenology,mapped_provisional,unreviewed,unreviewed,
LEGACY_UNIFIED_MECHANICS/papers/cosm_constant.pdf,C:\Users\joesh\Documents\Codex\2026-07-12\f\work\unified-mechanics-repo\papers\cosm_constant.pdf,92b06dc46199ad2cd4860f9cbc0e0a2cc7d090eef5766277f9e36e60152036ad,.pdf,manuscript,1990,cosmology; traversal_history; least_action_field; geometry_gravity; matter_atomic,DERIVED:2; PREDICTION:1; RESULT:5,IV,Cosmology and phenomenology,mapped_provisional,unreviewed,unreviewed,
LEGACY_UNIFIED_MECHANICS/papers/cosm_constant.tex,C:\Users\joesh\Documents\Codex\2026-07-12\f\work\unified-mechanics-repo\papers\cosm_constant.tex,716eaa40eb3fe54c2c305331f4019dd26c827ab2d88b4992b714e7e56a97d67e,.tex,supporting_text,2306,cosmology; traversal_history; least_action_field; geometry_gravity; matter_atomic,DERIVED:2; PREDICTION:1; RESULT:6,IV,Cosmology and phenomenology,mapped_provisional,unreviewed,unreviewed,
LEGACY_UNIFIED_MECHANICS/papers/electroweak_baryon.pdf,C:\Users\joesh\Documents\Codex\2026-07-12\f\work\unified-mechanics-repo\papers\electroweak_baryon.pdf,a0af7f1d6554ecd4defb01465dd8988fdcf8c83439af4ba245e3b19027a48a34,.pdf,manuscript,1791,matter_atomic; traversal_history; cosmology; geometry_gravity,DERIVED:1; PREDICTION:5; RESULT:5,IV,Matter and atomic applications,mapped_provisional,unreviewed,unreviewed,
LEGACY_UNIFIED_MECHANICS/papers/electroweak_baryon.tex,C:\Users\joesh\Documents\Codex\2026-07-12\f\work\unified-mechanics-repo\papers\electroweak_baryon.tex,53f776957c54e6d02923d0814b9ee3b906369c687fd89ede88d43c51e43d83ab,.tex,supporting_text,2111,matter_atomic; traversal_history; cosmology; geometry_gravity,DERIVED:1; PREDICTION:5; RESULT:5,IV,Matter and atomic applications,mapped_provisional,unreviewed,unreviewed,
LEGACY_UNIFIED_MECHANICS/papers/extended/addendum_closed_results.pdf,C:\Users\joesh\Documents\Codex\2026-07-12\f\work\unified-mechanics-repo\papers\extended\addendum_closed_results.pdf,99a9552874895b4731fba4cbb4d8c065b8d05a65e91db9a87515a8ac1b32d938,.pdf,manuscript,1315,cosmology; traversal_history; matter_atomic,DERIVED:3; PREDICTION:5; OPEN:1,IV,Cosmology and phenomenology,mapped_provisional,unreviewed,unreviewed,
LEGACY_UNIFIED_MECHANICS/papers/extended/addendum_closed_results.tex,C:\Users\joesh\Documents\Codex\2026-07-12\f\work\unified-mechanics-repo\papers\extended\addendum_closed_results.tex,d62b2f652d77b4bc87cd01e57e854a975585b665675704ae5a8c54c6bb8ed406,.tex,supporting_text,1662,cosmology; traversal_history; matter_atomic,DERIVED:4; PREDICTION:5; RESULT:1; OPEN:1,IV,Cosmology and phenomenology,mapped_provisional,unreviewed,unreviewed,
LEGACY_UNIFIED_MECHANICS/papers/gauge_unification.pdf,C:\Users\joesh\Documents\Codex\2026-07-12\f\work\unified-mechanics-repo\papers\gauge_unification.pdf,13d06e67d47c4df6f201de17c896d527ea6459a7e76659859b831df06734533e,.pdf,manuscript,1888,cosmology; geometry_gravity; traversal_history; foundational_partition,DERIVED:2; ESTABLISHED:1; PREDICTION:1; RESULT:3,IV,Cosmology and phenomenology,mapped_provisional,unreviewed,unreviewed,
LEGACY_UNIFIED_MECHANICS/papers/gauge_unification.tex,C:\Users\joesh\Documents\Codex\2026-07-12\f\work\unified-mechanics-repo\papers\gauge_unification.tex,de5a6fd33c6bd12cc7af76e47be32f67e7939017f89e33d564762f9b4aa84823,.tex,supporting_text,2275,cosmology; geometry_gravity; traversal_history; foundational_partition,DERIVED:3; ESTABLISHED:1; PREDICTION:1; RESULT:3,IV,Cosmology and phenomenology,mapped_provisional,unreviewed,unreviewed,
LEGACY_UNIFIED_MECHANICS/papers/matter_antimatter.pdf,C:\Users\joesh\Documents\Codex\2026-07-12\f\work\unified-mechanics-repo\papers\matter_antimatter.pdf,fd1e84ff8428bc6ce55cd65fb1ff99e9a526218a51df7816131dd88c913cbed4,.pdf,manuscript,1429,cosmology; matter_atomic; traversal_history; geometry_gravity; chiral_dynamics,DERIVED:2; RESULT:3,IV,Cosmology and phenomenology,mapped_provisional,unreviewed,unreviewed,
LEGACY_UNIFIED_MECHANICS/papers/matter_antimatter.tex,C:\Users\joesh\Documents\Codex\2026-07-12\f\work\unified-mechanics-repo\papers\matter_antimatter.tex,fd5779b6bf7116ab59614568893f01fad7f3ef45b37a792fa8dcae192c4cfbfa,.tex,supporting_text,1723,cosmology; matter_atomic; traversal_history; geometry_gravity; chiral_dynamics,DERIVED:2; RESULT:3,IV,Cosmology and phenomenology,mapped_provisional,unreviewed,unreviewed,
LEGACY_UNIFIED_MECHANICS/papers/muon_g2.pdf,C:\Users\joesh\Documents\Codex\2026-07-12\f\work\unified-mechanics-repo\papers\muon_g2.pdf,fd314358796e9a8d07998b6f47926a88a11953c6c18dc5975d5dd4f9b2bd4f1d,.pdf,manuscript,1368,traversal_history; geometry_gravity,DERIVED:3; RESULT:7,III,Traversal and retained history,mapped_provisional,unreviewed,unreviewed,
LEGACY_UNIFIED_MECHANICS/papers/muon_g2.tex,C:\Users\joesh\Documents\Codex\2026-07-12\f\work\unified-mechanics-repo\papers\muon_g2.tex,bc577785ca2ade298a33e24baef683ec83d98464692d6e71c6aacc65e4f65859,.tex,supporting_text,1692,traversal_history; geometry_gravity,DERIVED:3; RESULT:7,III,Traversal and retained history,mapped_provisional,unreviewed,unreviewed,
LEGACY_UNIFIED_MECHANICS/papers/neutrino_masses.pdf,C:\Users\joesh\Documents\Codex\2026-07-12\f\work\unified-mechanics-repo\papers\neutrino_masses.pdf,159f7763379534ea501fc73e770a404edc5aa956363331d0398af4fe0efb3248,.pdf,manuscript,1796,traversal_history; matter_atomic; cosmology; chiral_dynamics; geometry_gravity; foundational_partition,DERIVED:1; ESTABLISHED:1; RESULT:2,III,Traversal and retained history,mapped_provisional,unreviewed,unreviewed,
LEGACY_UNIFIED_MECHANICS/papers/neutrino_masses.tex,C:\Users\joesh\Documents\Codex\2026-07-12\f\work\unified-mechanics-repo\papers\neutrino_masses.tex,8ee6562bb2012e2c1cc522b06404b94c735a6499e20d18c88eb88a1da6f0864f,.tex,supporting_text,2144,traversal_history; matter_atomic; cosmology; chiral_dynamics; geometry_gravity; foundational_partition,DERIVED:1; ESTABLISHED:1; RESULT:2,III,Traversal and retained history,mapped_provisional,unreviewed,unreviewed,
LEGACY_UNIFIED_MECHANICS/papers/qcd_running.pdf,C:\Users\joesh\Documents\Codex\2026-07-12\f\work\unified-mechanics-repo\papers\qcd_running.pdf,fcdf86cf22beeca8e854597b8ac80fc6f19b33f9b4a235e6a44c9ee29b51e164,.pdf,manuscript,1675,traversal_history; matter_atomic; geometry_gravity,DERIVED:3; PREDICTION:5; RESULT:2,III,Traversal and retained history,mapped_provisional,unreviewed,unreviewed,
LEGACY_UNIFIED_MECHANICS/papers/qcd_running.tex,C:\Users\joesh\Documents\Codex\2026-07-12\f\work\unified-mechanics-repo\papers\qcd_running.tex,17d2381ede10b6eb74aa186254a31a6afa510afb739535fcee72ea9318796b32,.tex,supporting_text,1955,traversal_history; matter_atomic; geometry_gravity,DERIVED:3; PREDICTION:5; RESULT:2,III,Traversal and retained history,mapped_provisional,unreviewed,unreviewed,
LEGACY_UNIFIED_MECHANICS/papers/shared_space.pdf,C:\Users\joesh\Documents\Codex\2026-07-12\f\work\unified-mechanics-repo\papers\shared_space.pdf,3f762f9cbb566c30d227dae1c86fbbcb770e0a3371d30df8f7b0b16b6481ca21,.pdf,manuscript,1078,geometry_gravity; matter_atomic; traversal_history,OPEN:1,II,Geometry and gravitation,mapped_provisional,unreviewed,unreviewed,
LEGACY_UNIFIED_MECHANICS/papers/shared_space.tex,C:\Users\joesh\Documents\Codex\2026-07-12\f\work\unified-mechanics-repo\papers\shared_space.tex,f88d95984b98e3273dff2a1a7e72039f332b372b94f4be85052106d594406d90,.tex,supporting_text,1121,geometry_gravity; matter_atomic; traversal_history,OPEN:1,II,Geometry and gravitation,mapped_provisional,unreviewed,unreviewed,
LEGACY_UNIFIED_MECHANICS/PRE_REGISTRATION.md,C:\Users\joesh\Documents\Codex\2026-07-12\f\work\unified-mechanics-repo\PRE_REGISTRATION.md,8c3085f022c9f42174360bf66c02bcee99ed429d50446fe168bcdc0fc15095af,.md,supporting_text,1150,cosmology; foundational_partition; geometry_gravity; matter_atomic; colour_field; personal_relativity,PREDICTION:2; OPEN:3; LIMIT:1,IV,Cosmology and phenomenology,mapped_provisional,unreviewed,unreviewed,
LEGACY_UNIFIED_MECHANICS/Quantum Mechanics and Big Bang.pdf,C:\Users\joesh\Documents\Codex\2026-07-12\f\work\unified-mechanics-repo\Quantum Mechanics and Big Bang.pdf,05a031e61ba5cba4cbc05cf4bd07e6cd0e7923525a9949c61b453b9f70378778,.pdf,manuscript,2016,cosmology; geometry_gravity; foundational_partition; matter_atomic; colour_field; traversal_history,PROPOSED:1; PREDICTION:1; LIMIT:3,IV,Cosmology and phenomenology,mapped_provisional,unreviewed,unreviewed,
LEGACY_UNIFIED_MECHANICS/README.md,C:\Users\joesh\Documents\Codex\2026-07-12\f\work\unified-mechanics-repo\README.md,83a75f1bdfa5f64405c341ef648bc466dd20d0f3f2d67aa2c25e57ae376a2bea,.md,orientation_or_ledger,1790,cosmology; foundational_partition; geometry_gravity; reproducibility; traversal_history; matter_atomic,DERIVED:9; RESULT:3; OPEN:1; LIMIT:2,V,Legacy corpus provenance,mapped_provisional,unreviewed,unreviewed,
LEGACY_UNIFIED_MECHANICS/research/alpha_em_g2.py,C:\Users\joesh\Documents\Codex\2026-07-12\f\work\unified-mechanics-repo\research\alpha_em_g2.py,148c77bf89c684fa772ef6ed81647fdffcc27c8ab25325f637f6a18f4472c5f1,.py,implementation,1076,traversal_history,RESULT:1,V,Reproducibility assets and computational provenance,mapped_provisional,unreviewed,unreviewed,
LEGACY_UNIFIED_MECHANICS/research/ckm_mixing.py,C:\Users\joesh\Documents\Codex\2026-07-12\f\work\unified-mechanics-repo\research\ckm_mixing.py,fa9be9f24fe745455a007d994bf7ba4c0b49aaa7743a980375858937c22dc051,.py,implementation,1014,cosmology; geometry_gravity; matter_atomic,DERIVED:1; RESULT:1,V,Reproducibility assets and computational provenance,mapped_provisional,unreviewed,unreviewed,
LEGACY_UNIFIED_MECHANICS/research/cosm_constant.py,C:\Users\joesh\Documents\Codex\2026-07-12\f\work\unified-mechanics-repo\research\cosm_constant.py,558ad7ffa191f144ba1b2240b1dddd93f701c8956d4ded5d077b9bc17037daaa,.py,implementation,483,cosmology; traversal_history; foundational_partition,RESULT:1,V,Reproducibility assets and computational provenance,mapped_provisional,unreviewed,unreviewed,
LEGACY_UNIFIED_MECHANICS/research/dgf/chain_yamls/chain_B.yaml,C:\Users\joesh\Documents\Codex\2026-07-12\f\work\unified-mechanics-repo\research\dgf\chain_yamls\chain_B.yaml,eb487ff15fa13991e4e89c990e85c79134cd2152d7c9118bb5cec6361d4fee6e,.yaml,supporting_text,384,cosmology; reproducibility,DERIVED:5,IV,Cosmology and phenomenology,mapped_provisional,unreviewed,unreviewed,
LEGACY_UNIFIED_MECHANICS/research/dgf/chain_yamls/chain_L0.yaml,C:\Users\joesh\Documents\Codex\2026-07-12\f\work\unified-mechanics-repo\research\dgf\chain_yamls\chain_L0.yaml,850123deac8634b249654812bfd118d9f4bbc563e26c3d7868a5d7ed88560899,.yaml,supporting_text,299,cosmology; reproducibility,DERIVED:5,IV,Cosmology and phenomenology,mapped_provisional,unreviewed,unreviewed,
LEGACY_UNIFIED_MECHANICS/research/dgf/chain_yamls/chain_L1.yaml,C:\Users\joesh\Documents\Codex\2026-07-12\f\work\unified-mechanics-repo\research\dgf\chain_yamls\chain_L1.yaml,94598a4ecd568d75bfcaea683713896e4ee3974842e280ea1286b9d76a2cab60,.yaml,supporting_text,303,cosmology; reproducibility,DERIVED:5,IV,Cosmology and phenomenology,mapped_provisional,unreviewed,unreviewed,
LEGACY_UNIFIED_MECHANICS/research/dgf/chain_yamls/chain_LF.yaml,C:\Users\joesh\Documents\Codex\2026-07-12\f\work\unified-mechanics-repo\research\dgf\chain_yamls\chain_LF.yaml,aa9006001469da18b2b3d1e10bccfd5cf6876c2075e990976b2141b56a14b216,.yaml,supporting_text,471,cosmology; reproducibility,DERIVED:5; ESTABLISHED:1,IV,Cosmology and phenomenology,mapped_provisional,unreviewed,unreviewed,
LEGACY_UNIFIED_MECHANICS/research/dgf/chain_yamls/chain_LFP.yaml,C:\Users\joesh\Documents\Codex\2026-07-12\f\work\unified-mechanics-repo\research\dgf\chain_yamls\chain_LFP.yaml,7beaba286422a09c756fa78168ff580f0f9db77da39b31aaa230826476c26aad,.yaml,supporting_text,560,cosmology; reproducibility,DERIVED:5; PREDICTION:1,IV,Cosmology and phenomenology,mapped_provisional,unreviewed,unreviewed,
LEGACY_UNIFIED_MECHANICS/research/dgf/chain_yamls/chain_M.yaml,C:\Users\joesh\Documents\Codex\2026-07-12\f\work\unified-mechanics-repo\research\dgf\chain_yamls\chain_M.yaml,58e42573f43b5706923ea9f55e883480a03ddb237e94f21a05f57a5316b97468,.yaml,supporting_text,351,reproducibility; cosmology,DERIVED:5,V,Methods and reproducibility,mapped_provisional,unreviewed,unreviewed,
LEGACY_UNIFIED_MECHANICS/research/dgf/chain_yamls/chain_R5v8.yaml,C:\Users\joesh\Documents\Codex\2026-07-12\f\work\unified-mechanics-repo\research\dgf\chain_yamls\chain_R5v8.yaml,1e28da79e809d31e1890b691fb34de16e2981b3895fd3be789d2d2f587be9029,.yaml,supporting_text,579,cosmology; reproducibility,DERIVED:5; PREDICTION:1,IV,Cosmology and phenomenology,mapped_provisional,unreviewed,unreviewed,
LEGACY_UNIFIED_MECHANICS/research/dgf/chain_yamls/chain_T.yaml,C:\Users\joesh\Documents\Codex\2026-07-12\f\work\unified-mechanics-repo\research\dgf\chain_yamls\chain_T.yaml,3ec828b225ef26e943edc5288c3eee3f43c05c1139e0ad02ed2320e137ea75e8,.yaml,supporting_text,401,cosmology; reproducibility,DERIVED:5; PREDICTION:1; RESULT:1,IV,Cosmology and phenomenology,mapped_provisional,unreviewed,unreviewed,
LEGACY_UNIFIED_MECHANICS/research/dgf/chain_yamls/chain_T2.yaml,C:\Users\joesh\Documents\Codex\2026-07-12\f\work\unified-mechanics-repo\research\dgf\chain_yamls\chain_T2.yaml,85a0737293d0083019095b786ea32436955bb60892e39b6f5157aed42278cfd2,.yaml,supporting_text,518,cosmology; reproducibility,DERIVED:5; RESULT:1,IV,Cosmology and phenomenology,mapped_provisional,unreviewed,unreviewed,
LEGACY_UNIFIED_MECHANICS/research/dgf/PROGRAMME_PAPER.md,C:\Users\joesh\Documents\Codex\2026-07-12\f\work\unified-mechanics-repo\research\dgf\PROGRAMME_PAPER.md,07cf6454d957b42c7bcd8b5060427ed46dc0a9daf617449c6c7f229bc48cf17c,.md,supporting_text,2081,cosmology; geometry_gravity; reproducibility; foundational_partition; personal_relativity,DERIVED:1; FORECAST:1; PREDICTION:8; RESULT:1; OPEN:2,IV,Cosmology and phenomenology,mapped_provisional,unreviewed,unreviewed,
LEGACY_UNIFIED_MECHANICS/research/gauge_unification.py,C:\Users\joesh\Documents\Codex\2026-07-12\f\work\unified-mechanics-repo\research\gauge_unification.py,223459c081a0ecb6dd591c5f695b0175468bda8146e6abcfd6931b06f3b60972,.py,implementation,1000,cosmology; foundational_partition,DERIVED:1,V,Reproducibility assets and computational provenance,mapped_provisional,unreviewed,unreviewed,
LEGACY_UNIFIED_MECHANICS/research/matter_antimatter.py,C:\Users\joesh\Documents\Codex\2026-07-12\f\work\unified-mechanics-repo\research\matter_antimatter.py,610add7eb30b2cd61482cbe174ca6a037997f6f7a16f703911f5e2b7787c9777,.py,implementation,818,cosmology; traversal_history,RESULT:1,V,Reproducibility assets and computational provenance,mapped_provisional,unreviewed,unreviewed,
LEGACY_UNIFIED_MECHANICS/research/muon_g2.py,C:\Users\joesh\Documents\Codex\2026-07-12\f\work\unified-mechanics-repo\research\muon_g2.py,09f6ffaf1d6ba665b8a11dfae1dcea3cedd2dffc8b84a378de8f15de7595194f,.py,implementation,808,foundational_partition,DERIVED:1,V,Reproducibility assets and computational provenance,mapped_provisional,unreviewed,unreviewed,
LEGACY_UNIFIED_MECHANICS/research/neutrino_masses.py,C:\Users\joesh\Documents\Codex\2026-07-12\f\work\unified-mechanics-repo\research\neutrino_masses.py,f4952831363817b9b54e4a32d33f5c567c28130f522bd1eeacc1280e631b69ac,.py,implementation,718,cosmology; traversal_history; foundational_partition; matter_atomic,,V,Reproducibility assets and computational provenance,mapped_provisional,unreviewed,unreviewed,
LEGACY_UNIFIED_MECHANICS/research/particle_constants.py,C:\Users\joesh\Documents\Codex\2026-07-12\f\work\unified-mechanics-repo\research\particle_constants.py,18dda42341bcaa9f282cdf34bcc9b7d010ceb598654b6aaa126e454a9fc8966c,.py,implementation,1076,foundational_partition; cosmology; matter_atomic; reproducibility,,V,Reproducibility assets and computational provenance,mapped_provisional,unreviewed,unreviewed,
LEGACY_UNIFIED_MECHANICS/research/planet_hunt/02_gaia_targets/cmb_gstar_targets.json,C:\Users\joesh\Documents\Codex\2026-07-12\f\work\unified-mechanics-repo\research\planet_hunt\02_gaia_targets\cmb_gstar_targets.json,974e2e8b46e2b27cd48642511db872cd3b3d49c7726cf9b9bd1707a3c69512fe,.json,data_or_certificate,36036,cosmology,,V,Reproducibility assets and computational provenance,mapped_provisional,unreviewed,unreviewed,
LEGACY_UNIFIED_MECHANICS/research/planet_hunt/02_gaia_targets/cmb_ranked_targets.json,C:\Users\joesh\Documents\Codex\2026-07-12\f\work\unified-mechanics-repo\research\planet_hunt\02_gaia_targets\cmb_ranked_targets.json,bad8f85ce60c8535570a8e53f16f86ebbc57a0172e063d92e78983056d6cd395,.json,data_or_certificate,4900,cosmology,,V,Reproducibility assets and computational provenance,mapped_provisional,unreviewed,unreviewed,
LEGACY_UNIFIED_MECHANICS/research/planet_hunt/04_skypy_lss/skypy_highl_pipeline.py,C:\Users\joesh\Documents\Codex\2026-07-12\f\work\unified-mechanics-repo\research\planet_hunt\04_skypy_lss\skypy_highl_pipeline.py,9515ce9392831bf73215774390a9c43a784bcd413a050b1710fe27fc71230e94,.py,implementation,1315,cosmology; geometry_gravity,OPEN:1,V,Reproducibility assets and computational provenance,mapped_provisional,unreviewed,unreviewed,
LEGACY_UNIFIED_MECHANICS/research/planet_hunt/04_skypy_lss/skypy_lss_pipeline.py,C:\Users\joesh\Documents\Codex\2026-07-12\f\work\unified-mechanics-repo\research\planet_hunt\04_skypy_lss\skypy_lss_pipeline.py,6f13e3160a514bbae68e8afb7b33b8484c6c6291d3cbbce63a7f864800920fee,.py,implementation,910,cosmology,DERIVED:1; OPEN:1,V,Reproducibility assets and computational provenance,mapped_provisional,unreviewed,unreviewed,
LEGACY_UNIFIED_MECHANICS/research/planet_hunt/05_catalogue/exoplanets.json,C:\Users\joesh\Documents\Codex\2026-07-12\f\work\unified-mechanics-repo\research\planet_hunt\05_catalogue\exoplanets.json,3983e9b28af3cc1705c30d3f7e0ec5b51e986c56e37dd4a7f4628d9bb6bcca5e,.json,data_or_certificate,182145,,,V,Reproducibility assets and computational provenance,mapped_provisional,unreviewed,unreviewed,
LEGACY_UNIFIED_MECHANICS/research/planet_hunt/05_catalogue/MASTER_CATALOGUE.md,C:\Users\joesh\Documents\Codex\2026-07-12\f\work\unified-mechanics-repo\research\planet_hunt\05_catalogue\MASTER_CATALOGUE.md,f9bcdae13415ef1ad289491387c7491e84f90e2d1ab214b16bcb7273f797654c,.md,supporting_text,865,cosmology; reproducibility; traversal_history; personal_relativity,DERIVED:2,IV,Cosmology and phenomenology,mapped_provisional,unreviewed,unreviewed,
LEGACY_UNIFIED_MECHANICS/research/planet_hunt/06_planck/find_planck_seed.py,C:\Users\joesh\Documents\Codex\2026-07-12\f\work\unified-mechanics-repo\research\planet_hunt\06_planck\find_planck_seed.py,a5858afbaa0cdadd98a24dbc98f9ffa67c042824f378a6ffd659b26b51fe9880,.py,implementation,764,cosmology,,V,Reproducibility assets and computational provenance,mapped_provisional,unreviewed,unreviewed,
LEGACY_UNIFIED_MECHANICS/research/planet_hunt/06_planck/planck_real_targeting.py,C:\Users\joesh\Documents\Codex\2026-07-12\f\work\unified-mechanics-repo\research\planet_hunt\06_planck\planck_real_targeting.py,25442c161291d754f3903a4fc50aa3883d482794881474251a766fcb44cbe294,.py,implementation,1331,cosmology,OPEN:1,V,Reproducibility assets and computational provenance,mapped_provisional,unreviewed,unreviewed,
LEGACY_UNIFIED_MECHANICS/research/planet_hunt/06_planck/planck_render.py,C:\Users\joesh\Documents\Codex\2026-07-12\f\work\unified-mechanics-repo\research\planet_hunt\06_planck\planck_render.py,d5ee819452d023862081172aa721845195d86d23e696d9714addb235fe89dffe,.py,implementation,1021,cosmology,PREDICTION:1; OPEN:1,V,Reproducibility assets and computational provenance,mapped_provisional,unreviewed,unreviewed,
LEGACY_UNIFIED_MECHANICS/research/planet_hunt/07_planet_concept/OUROBOROS_SYSTEM.md,C:\Users\joesh\Documents\Codex\2026-07-12\f\work\unified-mechanics-repo\research\planet_hunt\07_planet_concept\OUROBOROS_SYSTEM.md,d63836c8354abf374a5dc7a5608c1f8af5bf0f936e1e4ce314bc10b19f11792f,.md,supporting_text,1299,cosmology; traversal_history; personal_relativity; colour_field,DERIVED:2,IV,Cosmology and phenomenology,mapped_provisional,unreviewed,unreviewed,
LEGACY_UNIFIED_MECHANICS/research/planet_hunt/07_planet_concept/render_planet.py,C:\Users\joesh\Documents\Codex\2026-07-12\f\work\unified-mechanics-repo\research\planet_hunt\07_planet_concept\render_planet.py,06d57b205e608d7234e5e02f2fedfdf4cf29809e8ac3c5d37f0c525cb0d76bf0,.py,implementation,1582,traversal_history; cosmology; least_action_field,,V,Reproducibility assets and computational provenance,mapped_provisional,unreviewed,unreviewed,
LEGACY_UNIFIED_MECHANICS/research/planet_hunt/07_planet_concept/render_system_map.py,C:\Users\joesh\Documents\Codex\2026-07-12\f\work\unified-mechanics-repo\research\planet_hunt\07_planet_concept\render_system_map.py,de3d312f99a27920a52844c052368c7b5bb7954be6cb673fa3be379543e17747,.py,implementation,858,cosmology,DERIVED:1,V,Reproducibility assets and computational provenance,mapped_provisional,unreviewed,unreviewed,
LEGACY_UNIFIED_MECHANICS/research/planet_hunt/08_evidence/EMPIRICAL_EVIDENCE.md,C:\Users\joesh\Documents\Codex\2026-07-12\f\work\unified-mechanics-repo\research\planet_hunt\08_evidence\EMPIRICAL_EVIDENCE.md,5f4236fc07bea36f776daaf9272de0d2553705b6043a5ca3a96c849a7f459efe,.md,supporting_text,1749,geometry_gravity; traversal_history; cosmology; colour_field; matter_atomic; personal_relativity,RESULT:2,II,Geometry and gravitation,mapped_provisional,unreviewed,unreviewed,
LEGACY_UNIFIED_MECHANICS/research/planet_hunt/08_evidence/evidence_summary.json,C:\Users\joesh\Documents\Codex\2026-07-12\f\work\unified-mechanics-repo\research\planet_hunt\08_evidence\evidence_summary.json,33f985b26c8771ca28f91c695b04cbcc7705e43429c5d39722302cf3aa4e9d39,.json,data_or_certificate,7,,,V,Reproducibility assets and computational provenance,mapped_provisional,unreviewed,unreviewed,
LEGACY_UNIFIED_MECHANICS/research/planet_hunt/08_evidence/gather_evidence.py,C:\Users\joesh\Documents\Codex\2026-07-12\f\work\unified-mechanics-repo\research\planet_hunt\08_evidence\gather_evidence.py,39c9e9d48ce77cf97073439d989b984bc99142560229d3f0ef6a7d1d14bf9ad5,.py,implementation,1180,geometry_gravity; traversal_history; personal_relativity,RESULT:12; OPEN:1; FAILED:5,V,Reproducibility assets and computational provenance,mapped_provisional,unreviewed,unreviewed,
LEGACY_UNIFIED_MECHANICS/research/planet_hunt/08_evidence/gather_evidence2.py,C:\Users\joesh\Documents\Codex\2026-07-12\f\work\unified-mechanics-repo\research\planet_hunt\08_evidence\gather_evidence2.py,7e5324ee025d7a7adc58c39fb8f15b2a23f636271b2bc728256608c704317a00,.py,implementation,1305,traversal_history; geometry_gravity; personal_relativity; matter_atomic,OPEN:1; FAILED:5,V,Reproducibility assets and computational provenance,mapped_provisional,unreviewed,unreviewed,
LEGACY_UNIFIED_MECHANICS/research/planet_hunt/08_evidence/gather_evidence3.py,C:\Users\joesh\Documents\Codex\2026-07-12\f\work\unified-mechanics-repo\research\planet_hunt\08_evidence\gather_evidence3.py,a7c6d27f114ba3183428e01ca415cc36fd2eeeb1c117dffd24bce7d47edbf765,.py,implementation,1432,,OPEN:1; FAILED:4,V,Reproducibility assets and computational provenance,mapped_provisional,unreviewed,unreviewed,
LEGACY_UNIFIED_MECHANICS/research/planet_hunt/08_evidence/tess_plot_bls.py,C:\Users\joesh\Documents\Codex\2026-07-12\f\work\unified-mechanics-repo\research\planet_hunt\08_evidence\tess_plot_bls.py,b9393c6e565625be23b41b7426ffb2f94e54f08aad0d438e2a8f565f75824919,.py,implementation,814,traversal_history; matter_atomic,RESULT:8; FAILED:1,V,Reproducibility assets and computational provenance,mapped_provisional,unreviewed,unreviewed,
LEGACY_UNIFIED_MECHANICS/research/planet_hunt/09_age_match/age_match.py,C:\Users\joesh\Documents\Codex\2026-07-12\f\work\unified-mechanics-repo\research\planet_hunt\09_age_match\age_match.py,dc3e30ac20cfb3f2e66d59029b3f878056f7d98ce957c169f83bca251b49d07d,.py,implementation,1220,cosmology,OPEN:3; FAILED:2,V,Reproducibility assets and computational provenance,mapped_provisional,unreviewed,unreviewed,
LEGACY_UNIFIED_MECHANICS/research/planet_hunt/09_age_match/age_matched_catalogue.json,C:\Users\joesh\Documents\Codex\2026-07-12\f\work\unified-mechanics-repo\research\planet_hunt\09_age_match\age_matched_catalogue.json,3dd0c419a25469607110536f146cf2dd7ce1afa006466988299a3eabcbda2442,.json,data_or_certificate,62670,cosmology,,V,Reproducibility assets and computational provenance,mapped_provisional,unreviewed,unreviewed,
LEGACY_UNIFIED_MECHANICS/research/planet_hunt/09_age_match/OPS_CATALOGUE.md,C:\Users\joesh\Documents\Codex\2026-07-12\f\work\unified-mechanics-repo\research\planet_hunt\09_age_match\OPS_CATALOGUE.md,88fd041465e18c546adb27898b458d6b1c61a9bc93dfd484bd964a72b327fc3d,.md,supporting_text,849,cosmology; traversal_history; personal_relativity,,IV,Cosmology and phenomenology,mapped_provisional,unreviewed,unreviewed,
LEGACY_UNIFIED_MECHANICS/research/planet_hunt/09_age_match/ops_targets.json,C:\Users\joesh\Documents\Codex\2026-07-12\f\work\unified-mechanics-repo\research\planet_hunt\09_age_match\ops_targets.json,f037d8be2fa4764205da67ef9ae35ed74b92ea77cb77f600a6e2f82f6b88c90c,.json,data_or_certificate,996,cosmology,,V,Reproducibility assets and computational provenance,mapped_provisional,unreviewed,unreviewed,
LEGACY_UNIFIED_MECHANICS/research/planet_hunt/10_earth_ages/bio_peer_rank.py,C:\Users\joesh\Documents\Codex\2026-07-12\f\work\unified-mechanics-repo\research\planet_hunt\10_earth_ages\bio_peer_rank.py,e956a7c75300bbeeb139bb24da30620e8b43ccfae864931eb7950882c9a4d1b1,.py,implementation,617,traversal_history; cosmology,OPEN:2,V,Reproducibility assets and computational provenance,mapped_provisional,unreviewed,unreviewed,
LEGACY_UNIFIED_MECHANICS/research/planet_hunt/10_earth_ages/bio_peer_ranked.json,C:\Users\joesh\Documents\Codex\2026-07-12\f\work\unified-mechanics-repo\research\planet_hunt\10_earth_ages\bio_peer_ranked.json,09bf6028909545cc6599c8f457173eea8a5360f2c244e4b501269f7c0dddaed2,.json,data_or_certificate,1380,cosmology,,V,Reproducibility assets and computational provenance,mapped_provisional,unreviewed,unreviewed,
LEGACY_UNIFIED_MECHANICS/research/planet_hunt/10_earth_ages/earth_ages.py,C:\Users\joesh\Documents\Codex\2026-07-12\f\work\unified-mechanics-repo\research\planet_hunt\10_earth_ages\earth_ages.py,d02464ef3f76848394b97787431c1cea7400ce818717a8fa7bfa8a553cc34073,.py,implementation,948,foundational_partition; cosmology; traversal_history; least_action_field; matter_atomic,,V,Reproducibility assets and computational provenance,mapped_provisional,unreviewed,unreviewed,
LEGACY_UNIFIED_MECHANICS/research/planet_hunt/10_earth_ages/ouroboros_matter_age.py,C:\Users\joesh\Documents\Codex\2026-07-12\f\work\unified-mechanics-repo\research\planet_hunt\10_earth_ages\ouroboros_matter_age.py,a566a2a860ea831f42b5b3bf4aeb333d69a7ff5d1689bbccc809d02d780b1904,.py,implementation,567,traversal_history; geometry_gravity,RESULT:1,V,Reproducibility assets and computational provenance,mapped_provisional,unreviewed,unreviewed,
LEGACY_UNIFIED_MECHANICS/research/planet_hunt/11_dark_sector/dark_sector_geometry.py,C:\Users\joesh\Documents\Codex\2026-07-12\f\work\unified-mechanics-repo\research\planet_hunt\11_dark_sector\dark_sector_geometry.py,6f21851c03762089ce84d190af9cb79c1b2b1a794620b9e3fbfa058a4c8c452a,.py,implementation,1417,cosmology; foundational_partition,DERIVED:1,V,Reproducibility assets and computational provenance,mapped_provisional,unreviewed,unreviewed,
LEGACY_UNIFIED_MECHANICS/research/planet_hunt/ouroboros/LIGHT_MATTER_AGE.md,C:\Users\joesh\Documents\Codex\2026-07-12\f\work\unified-mechanics-repo\research\planet_hunt\ouroboros\LIGHT_MATTER_AGE.md,d3670bfe2168e14066dc3d7a830827f0af23226960799b7fe30237469f4e6a1b,.md,supporting_text,3414,cosmology; traversal_history; foundational_partition; least_action_field; geometry_gravity; personal_relativity,DERIVED:7; RESULT:2; OPEN:1,IV,Cosmology and phenomenology,mapped_provisional,unreviewed,unreviewed,
LEGACY_UNIFIED_MECHANICS/research/planet_hunt/ouroboros/simulate_ouroboros.py,C:\Users\joesh\Documents\Codex\2026-07-12\f\work\unified-mechanics-repo\research\planet_hunt\ouroboros\simulate_ouroboros.py,0a86ca9e810a3117895130fa4965539d908a687f46193b8f87cfc9cc1618abde,.py,implementation,3167,cosmology; traversal_history; foundational_partition; personal_relativity,DERIVED:2; RESULT:1,V,Reproducibility assets and computational provenance,mapped_provisional,unreviewed,unreviewed,
LEGACY_UNIFIED_MECHANICS/research/planet_hunt/README.md,C:\Users\joesh\Documents\Codex\2026-07-12\f\work\unified-mechanics-repo\research\planet_hunt\README.md,33c3f5289f27c33b0e08e3bfc9d519125513ee6260198e151271bb55ff518b30,.md,orientation_or_ledger,988,cosmology; traversal_history; personal_relativity; reproducibility,DERIVED:2,V,Legacy corpus provenance,mapped_provisional,unreviewed,unreviewed,
LEGACY_UNIFIED_MECHANICS/research/qcd_running.py,C:\Users\joesh\Documents\Codex\2026-07-12\f\work\unified-mechanics-repo\research\qcd_running.py,44b51a79ef9cb73823067bbaac6ab29d38aafae7096dccaed4a36b98bb302f19,.py,implementation,766,foundational_partition; geometry_gravity,,V,Reproducibility assets and computational provenance,mapped_provisional,unreviewed,unreviewed,
LEGACY_UNIFIED_MECHANICS/research/recursion_floor/README.md,C:\Users\joesh\Documents\Codex\2026-07-12\f\work\unified-mechanics-repo\research\recursion_floor\README.md,c41eaa23be47902dbacb3b0a16ba7150d1b7a8686b3b5925383ed619fcf25a6f,.md,orientation_or_ledger,326,cosmology; foundational_partition,RESULT:1,V,Legacy corpus provenance,mapped_provisional,unreviewed,unreviewed,
LEGACY_UNIFIED_MECHANICS/research/recursion_floor/runA_recursion_study.json,C:\Users\joesh\Documents\Codex\2026-07-12\f\work\unified-mechanics-repo\research\recursion_floor\runA_recursion_study.json,330dfa13ebeeec581216a439a39b18c4a595e0d058eac003441493e574be75c9,.json,data_or_certificate,299,cosmology; reproducibility,,V,Reproducibility assets and computational provenance,mapped_provisional,unreviewed,unreviewed,
LEGACY_UNIFIED_MECHANICS/research/render_cmb_4k.py,C:\Users\joesh\Documents\Codex\2026-07-12\f\work\unified-mechanics-repo\research\render_cmb_4k.py,02c2fd4ec8a2b93e31497ea048bb5d5bf9fac72c99f0f3996c076847d6ba5d1e,.py,implementation,454,cosmology; colour_field,DERIVED:2; OPEN:1,V,Reproducibility assets and computational provenance,mapped_provisional,unreviewed,unreviewed,
LEGACY_UNIFIED_MECHANICS/research/um_derived_constants.py,C:\Users\joesh\Documents\Codex\2026-07-12\f\work\unified-mechanics-repo\research\um_derived_constants.py,70fa49a142e4f9910dacdb4fb2a46b02bd60462ef927bc8fba78bea0ccab33b9,.py,implementation,1323,cosmology; foundational_partition; traversal_history; geometry_gravity,DERIVED:5; RESULT:2,V,Reproducibility assets and computational provenance,mapped_provisional,unreviewed,unreviewed,
LEGACY_UNIFIED_MECHANICS/START_HERE.md,C:\Users\joesh\Documents\Codex\2026-07-12\f\work\unified-mechanics-repo\START_HERE.md,b16c4669bbf721a02dff1def7ae211bd4fba78a2b687dfd296c9dd1e4a21ed75,.md,supporting_text,567,cosmology; foundational_partition; geometry_gravity,DERIVED:2,I,Legacy foundations regraded against the current formal chain,mapped_provisional,unreviewed,unreviewed,
LEGACY_UNIFIED_MECHANICS/tests/data/alternate_recursions.json,C:\Users\joesh\Documents\Codex\2026-07-12\f\work\unified-mechanics-repo\tests\data\alternate_recursions.json,0d3b517203d1b58e887c782d04c053993cb755afe268d76842870a4e1be6ce58,.json,data_or_certificate,214,matter_atomic; cosmology,,V,Reproducibility assets and computational provenance,mapped_provisional,unreviewed,unreviewed,
LEGACY_UNIFIED_MECHANICS/tests/data/cereal_bowl_weights.json,C:\Users\joesh\Documents\Codex\2026-07-12\f\work\unified-mechanics-repo\tests\data\cereal_bowl_weights.json,99a57d21fe09d4fe10bf91e9b2077d0e8eb07d62d40506643719b3217bb69140,.json,data_or_certificate,150,cosmology; geometry_gravity; personal_relativity,,V,Reproducibility assets and computational provenance,mapped_provisional,unreviewed,unreviewed,
LEGACY_UNIFIED_MECHANICS/tests/data/chains/_summary.json,C:\Users\joesh\Documents\Codex\2026-07-12\f\work\unified-mechanics-repo\tests\data\chains\_summary.json,dd367cbfebd10fe902a019036d2833576d51480ece65ea887b3b5a5352c23fcd,.json,data_or_certificate,382,cosmology,,V,Reproducibility assets and computational provenance,mapped_provisional,unreviewed,unreviewed,
LEGACY_UNIFIED_MECHANICS/tests/data/chains/_summary_v2.json,C:\Users\joesh\Documents\Codex\2026-07-12\f\work\unified-mechanics-repo\tests\data\chains\_summary_v2.json,5708e140649b8e5aeacb86d02d442f4eb6b4ce121b46f07d105c1500ae31aba1,.json,data_or_certificate,273,cosmology,,V,Reproducibility assets and computational provenance,mapped_provisional,unreviewed,unreviewed,
LEGACY_UNIFIED_MECHANICS/tests/data/demo_chain/demo_chain_summary.json,C:\Users\joesh\Documents\Codex\2026-07-12\f\work\unified-mechanics-repo\tests\data\demo_chain\demo_chain_summary.json,d58a88be37b32b70cc865e4225766b1b3ea47e30ee0aa7d575b709d7517e5f10,.json,data_or_certificate,233,cosmology; reproducibility,DERIVED:3,V,Reproducibility assets and computational provenance,mapped_provisional,unreviewed,unreviewed,
LEGACY_UNIFIED_MECHANICS/tests/data/everything_suite.json,C:\Users\joesh\Documents\Codex\2026-07-12\f\work\unified-mechanics-repo\tests\data\everything_suite.json,53d010da7cae0febcef4e240a61624b1575172858cf28c5621427a2b70855047,.json,data_or_certificate,2991,cosmology; matter_atomic; geometry_gravity,DERIVED:1,V,Reproducibility assets and computational provenance,mapped_provisional,unreviewed,unreviewed,
LEGACY_UNIFIED_MECHANICS/tests/data/everything_suite_table.md,C:\Users\joesh\Documents\Codex\2026-07-12\f\work\unified-mechanics-repo\tests\data\everything_suite_table.md,ae907c1bc7cf49a71eec090bd89e1fe6d78cca08954fcccaff5e44e740a76ddc,.md,supporting_text,1347,cosmology; matter_atomic; geometry_gravity; foundational_partition; traversal_history,DERIVED:1,IV,Cosmology and phenomenology,mapped_provisional,unreviewed,unreviewed,
LEGACY_UNIFIED_MECHANICS/tests/data/million_test_summary.json,C:\Users\joesh\Documents\Codex\2026-07-12\f\work\unified-mechanics-repo\tests\data\million_test_summary.json,525da799a74457ff2de7818bc2846bbebb33a48bd0f1bc46173eaae4a2353fa4,.json,data_or_certificate,230,cosmology,,V,Reproducibility assets and computational provenance,mapped_provisional,unreviewed,unreviewed,
LEGACY_UNIFIED_MECHANICS/tests/data/nautilus_floor.json,C:\Users\joesh\Documents\Codex\2026-07-12\f\work\unified-mechanics-repo\tests\data\nautilus_floor.json,4e991aada1c444138b1c2921af9702b70255fd6f763f16e8349133df073cfeb9,.json,data_or_certificate,55,,,V,Reproducibility assets and computational provenance,mapped_provisional,unreviewed,unreviewed,
LEGACY_UNIFIED_MECHANICS/tests/data/nautilus_published.json,C:\Users\joesh\Documents\Codex\2026-07-12\f\work\unified-mechanics-repo\tests\data\nautilus_published.json,44c6869ba96bfaec86bf47c1aa97daf538f8ec4d5008a1ba43da6fff9025d016,.json,data_or_certificate,49,,,V,Reproducibility assets and computational provenance,mapped_provisional,unreviewed,unreviewed,
LEGACY_UNIFIED_MECHANICS/tests/data/structural_bayes.json,C:\Users\joesh\Documents\Codex\2026-07-12\f\work\unified-mechanics-repo\tests\data\structural_bayes.json,3ef3d4610ffd59a28699065b4781f44ab43ac4f45b1871fc8203ed69f8d1e9ad,.json,data_or_certificate,1369,cosmology,,V,Reproducibility assets and computational provenance,mapped_provisional,unreviewed,unreviewed,
LEGACY_UNIFIED_MECHANICS/tests/demo_chain.py,C:\Users\joesh\Documents\Codex\2026-07-12\f\work\unified-mechanics-repo\tests\demo_chain.py,affc970f22755aae7fff2984351a97e3173dccc3673af1fe80b79dbff216ce43,.py,implementation,784,cosmology; geometry_gravity; reproducibility,DERIVED:3; OPEN:1,V,Reproducibility assets and computational provenance,mapped_provisional,unreviewed,unreviewed,
LEGACY_UNIFIED_MECHANICS/tests/test_limb_derivations.py,C:\Users\joesh\Documents\Codex\2026-07-12\f\work\unified-mechanics-repo\tests\test_limb_derivations.py,d4f11745e3688618e116a9055028ae7e61668a7f11d70a499fe77f8ef205af7e,.py,implementation,890,cosmology; geometry_gravity; matter_atomic; traversal_history,RESULT:2,V,Reproducibility assets and computational provenance,mapped_provisional,unreviewed,unreviewed,
LEGACY_UNIFIED_MECHANICS/THE_QUESTION.md,C:\Users\joesh\Documents\Codex\2026-07-12\f\work\unified-mechanics-repo\THE_QUESTION.md,440f6ca1ec01ddb842929148ebe912cfe7afce586e2bb2a6c581d76969209cf0,.md,supporting_text,558,cosmology; foundational_partition; reproducibility,DERIVED:1,I,Legacy foundations regraded against the current formal chain,mapped_provisional,unreviewed,unreviewed,
MONOGRAPH/00 START HERE/00 The Corpus Atlas.docx,C:\Users\joesh\Documents\Codex\2026-08-02\files-mentioned-by-the-user-handoff\work\unified-mechanics-monograph\00 START HERE\00 The Corpus Atlas.docx,eafbb575e416ce2605bf342f66f8a75c79033b74450041cbfd23c8f544d53082,.docx,manuscript,1552,reproducibility; personal_relativity; logical_action; traversal_history; foundational_partition; matter_atomic,PROVED:1; DERIVED:1; ESTABLISHED:1; CONDITIONAL:1; PROPOSED:1; RESULT:4; OPEN:10; DISSOLVED:1,V,Methods and reproducibility,mapped_provisional,unreviewed,unreviewed,
MONOGRAPH/00 START HERE/00 The Corpus Atlas.pdf,C:\Users\joesh\Documents\Codex\2026-08-02\files-mentioned-by-the-user-handoff\work\unified-mechanics-monograph\00 START HERE\00 The Corpus Atlas.pdf,2829e4d73f0448eabc85124fdf2b96cb8e754badfbb8d45207b73210e2d4fbfd,.pdf,manuscript,1647,reproducibility; personal_relativity; logical_action; traversal_history; foundational_partition; matter_atomic,PROVED:1; DERIVED:1; ESTABLISHED:1; CONDITIONAL:1; PROPOSED:1; RESULT:4; OPEN:10; DISSOLVED:1,V,Methods and reproducibility,mapped_provisional,unreviewed,unreviewed,
MONOGRAPH/00 START HERE/01 README.md,C:\Users\joesh\Documents\Codex\2026-08-02\files-mentioned-by-the-user-handoff\work\unified-mechanics-monograph\00 START HERE\01 README.md,2ce5b096fe39411eb00d845588db4b075718408c25a41bf09247ef386a655118,.md,orientation_or_ledger,577,reproducibility; personal_relativity; chiral_dynamics; foundational_partition; geometry_gravity; logical_action,PROVED:1; ESTABLISHED:1; CONDITIONAL:1; PROPOSED:1; RESULT:2; OPEN:5; DISSOLVED:1,V,Methods and reproducibility,mapped_provisional,unreviewed,unreviewed,
MONOGRAPH/00 START HERE/02 Edition Note — Fifth Printing.md,C:\Users\joesh\Documents\Codex\2026-08-02\files-mentioned-by-the-user-handoff\work\unified-mechanics-monograph\00 START HERE\02 Edition Note — Fifth Printing.md,0b5621b8477922d860467b6cecc7775ed99478afb12b3e15ac209f5286f47746,.md,orientation_or_ledger,1338,reproducibility; personal_relativity; chiral_dynamics; least_action_field; matter_atomic; cosmology,PROVED:4; DERIVED:1; CONDITIONAL:1; PREDICTION:1; RESULT:1,V,Methods and reproducibility,mapped_provisional,unreviewed,unreviewed,
MONOGRAPH/00 START HERE/03 CORE FREEZE MANIFEST.md,C:\Users\joesh\Documents\Codex\2026-08-02\files-mentioned-by-the-user-handoff\work\unified-mechanics-monograph\00 START HERE\03 CORE FREEZE MANIFEST.md,6561cd10cb607c0ca1ea1b974aa48530f6f14b198faf15804eebd7601b4ca626,.md,manifest,355,reproducibility; logical_action,RESULT:1; OPEN:1,V,Reproducibility assets and computational provenance,mapped_provisional,unreviewed,unreviewed,
MONOGRAPH/00 START HERE/04 SHA256SUMS.txt,C:\Users\joesh\Documents\Codex\2026-08-02\files-mentioned-by-the-user-handoff\work\unified-mechanics-monograph\00 START HERE\04 SHA256SUMS.txt,187691c436e99384430f2e67dc3a36ee1158f9a515b5ff6ec606246f1db07604,.txt,manifest,1197,reproducibility; chiral_dynamics; logical_action; traversal_history; cosmology,OPEN:2,V,Reproducibility assets and computational provenance,mapped_provisional,unreviewed,unreviewed,
MONOGRAPH/01 CORE BOOKS/A — A World of Distinctions.pdf,C:\Users\joesh\Documents\Codex\2026-08-02\files-mentioned-by-the-user-handoff\work\unified-mechanics-monograph\01 CORE BOOKS\A — A World of Distinctions.pdf,9889d4e736fd37851261adbb1759492a648a2f4b60e0c68779131190cde4298d,.pdf,manuscript,19610,personal_relativity; logical_action; reproducibility; geometry_gravity; foundational_partition; traversal_history,PROVED:35; DERIVED:2; ESTABLISHED:8; CONDITIONAL:18; PROPOSED:23; RESULT:8; OPEN:30; LIMIT:6; DISSOLVED:2; FAILED:4,V,Cross-format verification copy,mapped_provisional,unreviewed,unreviewed,
"MONOGRAPH/01 CORE BOOKS/B — Universopedia, Combined Reading Edition.pdf","C:\Users\joesh\Documents\Codex\2026-08-02\files-mentioned-by-the-user-handoff\work\unified-mechanics-monograph\01 CORE BOOKS\B — Universopedia, Combined Reading Edition.pdf",e2e155d38733faec9f001cce9d5ac7fd69108bc0b97de0b895bfe77350d0ef31,.pdf,manuscript,39825,personal_relativity; matter_atomic; geometry_gravity; cosmology; reproducibility; logical_action,PROVED:2; DERIVED:16; ESTABLISHED:99; CONDITIONAL:6; PROPOSED:12; PREDICTION:60; RESULT:48; OPEN:118; LIMIT:89; FAILED:2,V,Cross-format verification copy,mapped_provisional,unreviewed,unreviewed,
"MONOGRAPH/01 CORE BOOKS/B1 — Universopedia, The Observational Standard.pdf","C:\Users\joesh\Documents\Codex\2026-08-02\files-mentioned-by-the-user-handoff\work\unified-mechanics-monograph\01 CORE BOOKS\B1 — Universopedia, The Observational Standard.pdf",6b87313041c25f343e057fec5a301b2f19283974196b244ee0eaf4ebb755057e,.pdf,manuscript,37958,personal_relativity; matter_atomic; geometry_gravity; cosmology; reproducibility; logical_action,PROVED:2; DERIVED:16; ESTABLISHED:99; CONDITIONAL:6; PROPOSED:12; PREDICTION:58; RESULT:45; OPEN:115; LIMIT:89; FAILED:1,III,Observer resolution and readout,mapped_provisional,unreviewed,unreviewed,
"MONOGRAPH/01 CORE BOOKS/B2 — Universopedia, Systems of Interpretation.pdf","C:\Users\joesh\Documents\Codex\2026-08-02\files-mentioned-by-the-user-handoff\work\unified-mechanics-monograph\01 CORE BOOKS\B2 — Universopedia, Systems of Interpretation.pdf",6af28c33316b2fee72a1426976a16bcd206332fa074c31ef554190ea461f87c4,.pdf,manuscript,1867,personal_relativity; least_action_field,PREDICTION:2; RESULT:3; OPEN:3; FAILED:1,III,Observer resolution and readout,mapped_provisional,unreviewed,unreviewed,
"MONOGRAPH/01 CORE BOOKS/C — Unified Mechanics, The Formal Register.pdf","C:\Users\joesh\Documents\Codex\2026-08-02\files-mentioned-by-the-user-handoff\work\unified-mechanics-monograph\01 CORE BOOKS\C — Unified Mechanics, The Formal Register.pdf",b5f8c8ef1d1adc61826134423666ede5db6ce68f6e4af2c4581ca4f35d087a6a,.pdf,manuscript,6676,personal_relativity; reproducibility; cosmology; geometry_gravity; traversal_history; logical_action,PROVED:44; CONDITIONAL:16; PROPOSED:1; PREDICTION:1; RESULT:13; OPEN:12; DISSOLVED:1,V,Cross-format verification copy,mapped_provisional,unreviewed,unreviewed,
MONOGRAPH/01 CORE BOOKS/Sources/A — A World of Distinctions.docx,C:\Users\joesh\Documents\Codex\2026-08-02\files-mentioned-by-the-user-handoff\work\unified-mechanics-monograph\01 CORE BOOKS\Sources\A — A World of Distinctions.docx,4e611ce338efea53e66d26cbc7f48207d14e2fef0cd20cd9928f0d4ad8a043ad,.docx,manuscript,18374,personal_relativity; logical_action; reproducibility; geometry_gravity; foundational_partition; traversal_history,PROVED:35; DERIVED:2; ESTABLISHED:8; CONDITIONAL:18; PROPOSED:23; RESULT:8; OPEN:30; LIMIT:6; DISSOLVED:2; FAILED:4,I,Continuous foundations narrative,mapped_provisional,unreviewed,unreviewed,
"MONOGRAPH/01 CORE BOOKS/Sources/B1 — Universopedia, The Observational Standard.docx","C:\Users\joesh\Documents\Codex\2026-08-02\files-mentioned-by-the-user-handoff\work\unified-mechanics-monograph\01 CORE BOOKS\Sources\B1 — Universopedia, The Observational Standard.docx",3b0db48fcbfbbaf873a8b8ff361c2bf8dd61b5353a054b2c82ba8c376848c9c6,.docx,manuscript,31455,personal_relativity; matter_atomic; geometry_gravity; cosmology; reproducibility; logical_action,PROVED:2; DERIVED:14; ESTABLISHED:99; CONDITIONAL:6; PROPOSED:12; PREDICTION:58; RESULT:45; OPEN:115; LIMIT:88; FAILED:1,IV,Observational contract and cross-scale ledger,mapped_provisional,unreviewed,unreviewed,
"MONOGRAPH/01 CORE BOOKS/Sources/B2 — Universopedia, Systems of Interpretation.docx","C:\Users\joesh\Documents\Codex\2026-08-02\files-mentioned-by-the-user-handoff\work\unified-mechanics-monograph\01 CORE BOOKS\Sources\B2 — Universopedia, Systems of Interpretation.docx",bc5b5bdfb03560469ed0ba51818a17a82819d0b5af8696579e8bc3098cb92e2b,.docx,manuscript,1635,personal_relativity; least_action_field,PREDICTION:2; RESULT:3; OPEN:3; FAILED:1,IV,Applications and negative screens,mapped_provisional,unreviewed,unreviewed,
"MONOGRAPH/01 CORE BOOKS/Sources/C — Unified Mechanics, The Formal Register.docx","C:\Users\joesh\Documents\Codex\2026-08-02\files-mentioned-by-the-user-handoff\work\unified-mechanics-monograph\01 CORE BOOKS\Sources\C — Unified Mechanics, The Formal Register.docx",3d540dc01d251ebf1a9fd58c1a576f5f36bd41712493fc9688c86aebe4eee910,.docx,manuscript,6564,personal_relativity; reproducibility; cosmology; geometry_gravity; traversal_history; logical_action,PROVED:44; CONDITIONAL:16; PROPOSED:1; PREDICTION:1; RESULT:13; OPEN:12; DISSOLVED:1,V,Formal register and dependency graph,mapped_provisional,unreviewed,unreviewed,
MONOGRAPH/02 TECHNICAL PAPERS/00 The Papers Index.docx,C:\Users\joesh\Documents\Codex\2026-08-02\files-mentioned-by-the-user-handoff\work\unified-mechanics-monograph\02 TECHNICAL PAPERS\00 The Papers Index.docx,891bd69339576f3f6d73cf21d52cb8c6fd66dd0510629c629dddb05701977518,.docx,manuscript,1254,personal_relativity; reproducibility; logical_action; traversal_history; geometry_gravity; least_action_field,DERIVED:1; OPEN:1; WITHDRAWN:1,V,Paper sequence and provenance,mapped_provisional,unreviewed,unreviewed,
MONOGRAPH/02 TECHNICAL PAPERS/00 The Papers Index.pdf,C:\Users\joesh\Documents\Codex\2026-08-02\files-mentioned-by-the-user-handoff\work\unified-mechanics-monograph\02 TECHNICAL PAPERS\00 The Papers Index.pdf,7b8268fd0686707de055e1ce91d868d466ba33816ee6b0aec1ed5e0b0766cd58,.pdf,manuscript,1346,personal_relativity; reproducibility; logical_action; traversal_history; geometry_gravity; least_action_field,DERIVED:1; OPEN:1; WITHDRAWN:1,V,Paper sequence and provenance,mapped_provisional,unreviewed,unreviewed,
MONOGRAPH/02 TECHNICAL PAPERS/04 The Realisation and Self-Description Principle.docx,C:\Users\joesh\Documents\Codex\2026-08-02\files-mentioned-by-the-user-handoff\work\unified-mechanics-monograph\02 TECHNICAL PAPERS\04 The Realisation and Self-Description Principle.docx,d661accc34baeb3bcb733bb60a888e2b423ba2c8cb234a3b280136bfd5f51f68,.docx,manuscript,2774,personal_relativity; reproducibility; logical_action; cosmology; geometry_gravity; least_action_field,DERIVED:1; ESTABLISHED:4; CONDITIONAL:3; PROPOSED:1; PREDICTION:1; RESULT:2,I,"Logical action, systemhood, and lossless transcription",mapped_provisional,unreviewed,unreviewed,
MONOGRAPH/02 TECHNICAL PAPERS/04 The Realisation and Self-Description Principle.pdf,C:\Users\joesh\Documents\Codex\2026-08-02\files-mentioned-by-the-user-handoff\work\unified-mechanics-monograph\02 TECHNICAL PAPERS\04 The Realisation and Self-Description Principle.pdf,7eea3cb72b9f4fab0b7301d5192e21536fe64ca6c1812108884ce4a20491ed89,.pdf,manuscript,3318,personal_relativity; reproducibility; logical_action; cosmology; geometry_gravity; least_action_field,DERIVED:1; ESTABLISHED:4; CONDITIONAL:3; PROPOSED:1; PREDICTION:1; RESULT:2,I,"Logical action, systemhood, and lossless transcription",mapped_provisional,unreviewed,unreviewed,
MONOGRAPH/02 TECHNICAL PAPERS/05 The Snowflake Realisation Closure Theorem.docx,C:\Users\joesh\Documents\Codex\2026-08-02\files-mentioned-by-the-user-handoff\work\unified-mechanics-monograph\02 TECHNICAL PAPERS\05 The Snowflake Realisation Closure Theorem.docx,d03f9de393c8c2bfb6a40261203053d3cb6c6bea52a33f8286c97e468ad12226,.docx,manuscript,4081,personal_relativity; least_action_field; geometry_gravity; cosmology; reproducibility; traversal_history,PROVED:1; DERIVED:3; CONDITIONAL:2; RESULT:4,II,"Carrier, reduction, geometry, and physical sectors",mapped_provisional,unreviewed,unreviewed,
MONOGRAPH/02 TECHNICAL PAPERS/05 The Snowflake Realisation Closure Theorem.pdf,C:\Users\joesh\Documents\Codex\2026-08-02\files-mentioned-by-the-user-handoff\work\unified-mechanics-monograph\02 TECHNICAL PAPERS\05 The Snowflake Realisation Closure Theorem.pdf,65c3f2cefd954d00fc79d7161943972bb348a3143e8f865d3ad5654b0f52722e,.pdf,manuscript,5244,personal_relativity; least_action_field; geometry_gravity; cosmology; reproducibility; traversal_history,PROVED:1; DERIVED:3; CONDITIONAL:2; RESULT:4,II,"Carrier, reduction, geometry, and physical sectors",mapped_provisional,unreviewed,unreviewed,
MONOGRAPH/02 TECHNICAL PAPERS/08 Research Notes — The Self-Dual Carrier and the Silver Interface.docx,C:\Users\joesh\Documents\Codex\2026-08-02\files-mentioned-by-the-user-handoff\work\unified-mechanics-monograph\02 TECHNICAL PAPERS\08 Research Notes — The Self-Dual Carrier and the Silver Interface.docx,2558ac874ef6d9d1d36eee50653d28fa3fdd242348f89039c0241182a4d97743,.docx,manuscript,1993,reproducibility; personal_relativity; least_action_field; logical_action; geometry_gravity; helical_multiplication,DERIVED:3; CONDITIONAL:4; PREDICTION:1; RESULT:3,II,"Carrier, reduction, geometry, and physical sectors",mapped_provisional,unreviewed,unreviewed,
MONOGRAPH/02 TECHNICAL PAPERS/08 Research Notes — The Self-Dual Carrier and the Silver Interface.pdf,C:\Users\joesh\Documents\Codex\2026-08-02\files-mentioned-by-the-user-handoff\work\unified-mechanics-monograph\02 TECHNICAL PAPERS\08 Research Notes — The Self-Dual Carrier and the Silver Interface.pdf,9a0f4913112818c8cdc1f01afb0ccd144d6d72b08ab248fb3df6d6bdbb3c896b,.pdf,manuscript,2315,reproducibility; personal_relativity; least_action_field; logical_action; geometry_gravity; helical_multiplication,DERIVED:3; CONDITIONAL:4; PREDICTION:1; RESULT:2,II,"Carrier, reduction, geometry, and physical sectors",mapped_provisional,unreviewed,unreviewed,
MONOGRAPH/02 TECHNICAL PAPERS/09 Interpretations — The Golden Skeleton of E8.docx,C:\Users\joesh\Documents\Codex\2026-08-02\files-mentioned-by-the-user-handoff\work\unified-mechanics-monograph\02 TECHNICAL PAPERS\09 Interpretations — The Golden Skeleton of E8.docx,304a50cd7ce06a03aff7df9a77cf802b0715d63fa5ef0d527c0274e8b1aa3bfc,.docx,manuscript,1652,personal_relativity; least_action_field; reproducibility; foundational_partition; geometry_gravity; logical_action,DERIVED:2; CONDITIONAL:1; PROPOSED:1; RESULT:2; FAILED:1,II,"Carrier, reduction, geometry, and physical sectors",mapped_provisional,unreviewed,unreviewed,
MONOGRAPH/02 TECHNICAL PAPERS/09 Interpretations — The Golden Skeleton of E8.pdf,C:\Users\joesh\Documents\Codex\2026-08-02\files-mentioned-by-the-user-handoff\work\unified-mechanics-monograph\02 TECHNICAL PAPERS\09 Interpretations — The Golden Skeleton of E8.pdf,de520f6f8af2a3ec3b09434aded31f02954adcdff958a2ce415ea6522e6bbdab,.pdf,manuscript,1955,personal_relativity; least_action_field; reproducibility; foundational_partition; geometry_gravity; logical_action,DERIVED:2; CONDITIONAL:1; PROPOSED:1; RESULT:2; FAILED:1,II,"Carrier, reduction, geometry, and physical sectors",mapped_provisional,unreviewed,unreviewed,
MONOGRAPH/02 TECHNICAL PAPERS/10 The Interface Work Integral — Settling the Root Three.docx,C:\Users\joesh\Documents\Codex\2026-08-02\files-mentioned-by-the-user-handoff\work\unified-mechanics-monograph\02 TECHNICAL PAPERS\10 The Interface Work Integral — Settling the Root Three.docx,bc205825529e4f47f292cee4eab594a01083b3cc23c3604b24a70b6941994a5c,.docx,manuscript,1671,personal_relativity; geometry_gravity; reproducibility; logical_action; cosmology; foundational_partition,PROVED:1; ESTABLISHED:2; CONDITIONAL:4; RESULT:2,II,"Carrier, reduction, geometry, and physical sectors",mapped_provisional,unreviewed,unreviewed,
MONOGRAPH/02 TECHNICAL PAPERS/10 The Interface Work Integral — Settling the Root Three.pdf,C:\Users\joesh\Documents\Codex\2026-08-02\files-mentioned-by-the-user-handoff\work\unified-mechanics-monograph\02 TECHNICAL PAPERS\10 The Interface Work Integral — Settling the Root Three.pdf,9e89058a3ec21cac54d3ac96756b5f9c1f9f62a5161f08e7dc8ac65417c51946,.pdf,manuscript,2013,personal_relativity; geometry_gravity; reproducibility; cosmology; foundational_partition; least_action_field,PROVED:1; ESTABLISHED:2; CONDITIONAL:3; RESULT:1,II,"Carrier, reduction, geometry, and physical sectors",mapped_provisional,unreviewed,unreviewed,
MONOGRAPH/02 TECHNICAL PAPERS/11 End-to-End Interface Closure — The Theorem Queue.docx,C:\Users\joesh\Documents\Codex\2026-08-02\files-mentioned-by-the-user-handoff\work\unified-mechanics-monograph\02 TECHNICAL PAPERS\11 End-to-End Interface Closure — The Theorem Queue.docx,3f69cacf44e55e4d02e2fa06626a84c423717c918ea41de81fac472377da7232,.docx,manuscript,4163,personal_relativity; cosmology; reproducibility; least_action_field; logical_action; geometry_gravity,PROVED:23; DERIVED:2; ESTABLISHED:3; CONDITIONAL:1; PREDICTION:2; RESULT:4; OPEN:3,II,"Carrier, reduction, geometry, and physical sectors",mapped_provisional,unreviewed,unreviewed,
MONOGRAPH/02 TECHNICAL PAPERS/11 End-to-End Interface Closure — The Theorem Queue.pdf,C:\Users\joesh\Documents\Codex\2026-08-02\files-mentioned-by-the-user-handoff\work\unified-mechanics-monograph\02 TECHNICAL PAPERS\11 End-to-End Interface Closure — The Theorem Queue.pdf,39296288ab216f1365390c1b9358bc27698ec4bd991d2933aeb2a20e9327212f,.pdf,manuscript,4912,personal_relativity; cosmology; reproducibility; least_action_field; logical_action; geometry_gravity,PROVED:23; DERIVED:2; ESTABLISHED:3; CONDITIONAL:1; PREDICTION:2; RESULT:4; OPEN:3,II,"Carrier, reduction, geometry, and physical sectors",mapped_provisional,unreviewed,unreviewed,
MONOGRAPH/02 TECHNICAL PAPERS/12 Theorem Queue Proof Ledger.docx,C:\Users\joesh\Documents\Codex\2026-08-02\files-mentioned-by-the-user-handoff\work\unified-mechanics-monograph\02 TECHNICAL PAPERS\12 Theorem Queue Proof Ledger.docx,3743ffa544acca6169145d6d1121f905e552a34dd52ffce0eeb953538cc57893,.docx,manuscript,810,personal_relativity; cosmology; reproducibility; colour_field; least_action_field; foundational_partition,PROVED:6; DERIVED:1; ESTABLISHED:1; PREDICTION:1; RESULT:1; OPEN:1; FAILED:1,II,"Carrier, reduction, geometry, and physical sectors",mapped_provisional,unreviewed,unreviewed,
MONOGRAPH/02 TECHNICAL PAPERS/12 Theorem Queue Proof Ledger.pdf,C:\Users\joesh\Documents\Codex\2026-08-02\files-mentioned-by-the-user-handoff\work\unified-mechanics-monograph\02 TECHNICAL PAPERS\12 Theorem Queue Proof Ledger.pdf,7dbf50066ba541ee573c5ce72abea2fe4611a6269b1ad762f8cfe62d65768a91,.pdf,manuscript,919,personal_relativity; cosmology; reproducibility; colour_field; least_action_field; foundational_partition,PROVED:6; DERIVED:1; ESTABLISHED:1; PREDICTION:1; RESULT:1; OPEN:1; FAILED:1,II,"Carrier, reduction, geometry, and physical sectors",mapped_provisional,unreviewed,unreviewed,
MONOGRAPH/02 TECHNICAL PAPERS/13 The Logic of Physical Action (issued as Monograph II).docx,C:\Users\joesh\Documents\Codex\2026-08-02\files-mentioned-by-the-user-handoff\work\unified-mechanics-monograph\02 TECHNICAL PAPERS\13 The Logic of Physical Action (issued as Monograph II).docx,73a67259e18d06c78fa55bf4e2ecd41759949feed8a5fb6b1fd654dc584027bb,.docx,manuscript,17740,logical_action; personal_relativity; geometry_gravity; traversal_history; reproducibility; foundational_partition,DERIVED:3; ESTABLISHED:9; CONDITIONAL:8; PROPOSED:6; RESULT:24; OPEN:6; LIMIT:4; FAILED:1,I,"Logical action, systemhood, and lossless transcription",mapped_provisional,unreviewed,unreviewed,
MONOGRAPH/02 TECHNICAL PAPERS/13 The Logic of Physical Action (issued as Monograph II).pdf,C:\Users\joesh\Documents\Codex\2026-08-02\files-mentioned-by-the-user-handoff\work\unified-mechanics-monograph\02 TECHNICAL PAPERS\13 The Logic of Physical Action (issued as Monograph II).pdf,dde68f7a96e0bdf769d229438888f25c3cc5ca97bd0b9367e687207d7afec423,.pdf,manuscript,18923,logical_action; personal_relativity; geometry_gravity; traversal_history; reproducibility; foundational_partition,DERIVED:3; ESTABLISHED:9; CONDITIONAL:8; PROPOSED:6; RESULT:24; OPEN:6; LIMIT:4; FAILED:1,I,"Logical action, systemhood, and lossless transcription",mapped_provisional,unreviewed,unreviewed,
MONOGRAPH/02 TECHNICAL PAPERS/14 Before the Form — Spencer-Brown and Traversal.docx,C:\Users\joesh\Documents\Codex\2026-08-02\files-mentioned-by-the-user-handoff\work\unified-mechanics-monograph\02 TECHNICAL PAPERS\14 Before the Form — Spencer-Brown and Traversal.docx,cd82c0c1b1deeedda89e3a28577799f3a85058fb6aadadce089b5dbc8285e3a8,.docx,manuscript,1802,logical_action; traversal_history; personal_relativity; reproducibility,ESTABLISHED:4; RESULT:1; OPEN:1; FAILED:1,I,"Logical action, systemhood, and lossless transcription",mapped_provisional,unreviewed,unreviewed,
MONOGRAPH/02 TECHNICAL PAPERS/14 Before the Form — Spencer-Brown and Traversal.pdf,C:\Users\joesh\Documents\Codex\2026-08-02\files-mentioned-by-the-user-handoff\work\unified-mechanics-monograph\02 TECHNICAL PAPERS\14 Before the Form — Spencer-Brown and Traversal.pdf,c9fa7113eb59e2278af608e9d33ae4cae0a2d04aa8c70a8cafcfa0449d0c70c4,.pdf,manuscript,1818,logical_action; traversal_history; personal_relativity; reproducibility,ESTABLISHED:4; RESULT:1; OPEN:1; FAILED:1,I,"Logical action, systemhood, and lossless transcription",mapped_provisional,unreviewed,unreviewed,
MONOGRAPH/02 TECHNICAL PAPERS/15 Bounded Possibility.docx,C:\Users\joesh\Documents\Codex\2026-08-02\files-mentioned-by-the-user-handoff\work\unified-mechanics-monograph\02 TECHNICAL PAPERS\15 Bounded Possibility.docx,48299c509c82860a92a2be9008d833b7512412d2e5975b167dec2e70360a11f0,.docx,manuscript,2681,traversal_history; logical_action; personal_relativity; reproducibility,ESTABLISHED:5; PROPOSED:4; OPEN:13,I,"Logical action, systemhood, and lossless transcription",mapped_provisional,unreviewed,unreviewed,
MONOGRAPH/02 TECHNICAL PAPERS/15 Bounded Possibility.pdf,C:\Users\joesh\Documents\Codex\2026-08-02\files-mentioned-by-the-user-handoff\work\unified-mechanics-monograph\02 TECHNICAL PAPERS\15 Bounded Possibility.pdf,79699b231ae20dde83d6ae4fd05715d92d3e626fce5dc9b657f7db62a12253c0,.pdf,manuscript,2687,traversal_history; logical_action; personal_relativity; reproducibility,ESTABLISHED:5; PROPOSED:4; OPEN:13,I,"Logical action, systemhood, and lossless transcription",mapped_provisional,unreviewed,unreviewed,
MONOGRAPH/02 TECHNICAL PAPERS/16 Principles of Observation and Mechanical Observation.docx,C:\Users\joesh\Documents\Codex\2026-08-02\files-mentioned-by-the-user-handoff\work\unified-mechanics-monograph\02 TECHNICAL PAPERS\16 Principles of Observation and Mechanical Observation.docx,fe30a24ff1e4b5a25d0ed8f5f729461d9c16971cae4ff10ccb25d8c2fdaf450f,.docx,manuscript,3601,personal_relativity; logical_action; reproducibility; geometry_gravity,CONDITIONAL:6; PROPOSED:3; RESULT:4,I; III,Observation and mechanical readout,mapped_provisional,unreviewed,unreviewed,
MONOGRAPH/02 TECHNICAL PAPERS/16 Principles of Observation and Mechanical Observation.pdf,C:\Users\joesh\Documents\Codex\2026-08-02\files-mentioned-by-the-user-handoff\work\unified-mechanics-monograph\02 TECHNICAL PAPERS\16 Principles of Observation and Mechanical Observation.pdf,5c8c2d2a61f26451b9725ab2041dccf8c6a7afe520216bc2e95c56eb1946314e,.pdf,manuscript,3665,personal_relativity; logical_action; reproducibility; geometry_gravity,CONDITIONAL:6; PROPOSED:3; RESULT:4,I; III,Observation and mechanical readout,mapped_provisional,unreviewed,unreviewed,
MONOGRAPH/02 TECHNICAL PAPERS/17 Field Assembly and Lossless Transcription.docx,C:\Users\joesh\Documents\Codex\2026-08-02\files-mentioned-by-the-user-handoff\work\unified-mechanics-monograph\02 TECHNICAL PAPERS\17 Field Assembly and Lossless Transcription.docx,d5748ff4b67fbfdc0545f4fad66fcd24852686eda19e187c66389c7af62834c1,.docx,manuscript,5670,logical_action; reproducibility; personal_relativity; colour_field; geometry_gravity; traversal_history,PROVED:9; CONDITIONAL:1; PROPOSED:10; PREDICTION:2; RESULT:5; OPEN:3; FAILED:1,I,"Logical action, systemhood, and lossless transcription",mapped_provisional,unreviewed,unreviewed,
MONOGRAPH/02 TECHNICAL PAPERS/17 Field Assembly and Lossless Transcription.pdf,C:\Users\joesh\Documents\Codex\2026-08-02\files-mentioned-by-the-user-handoff\work\unified-mechanics-monograph\02 TECHNICAL PAPERS\17 Field Assembly and Lossless Transcription.pdf,69a44f277d9930f15499fbd1c98e2aae802784eade11d505ff6edf5fce474c5a,.pdf,manuscript,6277,logical_action; reproducibility; personal_relativity; colour_field; geometry_gravity; traversal_history,PROVED:9; CONDITIONAL:1; PROPOSED:10; PREDICTION:2; RESULT:6; OPEN:3; FAILED:1,I,"Logical action, systemhood, and lossless transcription",mapped_provisional,unreviewed,unreviewed,
MONOGRAPH/02 TECHNICAL PAPERS/18 The Quantised Crossing and the Closure of the Open Ledger.docx,C:\Users\joesh\Documents\Codex\2026-08-02\files-mentioned-by-the-user-handoff\work\unified-mechanics-monograph\02 TECHNICAL PAPERS\18 The Quantised Crossing and the Closure of the Open Ledger.docx,0df516ae99936324219680c53b607bf446ebfd58501f63072bba66eb1366d6b8,.docx,manuscript,2625,personal_relativity; logical_action; reproducibility; colour_field; traversal_history; cosmology,PROVED:10; DERIVED:1; ESTABLISHED:4; CONDITIONAL:2; PROPOSED:5; RESULT:2; OPEN:12; DISSOLVED:3; FAILED:1,III,"Quantised crossing, records, and closing ledger",mapped_provisional,unreviewed,unreviewed,
MONOGRAPH/02 TECHNICAL PAPERS/18 The Quantised Crossing and the Closure of the Open Ledger.pdf,C:\Users\joesh\Documents\Codex\2026-08-02\files-mentioned-by-the-user-handoff\work\unified-mechanics-monograph\02 TECHNICAL PAPERS\18 The Quantised Crossing and the Closure of the Open Ledger.pdf,9375055578d2db98829e9471b6bd9607c57af4ef4816a48609f76cc9066701ee,.pdf,manuscript,2742,personal_relativity; logical_action; reproducibility; colour_field; traversal_history; cosmology,PROVED:10; DERIVED:1; ESTABLISHED:4; CONDITIONAL:2; PROPOSED:5; RESULT:2; OPEN:12; DISSOLVED:3; FAILED:1,III,"Quantised crossing, records, and closing ledger",mapped_provisional,unreviewed,unreviewed,
MONOGRAPH/02 TECHNICAL PAPERS/19 The Closing Ledger.docx,C:\Users\joesh\Documents\Codex\2026-08-02\files-mentioned-by-the-user-handoff\work\unified-mechanics-monograph\02 TECHNICAL PAPERS\19 The Closing Ledger.docx,abce6c244498ce90a1e14efa8e087644d86dab8986803feaf1d5c167b8c3683e,.docx,manuscript,2566,personal_relativity; reproducibility; logical_action; cosmology; geometry_gravity; traversal_history,PROVED:7; ESTABLISHED:2; CONDITIONAL:1; PROPOSED:4; PREDICTION:1; OPEN:9; DISSOLVED:7; REFUTED:1,III,"Quantised crossing, records, and closing ledger",mapped_provisional,unreviewed,unreviewed,
MONOGRAPH/02 TECHNICAL PAPERS/19 The Closing Ledger.pdf,C:\Users\joesh\Documents\Codex\2026-08-02\files-mentioned-by-the-user-handoff\work\unified-mechanics-monograph\02 TECHNICAL PAPERS\19 The Closing Ledger.pdf,d94af56fa81b98625bce1b219087b2445134b1b44abf9ae4cb3e909ddcee461a,.pdf,manuscript,2686,personal_relativity; reproducibility; logical_action; cosmology; geometry_gravity; traversal_history,PROVED:7; ESTABLISHED:2; CONDITIONAL:1; PROPOSED:4; PREDICTION:1; OPEN:9; DISSOLVED:7; REFUTED:1,III,"Quantised crossing, records, and closing ledger",mapped_provisional,unreviewed,unreviewed,
MONOGRAPH/02 TECHNICAL PAPERS/20 The Forward Closure.docx,C:\Users\joesh\Documents\Codex\2026-08-02\files-mentioned-by-the-user-handoff\work\unified-mechanics-monograph\02 TECHNICAL PAPERS\20 The Forward Closure.docx,987205b7043d27c0673b877367e26a2a2929c8141709947acaa1a8c8bd348ef7,.docx,manuscript,6185,geometry_gravity; reproducibility; traversal_history; logical_action; foundational_partition; personal_relativity,PROVED:16; DERIVED:7; ESTABLISHED:2; CONDITIONAL:9; PROPOSED:7; PREDICTION:1; RESULT:8; OPEN:23; DISSOLVED:4,II,"Carrier, reduction, geometry, and physical sectors",mapped_provisional,unreviewed,unreviewed,
MONOGRAPH/02 TECHNICAL PAPERS/20 The Forward Closure.pdf,C:\Users\joesh\Documents\Codex\2026-08-02\files-mentioned-by-the-user-handoff\work\unified-mechanics-monograph\02 TECHNICAL PAPERS\20 The Forward Closure.pdf,9c24c95a4ed78642fd8f4d7e7e3cc3052084ffedd4707938c1c90d779aa19190,.pdf,manuscript,6330,geometry_gravity; reproducibility; logical_action; traversal_history; foundational_partition; personal_relativity,PROVED:16; DERIVED:7; ESTABLISHED:2; CONDITIONAL:9; PROPOSED:7; PREDICTION:1; RESULT:8; OPEN:23; DISSOLVED:4,II,"Carrier, reduction, geometry, and physical sectors",mapped_provisional,unreviewed,unreviewed,
MONOGRAPH/02 TECHNICAL PAPERS/21 The Rank-Three Decay.docx,C:\Users\joesh\Documents\Codex\2026-08-02\files-mentioned-by-the-user-handoff\work\unified-mechanics-monograph\02 TECHNICAL PAPERS\21 The Rank-Three Decay.docx,c287003bce21147c1ac98e13ece3bbf17ee41c97f5cac99f1bb89c54b581c3e6,.docx,manuscript,4015,reproducibility; cosmology; personal_relativity; chiral_dynamics; matter_atomic; geometry_gravity,PROVED:15; CONDITIONAL:5; PROPOSED:3; PREDICTION:1; RESULT:14; OPEN:6,II,"Carrier, reduction, geometry, and physical sectors",mapped_provisional,unreviewed,unreviewed,
MONOGRAPH/02 TECHNICAL PAPERS/21 The Rank-Three Decay.pdf,C:\Users\joesh\Documents\Codex\2026-08-02\files-mentioned-by-the-user-handoff\work\unified-mechanics-monograph\02 TECHNICAL PAPERS\21 The Rank-Three Decay.pdf,11dc724074c96183379af2f05052a9230fc2e3dee930592bdd081569368e68d5,.pdf,manuscript,4127,reproducibility; cosmology; personal_relativity; matter_atomic; chiral_dynamics; geometry_gravity,PROVED:15; CONDITIONAL:4; PROPOSED:3; PREDICTION:1; RESULT:14; OPEN:6,II,"Carrier, reduction, geometry, and physical sectors",mapped_provisional,unreviewed,unreviewed,
MONOGRAPH/02 TECHNICAL PAPERS/22 Chirality from the Arrow.docx,C:\Users\joesh\Documents\Codex\2026-08-02\files-mentioned-by-the-user-handoff\work\unified-mechanics-monograph\02 TECHNICAL PAPERS\22 Chirality from the Arrow.docx,e869d362eb3433d6206b03ea2c1b1c3bd44a2c14e1ccf9847dcc47041c97ae7d,.docx,manuscript,2822,chiral_dynamics; reproducibility; personal_relativity; traversal_history; geometry_gravity; foundational_partition,PROVED:8; CONDITIONAL:1; PROPOSED:8; RESULT:10; OPEN:4; WITHDRAWN:1,II,"Carrier, reduction, geometry, and physical sectors",mapped_provisional,unreviewed,unreviewed,
MONOGRAPH/02 TECHNICAL PAPERS/22 Chirality from the Arrow.pdf,C:\Users\joesh\Documents\Codex\2026-08-02\files-mentioned-by-the-user-handoff\work\unified-mechanics-monograph\02 TECHNICAL PAPERS\22 Chirality from the Arrow.pdf,26c8ec7f66cf5ff116505d5a4a0732bc4110c00b23204b85a3ce12cffbefcaec,.pdf,manuscript,2922,chiral_dynamics; reproducibility; personal_relativity; traversal_history; geometry_gravity; foundational_partition,PROVED:8; CONDITIONAL:1; PROPOSED:8; RESULT:10; OPEN:4; WITHDRAWN:1,II,"Carrier, reduction, geometry, and physical sectors",mapped_provisional,unreviewed,unreviewed,
MONOGRAPH/02 TECHNICAL PAPERS/23 The Design Strength of the Carrier.docx,C:\Users\joesh\Documents\Codex\2026-08-02\files-mentioned-by-the-user-handoff\work\unified-mechanics-monograph\02 TECHNICAL PAPERS\23 The Design Strength of the Carrier.docx,019b4b12c7cb27e25d6394db5a0e84bd6482a805ec70274348467b4a1edd9c59,.docx,manuscript,1418,least_action_field; traversal_history; reproducibility,PROVED:1; DERIVED:1; RESULT:7; OPEN:2,II,"Carrier, reduction, geometry, and physical sectors",mapped_provisional,unreviewed,unreviewed,
MONOGRAPH/02 TECHNICAL PAPERS/23 The Design Strength of the Carrier.pdf,C:\Users\joesh\Documents\Codex\2026-08-02\files-mentioned-by-the-user-handoff\work\unified-mechanics-monograph\02 TECHNICAL PAPERS\23 The Design Strength of the Carrier.pdf,be1812e5908ceeee90553e3b7dbf07fb5b2ecb26ee74e9dce1e52622ac97013f,.pdf,manuscript,1512,least_action_field; traversal_history; reproducibility,PROVED:1; DERIVED:1; RESULT:7; OPEN:2,II,"Carrier, reduction, geometry, and physical sectors",mapped_provisional,unreviewed,unreviewed,
"MONOGRAPH/02 TECHNICAL PAPERS/24 What It Now Claims, and What Would End It.docx","C:\Users\joesh\Documents\Codex\2026-08-02\files-mentioned-by-the-user-handoff\work\unified-mechanics-monograph\02 TECHNICAL PAPERS\24 What It Now Claims, and What Would End It.docx",320b76deb620e985fef6afbecd237471ee77f8a9929897962e9fde3cfda099bb,.docx,manuscript,3361,cosmology; geometry_gravity; personal_relativity; reproducibility; chiral_dynamics; foundational_partition,PROVED:6; DERIVED:2; CONDITIONAL:4; PROPOSED:3; PREDICTION:3; RESULT:6; OPEN:8; DISSOLVED:1,II; IV; V,"Capstone claims, phenomenology, and defeat conditions",mapped_provisional,unreviewed,unreviewed,
"MONOGRAPH/02 TECHNICAL PAPERS/24 What It Now Claims, and What Would End It.pdf","C:\Users\joesh\Documents\Codex\2026-08-02\files-mentioned-by-the-user-handoff\work\unified-mechanics-monograph\02 TECHNICAL PAPERS\24 What It Now Claims, and What Would End It.pdf",39c9ddd32b6b4a26a5fc8814136c1af5721dcb55356109dd6b92c31e0b3e9f22,.pdf,manuscript,3480,cosmology; geometry_gravity; personal_relativity; reproducibility; chiral_dynamics; foundational_partition,PROVED:6; DERIVED:2; CONDITIONAL:4; PROPOSED:3; PREDICTION:3; RESULT:6; OPEN:8; DISSOLVED:1,II; IV; V,"Capstone claims, phenomenology, and defeat conditions",mapped_provisional,unreviewed,unreviewed,
MONOGRAPH/02 TECHNICAL PAPERS/25 The Matter Action.docx,C:\Users\joesh\Documents\Codex\2026-08-02\files-mentioned-by-the-user-handoff\work\unified-mechanics-monograph\02 TECHNICAL PAPERS\25 The Matter Action.docx,b562955f2ce28996a73673d25e265016e168c4ef921e3ca594b405c9c732f767,.docx,manuscript,1824,geometry_gravity; reproducibility; cosmology; personal_relativity; chiral_dynamics; foundational_partition,PROVED:1; DERIVED:2; PROPOSED:3; RESULT:1; OPEN:1,II,"Carrier, reduction, geometry, and physical sectors",mapped_provisional,unreviewed,unreviewed,
MONOGRAPH/02 TECHNICAL PAPERS/25 The Matter Action.pdf,C:\Users\joesh\Documents\Codex\2026-08-02\files-mentioned-by-the-user-handoff\work\unified-mechanics-monograph\02 TECHNICAL PAPERS\25 The Matter Action.pdf,a26ecf19c617b276fefb7e48dd8a3a131e30d5d220eed5f8a99ae9794d279c01,.pdf,manuscript,1922,geometry_gravity; reproducibility; cosmology; personal_relativity; chiral_dynamics; foundational_partition,PROVED:1; DERIVED:2; PROPOSED:3; RESULT:1; OPEN:1,II,"Carrier, reduction, geometry, and physical sectors",mapped_provisional,unreviewed,unreviewed,
MONOGRAPH/02 TECHNICAL PAPERS/26 Forcing the Rest.docx,C:\Users\joesh\Documents\Codex\2026-08-02\files-mentioned-by-the-user-handoff\work\unified-mechanics-monograph\02 TECHNICAL PAPERS\26 Forcing the Rest.docx,a8c5dc44bb3c925d58a94cabe505fb20e3200e742ed044f77fe73fe6c41f00c6,.docx,manuscript,1983,cosmology; geometry_gravity; personal_relativity; reproducibility; matter_atomic; foundational_partition,PROVED:4; CONDITIONAL:8; PROPOSED:2; PREDICTION:1; RESULT:8; OPEN:1,II,"Carrier, reduction, geometry, and physical sectors",mapped_provisional,unreviewed,unreviewed,
MONOGRAPH/02 TECHNICAL PAPERS/26 Forcing the Rest.pdf,C:\Users\joesh\Documents\Codex\2026-08-02\files-mentioned-by-the-user-handoff\work\unified-mechanics-monograph\02 TECHNICAL PAPERS\26 Forcing the Rest.pdf,728098ccc0d222e56b7bf58877331eb18d60eda1a1fdd310b769910118c476c4,.pdf,manuscript,2081,cosmology; geometry_gravity; personal_relativity; reproducibility; matter_atomic; foundational_partition,PROVED:4; CONDITIONAL:8; PROPOSED:2; PREDICTION:1; RESULT:8; OPEN:1,II,"Carrier, reduction, geometry, and physical sectors",mapped_provisional,unreviewed,unreviewed,
MONOGRAPH/03 COMPANION/Companion 1 — The Semantic Word System.pdf,C:\Users\joesh\Documents\Codex\2026-08-02\files-mentioned-by-the-user-handoff\work\unified-mechanics-monograph\03 COMPANION\Companion 1 — The Semantic Word System.pdf,15126a66e437433fd18d035545e1ad772a84559e5a2d3eb9029690989162a2db,.pdf,manuscript,2409,logical_action; foundational_partition; reproducibility; geometry_gravity; personal_relativity; traversal_history,CONDITIONAL:1; RESULT:2,I,Logical action and system foundations,mapped_provisional,unreviewed,unreviewed,
MONOGRAPH/03 COMPANION/Companion 2 — The Snowflake Observatory (interactive).html,C:\Users\joesh\Documents\Codex\2026-08-02\files-mentioned-by-the-user-handoff\work\unified-mechanics-monograph\03 COMPANION\Companion 2 — The Snowflake Observatory (interactive).html,a769bf38765cd6da7b621ed3a200f368192846f0c1d736eb1887b411c92543a7,.html,implementation,5622,least_action_field; matter_atomic; personal_relativity; cosmology; foundational_partition; geometry_gravity,DERIVED:1,V,Reproducibility assets and computational provenance,mapped_provisional,unreviewed,unreviewed,
MONOGRAPH/03 COMPANION/Companion 3 — A Sentence Describing Itself (interactive).html,C:\Users\joesh\Documents\Codex\2026-08-02\files-mentioned-by-the-user-handoff\work\unified-mechanics-monograph\03 COMPANION\Companion 3 — A Sentence Describing Itself (interactive).html,acebf72e39ef5203b51482747ea5eda082d4853e93dc7b52961123441332c3a2,.html,implementation,6394,personal_relativity; matter_atomic; foundational_partition; reproducibility; least_action_field; logical_action,PROVED:4; ESTABLISHED:1; CONDITIONAL:1; PROPOSED:3; OPEN:1,V,Reproducibility assets and computational provenance,mapped_provisional,unreviewed,unreviewed,
MONOGRAPH/03 COMPANION/Companion 4 — A World of Distinctions (interactive monograph).html,C:\Users\joesh\Documents\Codex\2026-08-02\files-mentioned-by-the-user-handoff\work\unified-mechanics-monograph\03 COMPANION\Companion 4 — A World of Distinctions (interactive monograph).html,cb95cbf286022a45d91564c3faa0cd7d8ee9b582a97de0546455492e18bf207a,.html,implementation,37345,personal_relativity; reproducibility; logical_action; foundational_partition; traversal_history; geometry_gravity,PROVED:66; DERIVED:1; ESTABLISHED:9; CONDITIONAL:43; PROPOSED:98; RESULT:10; OPEN:75; LIMIT:7; FAILED:6,V,Reproducibility assets and computational provenance,mapped_provisional,unreviewed,unreviewed,
MONOGRAPH/03 COMPANION/The Bubble Field/00 STANDING ACCOUNT.md,C:\Users\joesh\Documents\Codex\2026-08-02\files-mentioned-by-the-user-handoff\work\unified-mechanics-monograph\03 COMPANION\The Bubble Field\00 STANDING ACCOUNT.md,f4aa93eb323d7e686173374d2f5ae94390ed31eb31aef5db2ad55a70e3460bfa,.md,orientation_or_ledger,1806,least_action_field; geometry_gravity; cosmology; foundational_partition; matter_atomic; personal_relativity,PROVED:2; DERIVED:2; CONDITIONAL:3; FORECAST:3; RESULT:1; OPEN:1; LIMIT:1; WITHDRAWN:2,II,"Least-action field, geometry, sources, and gravitation",mapped_provisional,unreviewed,unreviewed,
MONOGRAPH/03 COMPANION/The Bubble Field/01 Computations/15_the_bubble_field.json,C:\Users\joesh\Documents\Codex\2026-08-02\files-mentioned-by-the-user-handoff\work\unified-mechanics-monograph\03 COMPANION\The Bubble Field\01 Computations\15_the_bubble_field.json,34b66873f00c8c9247fdb186a5ca3d27c39bee9bae708fa41c8655484dd4ccc5,.json,data_or_certificate,277,geometry_gravity; least_action_field; cosmology,DERIVED:2; OPEN:1,V,Reproducibility assets and computational provenance,mapped_provisional,unreviewed,unreviewed,
MONOGRAPH/03 COMPANION/The Bubble Field/01 Computations/audit_closure_attack_results.json,C:\Users\joesh\Documents\Codex\2026-08-02\files-mentioned-by-the-user-handoff\work\unified-mechanics-monograph\03 COMPANION\The Bubble Field\01 Computations\audit_closure_attack_results.json,4757f38f65b6ec1bbd1e39620c6ed3e0484d9da36087a73c73ecada714b5af15,.json,data_or_certificate,209,geometry_gravity; cosmology; matter_atomic; reproducibility,DERIVED:1; WITHDRAWN:1,V,Reproducibility assets and computational provenance,mapped_provisional,unreviewed,unreviewed,
MONOGRAPH/03 COMPANION/The Bubble Field/01 Computations/bubble_field.py,C:\Users\joesh\Documents\Codex\2026-08-02\files-mentioned-by-the-user-handoff\work\unified-mechanics-monograph\03 COMPANION\The Bubble Field\01 Computations\bubble_field.py,e38d3e3fc2051010dc14d3e2da92ff7cb8b7251dd71fd54cc608237fb53f5063,.py,implementation,2921,geometry_gravity; least_action_field; cosmology; reproducibility; colour_field,DERIVED:4; ESTABLISHED:2; PREDICTION:1; RESULT:1; OPEN:2; LIMIT:1,V,Reproducibility assets and computational provenance,mapped_provisional,unreviewed,unreviewed,
MONOGRAPH/03 COMPANION/The Bubble Field/01 Computations/bubble_field_closure_attack_results.json,C:\Users\joesh\Documents\Codex\2026-08-02\files-mentioned-by-the-user-handoff\work\unified-mechanics-monograph\03 COMPANION\The Bubble Field\01 Computations\bubble_field_closure_attack_results.json,2ba53bbcc230ef42f1fdf03209045c1b6fb721df0946aa986b98676e2fbd5d30,.json,data_or_certificate,876,cosmology; least_action_field; geometry_gravity; matter_atomic; traversal_history; reproducibility,DERIVED:1; CONDITIONAL:3; PREDICTION:1; LIMIT:1,V,Reproducibility assets and computational provenance,mapped_provisional,unreviewed,unreviewed,
MONOGRAPH/03 COMPANION/The Bubble Field/01 Computations/bubble_field_results.json,C:\Users\joesh\Documents\Codex\2026-08-02\files-mentioned-by-the-user-handoff\work\unified-mechanics-monograph\03 COMPANION\The Bubble Field\01 Computations\bubble_field_results.json,7f0c5050aee92785246298a5b53b22d7c2f1f590992ff264e27c78e96498f44e,.json,data_or_certificate,277,geometry_gravity; least_action_field; cosmology,DERIVED:2; OPEN:1,V,Reproducibility assets and computational provenance,mapped_provisional,unreviewed,unreviewed,
MONOGRAPH/03 COMPANION/The Bubble Field/01 Computations/bubble_field_rigorous_results.json,C:\Users\joesh\Documents\Codex\2026-08-02\files-mentioned-by-the-user-handoff\work\unified-mechanics-monograph\03 COMPANION\The Bubble Field\01 Computations\bubble_field_rigorous_results.json,3758b09d5b963c1325e71360e7c4342a75663bbef2b99c66e5f23d6a95ec5d74,.json,data_or_certificate,403,geometry_gravity; cosmology; least_action_field; matter_atomic,PROVED:1; DERIVED:4; PROPOSED:2,V,Reproducibility assets and computational provenance,mapped_provisional,unreviewed,unreviewed,
MONOGRAPH/03 COMPANION/The Bubble Field/01 Computations/exercising_the_field_results.json,C:\Users\joesh\Documents\Codex\2026-08-02\files-mentioned-by-the-user-handoff\work\unified-mechanics-monograph\03 COMPANION\The Bubble Field\01 Computations\exercising_the_field_results.json,d202078c4715eba7c676d18175ad0c6914236aaf8197250907800aad4c5e216d,.json,data_or_certificate,316,cosmology; least_action_field,,V,Reproducibility assets and computational provenance,mapped_provisional,unreviewed,unreviewed,
MONOGRAPH/03 COMPANION/The Bubble Field/01 Computations/three_part_bubble_results.json,C:\Users\joesh\Documents\Codex\2026-08-02\files-mentioned-by-the-user-handoff\work\unified-mechanics-monograph\03 COMPANION\The Bubble Field\01 Computations\three_part_bubble_results.json,f04ce30b1a1b7d8ab98426fcdc3896a7e5ddd94fd476dab674d7d254a1307d35,.json,data_or_certificate,284,geometry_gravity; foundational_partition,,V,Reproducibility assets and computational provenance,mapped_provisional,unreviewed,unreviewed,
MONOGRAPH/03 COMPANION/The Bubble Field/01 Computations/verify_review_results.json,C:\Users\joesh\Documents\Codex\2026-08-02\files-mentioned-by-the-user-handoff\work\unified-mechanics-monograph\03 COMPANION\The Bubble Field\01 Computations\verify_review_results.json,d2699a5c802c0f76adfb7b7dbc617256431ab35990c5ce15f28d7da7decfd8a9,.json,data_or_certificate,257,geometry_gravity; least_action_field,DERIVED:2; RESULT:1; OPEN:1,V,Reproducibility assets and computational provenance,mapped_provisional,unreviewed,unreviewed,
MONOGRAPH/03 COMPANION/The Bubble Field/02 Interactive/universal-field-exoplanet-lab.html,C:\Users\joesh\Documents\Codex\2026-08-02\files-mentioned-by-the-user-handoff\work\unified-mechanics-monograph\03 COMPANION\The Bubble Field\02 Interactive\universal-field-exoplanet-lab.html,7698af2f17e1afc7755f6cdd6f89c94660134d8517fce2ed88d12698b3a4a3a7,.html,implementation,5566,geometry_gravity; least_action_field; reproducibility; colour_field; matter_atomic,CONDITIONAL:3,V,Reproducibility assets and computational provenance,mapped_provisional,unreviewed,unreviewed,
MONOGRAPH/03 COMPANION/The Bubble Field/02 Interactive/universal-field-solar-system.html,C:\Users\joesh\Documents\Codex\2026-08-02\files-mentioned-by-the-user-handoff\work\unified-mechanics-monograph\03 COMPANION\The Bubble Field\02 Interactive\universal-field-solar-system.html,82ad0f238e7f30b468be1223d82252e890b9299c3b02dfbfc00c1eb1f44c24cd,.html,implementation,6830,matter_atomic; geometry_gravity; logical_action; reproducibility; traversal_history; least_action_field,ESTABLISHED:3; OPEN:4,V,Reproducibility assets and computational provenance,mapped_provisional,unreviewed,unreviewed,
MONOGRAPH/04 REPRODUCIBILITY/application notes/Application 01 — The Realisation Compiler (Stellar Carbon–Oxygen Example).pdf,C:\Users\joesh\Documents\Codex\2026-08-02\files-mentioned-by-the-user-handoff\work\unified-mechanics-monograph\04 REPRODUCIBILITY\application notes\Application 01 — The Realisation Compiler (Stellar Carbon–Oxygen Example).pdf,58cef29bba58c4e124988a11cb7d7f10f22b5f33bb16dc184a17beb1b385c315,.pdf,manuscript,4936,personal_relativity; matter_atomic; traversal_history; logical_action; reproducibility; geometry_gravity,PROVED:1; DERIVED:7; ESTABLISHED:8; CONDITIONAL:4; PROPOSED:2; PREDICTION:5; RESULT:6; OPEN:1; FAILED:3,III,Observer resolution and readout,mapped_provisional,unreviewed,unreviewed,
MONOGRAPH/04 REPRODUCIBILITY/application notes/Application 02 — The Processing-Machine Motif and a Neuronal Test.docx,C:\Users\joesh\Documents\Codex\2026-08-02\files-mentioned-by-the-user-handoff\work\unified-mechanics-monograph\04 REPRODUCIBILITY\application notes\Application 02 — The Processing-Machine Motif and a Neuronal Test.docx,c14fdc6ebc3d9397480c6f46fd3fb91c8d15c6510a27a73cbe2a3ab8e99213ec,.docx,manuscript,1724,personal_relativity; foundational_partition; matter_atomic,ESTABLISHED:4; RESULT:3; OPEN:1; FAILED:1,III,Observer resolution and readout,mapped_provisional,unreviewed,unreviewed,
MONOGRAPH/04 REPRODUCIBILITY/application notes/Application 02 — The Processing-Machine Motif and a Neuronal Test.pdf,C:\Users\joesh\Documents\Codex\2026-08-02\files-mentioned-by-the-user-handoff\work\unified-mechanics-monograph\04 REPRODUCIBILITY\application notes\Application 02 — The Processing-Machine Motif and a Neuronal Test.pdf,73bccee62a49c6434394cc75d259944ecfe7de8378f5ec3d86e90eac13fa7c26,.pdf,manuscript,2000,personal_relativity; foundational_partition; matter_atomic,ESTABLISHED:4; RESULT:2; OPEN:1; FAILED:1,III,Observer resolution and readout,mapped_provisional,unreviewed,unreviewed,
MONOGRAPH/04 REPRODUCIBILITY/application notes/Application 03 — The Accumulating-History Extraction (Cortical Neurogenesis).docx,C:\Users\joesh\Documents\Codex\2026-08-02\files-mentioned-by-the-user-handoff\work\unified-mechanics-monograph\04 REPRODUCIBILITY\application notes\Application 03 — The Accumulating-History Extraction (Cortical Neurogenesis).docx,c21a8a0e1dcc54b1b3fca2e728a46ac719ad2f92db4b7d3f31f876f51cba0ea5,.docx,manuscript,1502,least_action_field; personal_relativity; cosmology; geometry_gravity,RESULT:1; OPEN:1,II,Least-action field,mapped_provisional,unreviewed,unreviewed,
MONOGRAPH/04 REPRODUCIBILITY/application notes/Application 03 — The Accumulating-History Extraction (Cortical Neurogenesis).pdf,C:\Users\joesh\Documents\Codex\2026-08-02\files-mentioned-by-the-user-handoff\work\unified-mechanics-monograph\04 REPRODUCIBILITY\application notes\Application 03 — The Accumulating-History Extraction (Cortical Neurogenesis).pdf,251ab455edded5716bb5750434a87757757806d97c9e797e52309b99f5eb677c,.pdf,manuscript,1799,least_action_field; personal_relativity; cosmology; geometry_gravity,RESULT:1; OPEN:1,II,Least-action field,mapped_provisional,unreviewed,unreviewed,
MONOGRAPH/04 REPRODUCIBILITY/application notes/Application 04 — The Balanced-Turnover Test (Subgranular Zone).docx,C:\Users\joesh\Documents\Codex\2026-08-02\files-mentioned-by-the-user-handoff\work\unified-mechanics-monograph\04 REPRODUCIBILITY\application notes\Application 04 — The Balanced-Turnover Test (Subgranular Zone).docx,d0d04f86d54d44cf3d0bc40d635f7123f607b3f435496d0b79ae7f6ca71ec4f3,.docx,manuscript,1404,least_action_field; foundational_partition; personal_relativity; cosmology; geometry_gravity,DERIVED:1; PREDICTION:1; RESULT:5; OPEN:1; FAILED:3,II,Least-action field,mapped_provisional,unreviewed,unreviewed,
MONOGRAPH/04 REPRODUCIBILITY/application notes/Application 04 — The Balanced-Turnover Test (Subgranular Zone).pdf,C:\Users\joesh\Documents\Codex\2026-08-02\files-mentioned-by-the-user-handoff\work\unified-mechanics-monograph\04 REPRODUCIBILITY\application notes\Application 04 — The Balanced-Turnover Test (Subgranular Zone).pdf,e532b9d926e896904bb84fbdb34e3031b9089effd9da1855a52d585292f25c3b,.pdf,manuscript,1652,least_action_field; foundational_partition; personal_relativity; cosmology; geometry_gravity,DERIVED:1; PREDICTION:1; RESULT:5; OPEN:1; FAILED:3,II,Least-action field,mapped_provisional,unreviewed,unreviewed,
MONOGRAPH/04 REPRODUCIBILITY/certificates/chirality_certificate.json,C:\Users\joesh\Documents\Codex\2026-08-02\files-mentioned-by-the-user-handoff\work\unified-mechanics-monograph\04 REPRODUCIBILITY\certificates\chirality_certificate.json,3af0e340be4d2e33cbfb7d80fa5e68e75d496b6776b3ee7358ba6f9753d15a16,.json,data_or_certificate,70,foundational_partition; geometry_gravity,,V,Reproducibility assets and computational provenance,mapped_provisional,unreviewed,unreviewed,
MONOGRAPH/04 REPRODUCIBILITY/certificates/design_strength_certificate.json,C:\Users\joesh\Documents\Codex\2026-08-02\files-mentioned-by-the-user-handoff\work\unified-mechanics-monograph\04 REPRODUCIBILITY\certificates\design_strength_certificate.json,fc1eff3eb26e323e747b6a05eaffbce029b05600647c73c6576298f4f36cea48,.json,data_or_certificate,24,least_action_field,,V,Reproducibility assets and computational provenance,mapped_provisional,unreviewed,unreviewed,
MONOGRAPH/04 REPRODUCIBILITY/certificates/families_certificate.json,C:\Users\joesh\Documents\Codex\2026-08-02\files-mentioned-by-the-user-handoff\work\unified-mechanics-monograph\04 REPRODUCIBILITY\certificates\families_certificate.json,3f85ec8e2bfe0b941ca10f2788d71441f502acd2f17da21f0287c9264d5b67f5,.json,data_or_certificate,31,,,V,Reproducibility assets and computational provenance,mapped_provisional,unreviewed,unreviewed,
MONOGRAPH/04 REPRODUCIBILITY/certificates/forcing_certificate.json,C:\Users\joesh\Documents\Codex\2026-08-02\files-mentioned-by-the-user-handoff\work\unified-mechanics-monograph\04 REPRODUCIBILITY\certificates\forcing_certificate.json,fa55480ab1a022aec0e377db0271eb65a60679f4a01b10099103089f360a5353,.json,data_or_certificate,57,,DERIVED:1; PREDICTION:1,V,Reproducibility assets and computational provenance,mapped_provisional,unreviewed,unreviewed,
MONOGRAPH/04 REPRODUCIBILITY/certificates/graph_certificate.json,C:\Users\joesh\Documents\Codex\2026-08-02\files-mentioned-by-the-user-handoff\work\unified-mechanics-monograph\04 REPRODUCIBILITY\certificates\graph_certificate.json,d3c331c0959bd5b8cbd34bc71705d24236b66e6855123cb1e70bcc028b60d69a,.json,data_or_certificate,146,cosmology,RESULT:1,V,Reproducibility assets and computational provenance,mapped_provisional,unreviewed,unreviewed,
MONOGRAPH/04 REPRODUCIBILITY/certificates/hydrogen_certificate.json,C:\Users\joesh\Documents\Codex\2026-08-02\files-mentioned-by-the-user-handoff\work\unified-mechanics-monograph\04 REPRODUCIBILITY\certificates\hydrogen_certificate.json,d13d53ef7f9174a3978c199da0722d1b81b18e0f084149f18ac0dab749f40d30,.json,data_or_certificate,204,,,V,Reproducibility assets and computational provenance,mapped_provisional,unreviewed,unreviewed,
MONOGRAPH/04 REPRODUCIBILITY/certificates/lagrangian_certificate.json,C:\Users\joesh\Documents\Codex\2026-08-02\files-mentioned-by-the-user-handoff\work\unified-mechanics-monograph\04 REPRODUCIBILITY\certificates\lagrangian_certificate.json,8ef31dfdfdd6d112b4129ffa9640fc8afbd9fee04d9f3f1241805c13af88a48e,.json,data_or_certificate,59,cosmology,,V,Reproducibility assets and computational provenance,mapped_provisional,unreviewed,unreviewed,
MONOGRAPH/04 REPRODUCIBILITY/certificates/matter_action_certificate.json,C:\Users\joesh\Documents\Codex\2026-08-02\files-mentioned-by-the-user-handoff\work\unified-mechanics-monograph\04 REPRODUCIBILITY\certificates\matter_action_certificate.json,4eec0ee05c987b1798d75ad524647242e5379a52d90eb36a30366b82180cdea7,.json,data_or_certificate,216,geometry_gravity; cosmology,,V,Reproducibility assets and computational provenance,mapped_provisional,unreviewed,unreviewed,
MONOGRAPH/04 REPRODUCIBILITY/certificates/o1_closure_certificate.json,C:\Users\joesh\Documents\Codex\2026-08-02\files-mentioned-by-the-user-handoff\work\unified-mechanics-monograph\04 REPRODUCIBILITY\certificates\o1_closure_certificate.json,e3d7599e033b280c08d492ef810ad70071ab7293a2efded2eee17c9b0b206ab1,.json,data_or_certificate,43,,CONDITIONAL:2,V,Reproducibility assets and computational provenance,mapped_provisional,unreviewed,unreviewed,
MONOGRAPH/04 REPRODUCIBILITY/certificates/o1_o3_certificate.json,C:\Users\joesh\Documents\Codex\2026-08-02\files-mentioned-by-the-user-handoff\work\unified-mechanics-monograph\04 REPRODUCIBILITY\certificates\o1_o3_certificate.json,65c21fe0db5c69d26b9f277d01b8b3b6fe07576e47be3621f3555962a5ff356d,.json,data_or_certificate,43,geometry_gravity,,V,Reproducibility assets and computational provenance,mapped_provisional,unreviewed,unreviewed,
MONOGRAPH/04 REPRODUCIBILITY/certificates/o2_certificate.json,C:\Users\joesh\Documents\Codex\2026-08-02\files-mentioned-by-the-user-handoff\work\unified-mechanics-monograph\04 REPRODUCIBILITY\certificates\o2_certificate.json,161e446f759ba1bfceb4e47e8d43f5da20d0bdb3751270b58231346cebc54283,.json,data_or_certificate,132,,,V,Reproducibility assets and computational provenance,mapped_provisional,unreviewed,unreviewed,
MONOGRAPH/04 REPRODUCIBILITY/certificates/o2_elimination_certificate.json,C:\Users\joesh\Documents\Codex\2026-08-02\files-mentioned-by-the-user-handoff\work\unified-mechanics-monograph\04 REPRODUCIBILITY\certificates\o2_elimination_certificate.json,10a7b54c267a60cd360f0cc709e790ac16ad0916d2944e0b17984e7577b50c65,.json,data_or_certificate,157,,,V,Reproducibility assets and computational provenance,mapped_provisional,unreviewed,unreviewed,
MONOGRAPH/04 REPRODUCIBILITY/certificates/o4_certificate.json,C:\Users\joesh\Documents\Codex\2026-08-02\files-mentioned-by-the-user-handoff\work\unified-mechanics-monograph\04 REPRODUCIBILITY\certificates\o4_certificate.json,7fec939c348efcaf09f7fef2f08e1037b4b50b0ae8c71069c08fe54f18af096a,.json,data_or_certificate,144,reproducibility,,V,Reproducibility assets and computational provenance,mapped_provisional,unreviewed,unreviewed,
MONOGRAPH/04 REPRODUCIBILITY/certificates/o4_closure_witness.json,C:\Users\joesh\Documents\Codex\2026-08-02\files-mentioned-by-the-user-handoff\work\unified-mechanics-monograph\04 REPRODUCIBILITY\certificates\o4_closure_witness.json,269989053714ee3b7d8384008fcee9caf55e9ffbc49463d3daa75078b45a2790,.json,data_or_certificate,2162,,,V,Reproducibility assets and computational provenance,mapped_provisional,unreviewed,unreviewed,
MONOGRAPH/04 REPRODUCIBILITY/certificates/o5_o6_certificate.json,C:\Users\joesh\Documents\Codex\2026-08-02\files-mentioned-by-the-user-handoff\work\unified-mechanics-monograph\04 REPRODUCIBILITY\certificates\o5_o6_certificate.json,57a3017961dd917e9a1bf4360f6cb16ac3c596fe4245e7581d1e00e2084936bb,.json,data_or_certificate,99,cosmology; geometry_gravity,,V,Reproducibility assets and computational provenance,mapped_provisional,unreviewed,unreviewed,
MONOGRAPH/04 REPRODUCIBILITY/certificates/o6_dark_energy_certificate.json,C:\Users\joesh\Documents\Codex\2026-08-02\files-mentioned-by-the-user-handoff\work\unified-mechanics-monograph\04 REPRODUCIBILITY\certificates\o6_dark_energy_certificate.json,4521bcdc4de74e51fe604ab3f98a24c4cf9aa6aa997b743b790d6d6f0f7b3e90,.json,data_or_certificate,168,cosmology,OPEN:1,V,Reproducibility assets and computational provenance,mapped_provisional,unreviewed,unreviewed,
MONOGRAPH/04 REPRODUCIBILITY/certificates/run_manifest.json,C:\Users\joesh\Documents\Codex\2026-08-02\files-mentioned-by-the-user-handoff\work\unified-mechanics-monograph\04 REPRODUCIBILITY\certificates\run_manifest.json,2fe982714a87bd55ef20acc4648468bb8fc2cb74f564cdd77c792e19f648b234,.json,data_or_certificate,2403,reproducibility; cosmology; least_action_field; geometry_gravity; chiral_dynamics; foundational_partition,PROVED:1; DERIVED:2; CONDITIONAL:2; RESULT:3; OPEN:2; FAILED:1,V,Reproducibility assets and computational provenance,mapped_provisional,unreviewed,unreviewed,
MONOGRAPH/04 REPRODUCIBILITY/data_manifest.csv,C:\Users\joesh\Documents\Codex\2026-08-02\files-mentioned-by-the-user-handoff\work\unified-mechanics-monograph\04 REPRODUCIBILITY\data_manifest.csv,18ae375a38887a8a6b7aee721af87f4547349adc72e8266ae38df525c394345a,.csv,data_or_certificate,264,cosmology; reproducibility; geometry_gravity,,V,Reproducibility assets and computational provenance,mapped_provisional,unreviewed,unreviewed,
MONOGRAPH/04 REPRODUCIBILITY/dependencies.csv,C:\Users\joesh\Documents\Codex\2026-08-02\files-mentioned-by-the-user-handoff\work\unified-mechanics-monograph\04 REPRODUCIBILITY\dependencies.csv,7af88e77c53687da4d53b1fe780b3c43debb2dca1e500eaec9b3f696b77c55f5,.csv,data_or_certificate,843,personal_relativity; cosmology; foundational_partition; logical_action; matter_atomic; reproducibility,PROVED:6; CONDITIONAL:4; RESULT:1; OPEN:2,V,Reproducibility assets and computational provenance,mapped_provisional,unreviewed,unreviewed,
MONOGRAPH/04 REPRODUCIBILITY/nodes.csv,C:\Users\joesh\Documents\Codex\2026-08-02\files-mentioned-by-the-user-handoff\work\unified-mechanics-monograph\04 REPRODUCIBILITY\nodes.csv,7eb191e7322a1fdfa573bee0fb5ef5d7d99592f8deadefed0c28c27fb16b67fd,.csv,data_or_certificate,581,personal_relativity; cosmology; foundational_partition; traversal_history; chiral_dynamics; colour_field,PROVED:35; CONDITIONAL:4; RESULT:39; OPEN:3,V,Reproducibility assets and computational provenance,mapped_provisional,unreviewed,unreviewed,
MONOGRAPH/04 REPRODUCIBILITY/requirements.txt,C:\Users\joesh\Documents\Codex\2026-08-02\files-mentioned-by-the-user-handoff\work\unified-mechanics-monograph\04 REPRODUCIBILITY\requirements.txt,1e42ae5551a93f32b390ddaf9e94c776444a762f0ddd7a937070cdb6b0b69b60,.txt,supporting_text,47,reproducibility; personal_relativity,,V,Methods and reproducibility,mapped_provisional,unreviewed,unreviewed,
MONOGRAPH/04 REPRODUCIBILITY/results/dev_cross.json,C:\Users\joesh\Documents\Codex\2026-08-02\files-mentioned-by-the-user-handoff\work\unified-mechanics-monograph\04 REPRODUCIBILITY\results\dev_cross.json,0a6e02f6cb6025356177380207144058b769df5af1b773d05cfd1f5313af0ad8,.json,data_or_certificate,6,,,V,Reproducibility assets and computational provenance,mapped_provisional,unreviewed,unreviewed,
MONOGRAPH/04 REPRODUCIBILITY/results/dev_result.json,C:\Users\joesh\Documents\Codex\2026-08-02\files-mentioned-by-the-user-handoff\work\unified-mechanics-monograph\04 REPRODUCIBILITY\results\dev_result.json,71e255d28fa11d96310dd7f24b94583a784cb955d53fbfff43945641123a29b9,.json,data_or_certificate,115,,,V,Reproducibility assets and computational provenance,mapped_provisional,unreviewed,unreviewed,
MONOGRAPH/04 REPRODUCIBILITY/results/interface_results.json,C:\Users\joesh\Documents\Codex\2026-08-02\files-mentioned-by-the-user-handoff\work\unified-mechanics-monograph\04 REPRODUCIBILITY\results\interface_results.json,f5f9f844b5d3015ddd4079343d4297ca3c64a578fa33efb149304467cf10889d,.json,data_or_certificate,83,,,V,Reproducibility assets and computational provenance,mapped_provisional,unreviewed,unreviewed,
MONOGRAPH/04 REPRODUCIBILITY/results/neuro_result.json,C:\Users\joesh\Documents\Codex\2026-08-02\files-mentioned-by-the-user-handoff\work\unified-mechanics-monograph\04 REPRODUCIBILITY\results\neuro_result.json,6e63a1fe7a7771fdfc50d6c0d3f7709caf99f43fa3dadb524f63c1143f295dd7,.json,data_or_certificate,925,,,V,Reproducibility assets and computational provenance,mapped_provisional,unreviewed,unreviewed,
MONOGRAPH/04 REPRODUCIBILITY/results/sgz_result.json,C:\Users\joesh\Documents\Codex\2026-08-02\files-mentioned-by-the-user-handoff\work\unified-mechanics-monograph\04 REPRODUCIBILITY\results\sgz_result.json,e6a67fb401e2159ec93d8d128a23e69ff9540bb8c49d90caef6a52427199bddf,.json,data_or_certificate,38,,,V,Reproducibility assets and computational provenance,mapped_provisional,unreviewed,unreviewed,
MONOGRAPH/04 REPRODUCIBILITY/results/sparc_results.json,C:\Users\joesh\Documents\Codex\2026-08-02\files-mentioned-by-the-user-handoff\work\unified-mechanics-monograph\04 REPRODUCIBILITY\results\sparc_results.json,0fbebbfee12579fd340114c323f79532488d424cc42955f3b1004021dbfeed5a,.json,data_or_certificate,83,,,V,Reproducibility assets and computational provenance,mapped_provisional,unreviewed,unreviewed,
MONOGRAPH/04 REPRODUCIBILITY/run_all.py,C:\Users\joesh\Documents\Codex\2026-08-02\files-mentioned-by-the-user-handoff\work\unified-mechanics-monograph\04 REPRODUCIBILITY\run_all.py,70f1ba3471ae603b821eed02811332570463da5536f156d5900b40fde6386d93,.py,implementation,711,reproducibility; personal_relativity; cosmology; chiral_dynamics,OPEN:2; FAILED:12,V,Reproducibility assets and computational provenance,mapped_provisional,unreviewed,unreviewed,
MONOGRAPH/04 REPRODUCIBILITY/scripts/chirality.py,C:\Users\joesh\Documents\Codex\2026-08-02\files-mentioned-by-the-user-handoff\work\unified-mechanics-monograph\04 REPRODUCIBILITY\scripts\chirality.py,ab8f33fc8cd794235b71208aa3881e631c519089c1c4f47a559187217f5bea34,.py,implementation,1101,foundational_partition; chiral_dynamics; traversal_history; geometry_gravity; personal_relativity; reproducibility,PROVED:1; OPEN:1,V,Reproducibility assets and computational provenance,mapped_provisional,unreviewed,unreviewed,
MONOGRAPH/04 REPRODUCIBILITY/scripts/chirality_certificate.json,C:\Users\joesh\Documents\Codex\2026-08-02\files-mentioned-by-the-user-handoff\work\unified-mechanics-monograph\04 REPRODUCIBILITY\scripts\chirality_certificate.json,8af8883b5d69f1c72489e5ea38810b9df351b2f2e370e185b3edb6cd33f50bce,.json,data_or_certificate,70,foundational_partition; geometry_gravity,,V,Reproducibility assets and computational provenance,mapped_provisional,unreviewed,unreviewed,
MONOGRAPH/04 REPRODUCIBILITY/scripts/design_strength.py,C:\Users\joesh\Documents\Codex\2026-08-02\files-mentioned-by-the-user-handoff\work\unified-mechanics-monograph\04 REPRODUCIBILITY\scripts\design_strength.py,a85a8914b253aa70dc24b30878e4b9c3a7161d1f5421d04d582be9f4a648996f,.py,implementation,530,least_action_field; reproducibility,DERIVED:1; OPEN:1,V,Reproducibility assets and computational provenance,mapped_provisional,unreviewed,unreviewed,
MONOGRAPH/04 REPRODUCIBILITY/scripts/dev_neurogenesis_test.py,C:\Users\joesh\Documents\Codex\2026-08-02\files-mentioned-by-the-user-handoff\work\unified-mechanics-monograph\04 REPRODUCIBILITY\scripts\dev_neurogenesis_test.py,c2d04cd7b8e2115f9ef5cdd3bcb505905c26be1bd35ac95466e77a7fe82dd549,.py,implementation,471,cosmology; least_action_field,RESULT:1,V,Reproducibility assets and computational provenance,mapped_provisional,unreviewed,unreviewed,
MONOGRAPH/04 REPRODUCIBILITY/scripts/distance_from_the_line.py,C:\Users\joesh\Documents\Codex\2026-08-02\files-mentioned-by-the-user-handoff\work\unified-mechanics-monograph\04 REPRODUCIBILITY\scripts\distance_from_the_line.py,d2a4fd17d5b503af85a0af98b4d3220691681038912b3c66fbf010e1a484ac60,.py,implementation,427,cosmology; personal_relativity; reproducibility,RESULT:4; OPEN:2,V,Reproducibility assets and computational provenance,mapped_provisional,unreviewed,unreviewed,
MONOGRAPH/04 REPRODUCIBILITY/scripts/e8_golden_tests.py,C:\Users\joesh\Documents\Codex\2026-08-02\files-mentioned-by-the-user-handoff\work\unified-mechanics-monograph\04 REPRODUCIBILITY\scripts\e8_golden_tests.py,b58b8502ccc29e4be2d45f725a5085ba8ff65d8440f41de3f36dd8b9b94da42c,.py,implementation,754,least_action_field; reproducibility,RESULT:1,V,Reproducibility assets and computational provenance,mapped_provisional,unreviewed,unreviewed,
MONOGRAPH/04 REPRODUCIBILITY/scripts/families.py,C:\Users\joesh\Documents\Codex\2026-08-02\files-mentioned-by-the-user-handoff\work\unified-mechanics-monograph\04 REPRODUCIBILITY\scripts\families.py,01810f9be0ee873c78ca540ce2122bcb29fbf1f10dbd62eec47e5a902783f5bd,.py,implementation,800,reproducibility,OPEN:1,V,Reproducibility assets and computational provenance,mapped_provisional,unreviewed,unreviewed,
MONOGRAPH/04 REPRODUCIBILITY/scripts/forcing_the_rest.py,C:\Users\joesh\Documents\Codex\2026-08-02\files-mentioned-by-the-user-handoff\work\unified-mechanics-monograph\04 REPRODUCIBILITY\scripts\forcing_the_rest.py,82ca09666f8c6f67d72a11ea461f34acb961cc6fe67eab3ed1cf8b362ce69fd6,.py,implementation,1210,cosmology; reproducibility; foundational_partition; geometry_gravity; matter_atomic,DERIVED:2; CONDITIONAL:1; PREDICTION:1; OPEN:1,V,Reproducibility assets and computational provenance,mapped_provisional,unreviewed,unreviewed,
MONOGRAPH/04 REPRODUCIBILITY/scripts/hydrogen_closure.py,C:\Users\joesh\Documents\Codex\2026-08-02\files-mentioned-by-the-user-handoff\work\unified-mechanics-monograph\04 REPRODUCIBILITY\scripts\hydrogen_closure.py,eb8f51916d9908066032107e62bfa59ea1b0351dd9918c13f72d5c33d9218187,.py,implementation,663,cosmology; reproducibility; logical_action; traversal_history,OPEN:1,V,Reproducibility assets and computational provenance,mapped_provisional,unreviewed,unreviewed,
MONOGRAPH/04 REPRODUCIBILITY/scripts/interface_integral_test.py,C:\Users\joesh\Documents\Codex\2026-08-02\files-mentioned-by-the-user-handoff\work\unified-mechanics-monograph\04 REPRODUCIBILITY\scripts\interface_integral_test.py,256cf4457e26182af1025a8511bfa7f27c6be5fe7ba5c545d902672ee0d875a0,.py,implementation,597,reproducibility; cosmology,OPEN:3,V,Reproducibility assets and computational provenance,mapped_provisional,unreviewed,unreviewed,
MONOGRAPH/04 REPRODUCIBILITY/scripts/lagrangian.py,C:\Users\joesh\Documents\Codex\2026-08-02\files-mentioned-by-the-user-handoff\work\unified-mechanics-monograph\04 REPRODUCIBILITY\scripts\lagrangian.py,2e6267fce3fdba686912839d89cb5c3a00889328ebe1fca5a4f769aa46c7889d,.py,implementation,692,cosmology; geometry_gravity; reproducibility; foundational_partition,OPEN:1,V,Reproducibility assets and computational provenance,mapped_provisional,unreviewed,unreviewed,
MONOGRAPH/04 REPRODUCIBILITY/scripts/matter_action.py,C:\Users\joesh\Documents\Codex\2026-08-02\files-mentioned-by-the-user-handoff\work\unified-mechanics-monograph\04 REPRODUCIBILITY\scripts\matter_action.py,1e0cc1d54c574b31d5b5f0183804cbd90eac9fe94f7295f940599ffd239cba3c,.py,implementation,1558,cosmology; geometry_gravity; reproducibility; foundational_partition,DERIVED:2; OPEN:1,V,Reproducibility assets and computational provenance,mapped_provisional,unreviewed,unreviewed,
MONOGRAPH/04 REPRODUCIBILITY/scripts/neuro_avalanche_test.py,C:\Users\joesh\Documents\Codex\2026-08-02\files-mentioned-by-the-user-handoff\work\unified-mechanics-monograph\04 REPRODUCIBILITY\scripts\neuro_avalanche_test.py,152be0f6bc91af9afcf3db4ed419aaf3e24910e5307495591c1a0fc95e3602bf,.py,implementation,438,,RESULT:1,V,Reproducibility assets and computational provenance,mapped_provisional,unreviewed,unreviewed,
MONOGRAPH/04 REPRODUCIBILITY/scripts/o1_closure.py,C:\Users\joesh\Documents\Codex\2026-08-02\files-mentioned-by-the-user-handoff\work\unified-mechanics-monograph\04 REPRODUCIBILITY\scripts\o1_closure.py,72d43905e3d0739937a73e27c61070129281390b37ae0e9c98fe5e577919ebab,.py,implementation,1118,reproducibility; personal_relativity,CONDITIONAL:8; OPEN:2,V,Reproducibility assets and computational provenance,mapped_provisional,unreviewed,unreviewed,
MONOGRAPH/04 REPRODUCIBILITY/scripts/o1_o3_representation.py,C:\Users\joesh\Documents\Codex\2026-08-02\files-mentioned-by-the-user-handoff\work\unified-mechanics-monograph\04 REPRODUCIBILITY\scripts\o1_o3_representation.py,79df9eea7ca4dc8ca9b2199049afe85f72e2a931267e8eaf76f04fea4305b936,.py,implementation,884,geometry_gravity; reproducibility; matter_atomic,OPEN:1,V,Reproducibility assets and computational provenance,mapped_provisional,unreviewed,unreviewed,
MONOGRAPH/04 REPRODUCIBILITY/scripts/o2_elimination.py,C:\Users\joesh\Documents\Codex\2026-08-02\files-mentioned-by-the-user-handoff\work\unified-mechanics-monograph\04 REPRODUCIBILITY\scripts\o2_elimination.py,8c9ca1537f3c0fa6c8879b52f6566f33dda38d6848459f370793696337a99e6b,.py,implementation,799,reproducibility,PROVED:2; RESULT:1; OPEN:1,V,Reproducibility assets and computational provenance,mapped_provisional,unreviewed,unreviewed,
MONOGRAPH/04 REPRODUCIBILITY/scripts/o2_surviving_block.py,C:\Users\joesh\Documents\Codex\2026-08-02\files-mentioned-by-the-user-handoff\work\unified-mechanics-monograph\04 REPRODUCIBILITY\scripts\o2_surviving_block.py,f3eee84bcf146564d3cb32732c6c4e77415f3cbddf376850781d0cb8d38af9ff,.py,implementation,898,cosmology; reproducibility,OPEN:1,V,Reproducibility assets and computational provenance,mapped_provisional,unreviewed,unreviewed,
MONOGRAPH/04 REPRODUCIBILITY/scripts/o4_carrier_closure.py,C:\Users\joesh\Documents\Codex\2026-08-02\files-mentioned-by-the-user-handoff\work\unified-mechanics-monograph\04 REPRODUCIBILITY\scripts\o4_carrier_closure.py,0d24c463fc890d9d01f7d55c82263b21298f0d5a56a32db5ae45288880a03194,.py,implementation,923,reproducibility; cosmology,OPEN:2,V,Reproducibility assets and computational provenance,mapped_provisional,unreviewed,unreviewed,
MONOGRAPH/04 REPRODUCIBILITY/scripts/o5_o6_cosmology.py,C:\Users\joesh\Documents\Codex\2026-08-02\files-mentioned-by-the-user-handoff\work\unified-mechanics-monograph\04 REPRODUCIBILITY\scripts\o5_o6_cosmology.py,1d99d934284f15f50f2d792622b85b31c008bf61bf0e0d682639526555da5399,.py,implementation,780,cosmology; reproducibility; geometry_gravity; personal_relativity,PROVED:4; OPEN:3,V,Reproducibility assets and computational provenance,mapped_provisional,unreviewed,unreviewed,
MONOGRAPH/04 REPRODUCIBILITY/scripts/o6_dark_energy_audit.py,C:\Users\joesh\Documents\Codex\2026-08-02\files-mentioned-by-the-user-handoff\work\unified-mechanics-monograph\04 REPRODUCIBILITY\scripts\o6_dark_energy_audit.py,a12c5368bef803a06bd9b87050cbd057d40cdb975b1c899282b14e888cdc9feb,.py,implementation,719,cosmology; reproducibility; traversal_history,DERIVED:1; RESULT:1; OPEN:3,V,Reproducibility assets and computational provenance,mapped_provisional,unreviewed,unreviewed,
MONOGRAPH/04 REPRODUCIBILITY/scripts/sgz_balanced_turnover_test.py,C:\Users\joesh\Documents\Codex\2026-08-02\files-mentioned-by-the-user-handoff\work\unified-mechanics-monograph\04 REPRODUCIBILITY\scripts\sgz_balanced_turnover_test.py,2bfd2586b3919c1e74a1511fedd602f9796af7b9413110c857dd1981d54a88c9,.py,implementation,265,,RESULT:1,V,Reproducibility assets and computational provenance,mapped_provisional,unreviewed,unreviewed,
MONOGRAPH/04 REPRODUCIBILITY/scripts/sparc_test.py,C:\Users\joesh\Documents\Codex\2026-08-02\files-mentioned-by-the-user-handoff\work\unified-mechanics-monograph\04 REPRODUCIBILITY\scripts\sparc_test.py,04ca5598352e86053bfc3cf1c9aaacce139fd17527f1c96136bb05dddb6989a3,.py,implementation,1226,cosmology,OPEN:3,V,Reproducibility assets and computational provenance,mapped_provisional,unreviewed,unreviewed,
MONOGRAPH/04 REPRODUCIBILITY/scripts/validate_dependencies.py,C:\Users\joesh\Documents\Codex\2026-08-02\files-mentioned-by-the-user-handoff\work\unified-mechanics-monograph\04 REPRODUCIBILITY\scripts\validate_dependencies.py,c429e4dd9babcd63ad539e5e2b872eea78a07e6cbf087baf9fed7d6b16963b12,.py,implementation,900,traversal_history; reproducibility; personal_relativity,RESULT:4; OPEN:7,V,Reproducibility assets and computational provenance,mapped_provisional,unreviewed,unreviewed,
MONOGRAPH/05 TRAVERSAL PAPERS/00 The Retained Fraction and the Discarded Half.docx,C:\Users\joesh\Documents\Codex\2026-08-02\files-mentioned-by-the-user-handoff\work\unified-mechanics-monograph\05 TRAVERSAL PAPERS\00 The Retained Fraction and the Discarded Half.docx,79db23a673b6df9c9bd262ba225c1b05a0d892fcefe99876b705b08613d3ddf8,.docx,manuscript,1971,geometry_gravity; reproducibility; cosmology; logical_action; traversal_history; foundational_partition,PROVED:3; DERIVED:1; ESTABLISHED:1; CONDITIONAL:1; PROPOSED:3; PREDICTION:1; RESULT:1; OPEN:3,III,"Traversal, time, holonomy, and readout",mapped_provisional,unreviewed,unreviewed,
MONOGRAPH/05 TRAVERSAL PAPERS/00 The Retained Fraction and the Discarded Half.pdf,C:\Users\joesh\Documents\Codex\2026-08-02\files-mentioned-by-the-user-handoff\work\unified-mechanics-monograph\05 TRAVERSAL PAPERS\00 The Retained Fraction and the Discarded Half.pdf,4d83a08442d56e28a18d5d8eed73706f160f0683468459eea0a51d3ebe3f7f2b,.pdf,manuscript,2089,geometry_gravity; reproducibility; cosmology; logical_action; traversal_history; foundational_partition,PROVED:3; DERIVED:1; ESTABLISHED:1; CONDITIONAL:1; PROPOSED:3; PREDICTION:1; RESULT:1; OPEN:3,III,"Traversal, time, holonomy, and readout",mapped_provisional,unreviewed,unreviewed,
MONOGRAPH/05 TRAVERSAL PAPERS/01 The Depth of Traversal (Consolidated).docx,C:\Users\joesh\Documents\Codex\2026-08-02\files-mentioned-by-the-user-handoff\work\unified-mechanics-monograph\05 TRAVERSAL PAPERS\01 The Depth of Traversal (Consolidated).docx,c3cd55df595ff92f86e74aa68873d0bebac160b3e1ffcb2a626e05104e44113d,.docx,manuscript,7516,traversal_history; personal_relativity; geometry_gravity; reproducibility; logical_action; matter_atomic,PROVED:13; DERIVED:1; ESTABLISHED:2; CONDITIONAL:2; PROPOSED:7; RESULT:4; OPEN:2; LIMIT:1,III,"Traversal, time, holonomy, and readout",mapped_provisional,unreviewed,unreviewed,
MONOGRAPH/05 TRAVERSAL PAPERS/01 The Depth of Traversal (Consolidated).pdf,C:\Users\joesh\Documents\Codex\2026-08-02\files-mentioned-by-the-user-handoff\work\unified-mechanics-monograph\05 TRAVERSAL PAPERS\01 The Depth of Traversal (Consolidated).pdf,ceaf95e27b4962ec68380c508c7d3eefb3bef1ee27aadee9f65447dae68efa13,.pdf,manuscript,7588,traversal_history; personal_relativity; geometry_gravity; reproducibility; logical_action; matter_atomic,PROVED:13; DERIVED:1; ESTABLISHED:2; CONDITIONAL:2; PROPOSED:7; RESULT:4; OPEN:2; LIMIT:1,III,"Traversal, time, holonomy, and readout",mapped_provisional,unreviewed,unreviewed,
MONOGRAPH/05 TRAVERSAL PAPERS/02 The Rate Across the Scale.docx,C:\Users\joesh\Documents\Codex\2026-08-02\files-mentioned-by-the-user-handoff\work\unified-mechanics-monograph\05 TRAVERSAL PAPERS\02 The Rate Across the Scale.docx,dbbff3bf2383704fe81e0a25b1414bbaa2a3ca34914c005a1fe47492a37cb559,.docx,manuscript,6198,cosmology; reproducibility; traversal_history; geometry_gravity; personal_relativity; foundational_partition,PROVED:3; DERIVED:2; ESTABLISHED:1; CONDITIONAL:6; PROPOSED:8; FORECAST:2; PREDICTION:5; RESULT:3; OPEN:7; FAILED:1,III,"Traversal, time, holonomy, and readout",mapped_provisional,unreviewed,unreviewed,
MONOGRAPH/05 TRAVERSAL PAPERS/02 The Rate Across the Scale.pdf,C:\Users\joesh\Documents\Codex\2026-08-02\files-mentioned-by-the-user-handoff\work\unified-mechanics-monograph\05 TRAVERSAL PAPERS\02 The Rate Across the Scale.pdf,7a7212b8b5e215ffafdadec8ee36ed4bcd54396edb23fab4137891f61a8f4675,.pdf,manuscript,6203,cosmology; reproducibility; traversal_history; geometry_gravity; personal_relativity; foundational_partition,PROVED:3; DERIVED:2; ESTABLISHED:1; CONDITIONAL:4; PROPOSED:8; FORECAST:2; PREDICTION:5; RESULT:3; OPEN:7; FAILED:1,III,"Traversal, time, holonomy, and readout",mapped_provisional,unreviewed,unreviewed,
MONOGRAPH/05 TRAVERSAL PAPERS/03 From Chiral Wave Evolution to the Principle of Logical Action.docx,C:\Users\joesh\Documents\Codex\2026-08-02\files-mentioned-by-the-user-handoff\work\unified-mechanics-monograph\05 TRAVERSAL PAPERS\03 From Chiral Wave Evolution to the Principle of Logical Action.docx,63bc9eb09444c9faa5b57a59a7a2f43d6150cd5254dcf90b36274c3cd704d814,.docx,manuscript,7083,reproducibility; logical_action; geometry_gravity; chiral_dynamics; traversal_history; personal_relativity,PROVED:3; DERIVED:3; CONDITIONAL:4; PROPOSED:8; PREDICTION:1; RESULT:4; OPEN:8,III,"Traversal, time, holonomy, and readout",mapped_provisional,unreviewed,unreviewed,
MONOGRAPH/05 TRAVERSAL PAPERS/03 From Chiral Wave Evolution to the Principle of Logical Action.pdf,C:\Users\joesh\Documents\Codex\2026-08-02\files-mentioned-by-the-user-handoff\work\unified-mechanics-monograph\05 TRAVERSAL PAPERS\03 From Chiral Wave Evolution to the Principle of Logical Action.pdf,86cbdba9016dd58508c9b08c3296cd64fc8f4c38358af22612cfab5f44dae27d,.pdf,manuscript,7111,reproducibility; logical_action; geometry_gravity; traversal_history; chiral_dynamics; personal_relativity,PROVED:3; DERIVED:3; CONDITIONAL:4; PROPOSED:8; PREDICTION:1; RESULT:4; OPEN:8,III,"Traversal, time, holonomy, and readout",mapped_provisional,unreviewed,unreviewed,
MONOGRAPH/05 TRAVERSAL PAPERS/04 Least-Cost Holonomy and Co-Distinction Fields.docx,C:\Users\joesh\Documents\Codex\2026-08-02\files-mentioned-by-the-user-handoff\work\unified-mechanics-monograph\05 TRAVERSAL PAPERS\04 Least-Cost Holonomy and Co-Distinction Fields.docx,04c31a0877803aeb6c9203754f42b70963b53993e88abbc78eb751ea3ec5e3f4,.docx,manuscript,5006,logical_action; traversal_history; geometry_gravity; reproducibility; least_action_field; colour_field,PROVED:6; DERIVED:1; ESTABLISHED:4; CONDITIONAL:2; PROPOSED:7; RESULT:7; OPEN:5,III,"Traversal, time, holonomy, and readout",mapped_provisional,unreviewed,unreviewed,
MONOGRAPH/05 TRAVERSAL PAPERS/04 Least-Cost Holonomy and Co-Distinction Fields.pdf,C:\Users\joesh\Documents\Codex\2026-08-02\files-mentioned-by-the-user-handoff\work\unified-mechanics-monograph\05 TRAVERSAL PAPERS\04 Least-Cost Holonomy and Co-Distinction Fields.pdf,2e3956593058d8b020942c8b72497539da15add5c851950900d93f779a3f8bc6,.pdf,manuscript,5031,logical_action; traversal_history; geometry_gravity; reproducibility; least_action_field; colour_field,PROVED:6; DERIVED:1; ESTABLISHED:4; CONDITIONAL:2; PROPOSED:7; RESULT:7; OPEN:5,III,"Traversal, time, holonomy, and readout",mapped_provisional,unreviewed,unreviewed,
MONOGRAPH/05 TRAVERSAL PAPERS/05 The Source Sector.docx,C:\Users\joesh\Documents\Codex\2026-08-02\files-mentioned-by-the-user-handoff\work\unified-mechanics-monograph\05 TRAVERSAL PAPERS\05 The Source Sector.docx,1dc635ea1167a3f3314f8c4913c70c7cfe77e12687ae11829ece17d045d45d7e,.docx,manuscript,4481,geometry_gravity; logical_action; traversal_history; chiral_dynamics; foundational_partition; reproducibility,PROVED:15; DERIVED:1; CONDITIONAL:1; PROPOSED:3; PREDICTION:6; RESULT:2; OPEN:11; LIMIT:3,II,Source sector and gravitational coupling,mapped_provisional,unreviewed,unreviewed,
MONOGRAPH/05 TRAVERSAL PAPERS/05 The Source Sector.pdf,C:\Users\joesh\Documents\Codex\2026-08-02\files-mentioned-by-the-user-handoff\work\unified-mechanics-monograph\05 TRAVERSAL PAPERS\05 The Source Sector.pdf,cb608005ec8f2a6401f57cec17c189f5c902c20d61b9ad62f868efce322e5e4e,.pdf,manuscript,4489,geometry_gravity; logical_action; traversal_history; chiral_dynamics; foundational_partition; reproducibility,PROVED:15; DERIVED:1; CONDITIONAL:1; PROPOSED:3; PREDICTION:6; RESULT:2; OPEN:11; LIMIT:3,II,Source sector and gravitational coupling,mapped_provisional,unreviewed,unreviewed,
MONOGRAPH/06 HELICAL RELATIVITY/00 START HERE/01 README.md,C:\Users\joesh\Documents\Codex\2026-08-02\files-mentioned-by-the-user-handoff\work\unified-mechanics-monograph\06 HELICAL RELATIVITY\00 START HERE\01 README.md,f6abf5322ac7d9faa4ed1d04e3d5be28dda9a4675463310166a2da8ee7f7e29c,.md,orientation_or_ledger,475,reproducibility; least_action_field; colour_field; matter_atomic; cosmology; geometry_gravity,FORECAST:1; OPEN:2,II,"Least-action field, geometry, sources, and gravitation",mapped_provisional,unreviewed,unreviewed,
MONOGRAPH/06 HELICAL RELATIVITY/00 START HERE/02 STANDING ACCOUNT.md,C:\Users\joesh\Documents\Codex\2026-08-02\files-mentioned-by-the-user-handoff\work\unified-mechanics-monograph\06 HELICAL RELATIVITY\00 START HERE\02 STANDING ACCOUNT.md,9d8ba77fac84386ff91439c4fa5c4096d61dc7ca7aa2035361c12d42541d7c5b,.md,orientation_or_ledger,2421,least_action_field; geometry_gravity; cosmology; foundational_partition; colour_field; matter_atomic,PROVED:2; DERIVED:3; CONDITIONAL:3; FORECAST:3; RESULT:1; OPEN:1; LIMIT:1; WITHDRAWN:2,II,"Least-action field, geometry, sources, and gravitation",mapped_provisional,unreviewed,unreviewed,
MONOGRAPH/06 HELICAL RELATIVITY/00 START HERE/03 OPEN LEDGER ADDITIONS.md,C:\Users\joesh\Documents\Codex\2026-08-02\files-mentioned-by-the-user-handoff\work\unified-mechanics-monograph\06 HELICAL RELATIVITY\00 START HERE\03 OPEN LEDGER ADDITIONS.md,7ac0bae35c3f244a7bc38ab44984b4c2b8f0b587e568e89e26bf0d833b7715a1,.md,orientation_or_ledger,1093,geometry_gravity; foundational_partition; least_action_field; matter_atomic; cosmology; personal_relativity,PROVED:4; DERIVED:3; OPEN:2; WITHDRAWN:1,II,"Least-action field, geometry, sources, and gravitation",mapped_provisional,unreviewed,unreviewed,
MONOGRAPH/06 HELICAL RELATIVITY/00 START HERE/04 SHA256SUMS.txt,C:\Users\joesh\Documents\Codex\2026-08-02\files-mentioned-by-the-user-handoff\work\unified-mechanics-monograph\06 HELICAL RELATIVITY\00 START HERE\04 SHA256SUMS.txt,f8ae94237899e324fcf39ab651853f6fc92135f285014c6447ef9b8158442766,.txt,manifest,1707,matter_atomic; colour_field; reproducibility; personal_relativity; geometry_gravity; least_action_field,OPEN:1,V,Reproducibility assets and computational provenance,mapped_provisional,unreviewed,unreviewed,
MONOGRAPH/06 HELICAL RELATIVITY/00 START HERE/05 LEAN BUILD NOTE.md,C:\Users\joesh\Documents\Codex\2026-08-02\files-mentioned-by-the-user-handoff\work\unified-mechanics-monograph\06 HELICAL RELATIVITY\00 START HERE\05 LEAN BUILD NOTE.md,639824ff285e8c416f8ab41f127e27de230e82d6d2ee0da27cdc221b5d7186b9,.md,orientation_or_ledger,403,reproducibility; colour_field; personal_relativity; matter_atomic; least_action_field,RESULT:2,II,"Least-action field, geometry, sources, and gravitation",mapped_provisional,unreviewed,unreviewed,
MONOGRAPH/06 HELICAL RELATIVITY/01 THE FIELD/Geometric_Lift_of_Negative_Holographic_Evolution_Joseph_Shields.docx,C:\Users\joesh\Documents\Codex\2026-08-02\files-mentioned-by-the-user-handoff\work\unified-mechanics-monograph\06 HELICAL RELATIVITY\01 THE FIELD\Geometric_Lift_of_Negative_Holographic_Evolution_Joseph_Shields.docx,528803ede7701f98c0aebe41ee8892e8ced8fb1b1f48a0efad2518d418e74186,.docx,manuscript,1678,geometry_gravity; traversal_history; personal_relativity; reproducibility; cosmology,DERIVED:1; ESTABLISHED:1; RESULT:1; LIMIT:1,II,"Least-action field, geometry, sources, and gravitation",mapped_provisional,unreviewed,unreviewed,
MONOGRAPH/06 HELICAL RELATIVITY/01 THE FIELD/The Bubble Field(1).md,C:\Users\joesh\Documents\Codex\2026-08-02\files-mentioned-by-the-user-handoff\work\unified-mechanics-monograph\06 HELICAL RELATIVITY\01 THE FIELD\The Bubble Field(1).md,4d4c993918b0d4f394339add9f9228c03ea1a62d62df298158f38f4ab97fe32f,.md,supporting_text,3008,geometry_gravity; least_action_field; cosmology; foundational_partition; information_boundary; matter_atomic,DERIVED:6; PROPOSED:1; RESULT:4; LIMIT:4,II,"Least-action field, geometry, sources, and gravitation",mapped_provisional,unreviewed,unreviewed,
MONOGRAPH/06 HELICAL RELATIVITY/01 THE FIELD/The_Bubble_Field_Mathematical_Field_Edition_Joseph_Shields.docx,C:\Users\joesh\Documents\Codex\2026-08-02\files-mentioned-by-the-user-handoff\work\unified-mechanics-monograph\06 HELICAL RELATIVITY\01 THE FIELD\The_Bubble_Field_Mathematical_Field_Edition_Joseph_Shields.docx,ec0b4b78e23c67dfa5ddf17a3a829df12fd5446e93ade1afb6dc6d5016f6e0bf,.docx,manuscript,4012,geometry_gravity; least_action_field; reproducibility; matter_atomic; cosmology; personal_relativity,ESTABLISHED:2; CONDITIONAL:16; PROPOSED:1; FORECAST:3; PREDICTION:5; RESULT:11,II,"Least-action field, geometry, sources, and gravitation",mapped_provisional,unreviewed,unreviewed,
MONOGRAPH/06 HELICAL RELATIVITY/01 THE FIELD/Universal_Field_of_Least_Action_Complete_Programme_Joseph_Shields.docx,C:\Users\joesh\Documents\Codex\2026-08-02\files-mentioned-by-the-user-handoff\work\unified-mechanics-monograph\06 HELICAL RELATIVITY\01 THE FIELD\Universal_Field_of_Least_Action_Complete_Programme_Joseph_Shields.docx,6aa342f52f2fa0c26497520043297384b26a77786e71a549ce4153becb2efeea,.docx,manuscript,9414,geometry_gravity; logical_action; traversal_history; least_action_field; reproducibility; colour_field,PROVED:7; DERIVED:6; ESTABLISHED:8; CONDITIONAL:8; PROPOSED:14; PREDICTION:2; RESULT:13; OPEN:10; LIMIT:2,II,"Least-action field, geometry, sources, and gravitation",mapped_provisional,unreviewed,unreviewed,
MONOGRAPH/06 HELICAL RELATIVITY/02 COMPUTATIONS/audit_closure_attack.py,C:\Users\joesh\Documents\Codex\2026-08-02\files-mentioned-by-the-user-handoff\work\unified-mechanics-monograph\06 HELICAL RELATIVITY\02 COMPUTATIONS\audit_closure_attack.py,aad79524d925f873cea06d57a0403036f662a83ef9680144c2bda8bc1ee3ba7f,.py,implementation,2137,cosmology; geometry_gravity; matter_atomic; reproducibility; traversal_history,DERIVED:4; ESTABLISHED:1; PREDICTION:3; RESULT:3; OPEN:3; WITHDRAWN:3,V,Reproducibility assets and computational provenance,mapped_provisional,unreviewed,unreviewed,
MONOGRAPH/06 HELICAL RELATIVITY/02 COMPUTATIONS/audit_closure_attack_results.json,C:\Users\joesh\Documents\Codex\2026-08-02\files-mentioned-by-the-user-handoff\work\unified-mechanics-monograph\06 HELICAL RELATIVITY\02 COMPUTATIONS\audit_closure_attack_results.json,b5d7480d40c8f73e2702518ba64baea833d7b3dd46848c917f2e17b9fb946022,.json,data_or_certificate,209,geometry_gravity; cosmology; matter_atomic; reproducibility,DERIVED:1; WITHDRAWN:1,V,Reproducibility assets and computational provenance,mapped_provisional,unreviewed,unreviewed,
MONOGRAPH/06 HELICAL RELATIVITY/02 COMPUTATIONS/bubble_field.py,C:\Users\joesh\Documents\Codex\2026-08-02\files-mentioned-by-the-user-handoff\work\unified-mechanics-monograph\06 HELICAL RELATIVITY\02 COMPUTATIONS\bubble_field.py,cf2e3c3f1b2c1c07494795b07b0e77a2a93d92678f91505cfa1765d7459d59b2,.py,implementation,2921,geometry_gravity; least_action_field; cosmology; reproducibility; colour_field,DERIVED:4; ESTABLISHED:2; PREDICTION:1; RESULT:1; OPEN:2; LIMIT:1,V,Reproducibility assets and computational provenance,mapped_provisional,unreviewed,unreviewed,
MONOGRAPH/06 HELICAL RELATIVITY/02 COMPUTATIONS/bubble_field_closure_attack.py,C:\Users\joesh\Documents\Codex\2026-08-02\files-mentioned-by-the-user-handoff\work\unified-mechanics-monograph\06 HELICAL RELATIVITY\02 COMPUTATIONS\bubble_field_closure_attack.py,0fd213ef2b5886921a14fc099000f71b3fd1d4c88ce51143eec0b0d28b36e2bd,.py,implementation,2519,cosmology; matter_atomic; geometry_gravity; least_action_field; traversal_history; reproducibility,DERIVED:1; CONDITIONAL:4; PREDICTION:1; RESULT:2; OPEN:1; LIMIT:1,V,Reproducibility assets and computational provenance,mapped_provisional,unreviewed,unreviewed,
MONOGRAPH/06 HELICAL RELATIVITY/02 COMPUTATIONS/bubble_field_closure_attack_results.json,C:\Users\joesh\Documents\Codex\2026-08-02\files-mentioned-by-the-user-handoff\work\unified-mechanics-monograph\06 HELICAL RELATIVITY\02 COMPUTATIONS\bubble_field_closure_attack_results.json,37cffae7f669de33605fe309aa9feff9c3d67b422bc95dcae436cedc7d805da7,.json,data_or_certificate,892,cosmology; least_action_field; geometry_gravity; matter_atomic; traversal_history; reproducibility,DERIVED:1; CONDITIONAL:3; PREDICTION:1; LIMIT:1,V,Reproducibility assets and computational provenance,mapped_provisional,unreviewed,unreviewed,
MONOGRAPH/06 HELICAL RELATIVITY/02 COMPUTATIONS/bubble_field_compression_boundary.py,C:\Users\joesh\Documents\Codex\2026-08-02\files-mentioned-by-the-user-handoff\work\unified-mechanics-monograph\06 HELICAL RELATIVITY\02 COMPUTATIONS\bubble_field_compression_boundary.py,4387ccb3a925f11184c7b43eb01da12be8d11ae3ee5918d53b4e155656cd776e,.py,implementation,1728,geometry_gravity; cosmology; least_action_field; reproducibility; matter_atomic; traversal_history,CONDITIONAL:13; FORECAST:2; PREDICTION:1; RESULT:7; WITHDRAWN:1,V,Reproducibility assets and computational provenance,mapped_provisional,unreviewed,unreviewed,
MONOGRAPH/06 HELICAL RELATIVITY/02 COMPUTATIONS/bubble_field_compression_boundary_results.json,C:\Users\joesh\Documents\Codex\2026-08-02\files-mentioned-by-the-user-handoff\work\unified-mechanics-monograph\06 HELICAL RELATIVITY\02 COMPUTATIONS\bubble_field_compression_boundary_results.json,a094545536dd57f5da0ebe23802bd34319727a1d2de26561797c62dbd16cd73c,.json,data_or_certificate,741,cosmology; geometry_gravity; least_action_field; matter_atomic; reproducibility; traversal_history,CONDITIONAL:8; FORECAST:2; PREDICTION:1; RESULT:5; WITHDRAWN:1,V,Reproducibility assets and computational provenance,mapped_provisional,unreviewed,unreviewed,
MONOGRAPH/06 HELICAL RELATIVITY/02 COMPUTATIONS/bubble_field_results.json,C:\Users\joesh\Documents\Codex\2026-08-02\files-mentioned-by-the-user-handoff\work\unified-mechanics-monograph\06 HELICAL RELATIVITY\02 COMPUTATIONS\bubble_field_results.json,9b251287a266bf09b958202f02774c2cf01df6f05debc61dc0e6e8574739c890,.json,data_or_certificate,277,geometry_gravity; least_action_field; cosmology,DERIVED:2; OPEN:1,V,Reproducibility assets and computational provenance,mapped_provisional,unreviewed,unreviewed,
MONOGRAPH/06 HELICAL RELATIVITY/02 COMPUTATIONS/bubble_field_rigorous.py,C:\Users\joesh\Documents\Codex\2026-08-02\files-mentioned-by-the-user-handoff\work\unified-mechanics-monograph\06 HELICAL RELATIVITY\02 COMPUTATIONS\bubble_field_rigorous.py,b1d99021645b90a427dec0dc595ade0d3ca9ddb198ba83974a0cba403456d210,.py,implementation,1763,geometry_gravity; cosmology; least_action_field; reproducibility; matter_atomic; traversal_history,PROVED:1; DERIVED:5; PROPOSED:4; RESULT:1; LIMIT:1,V,Reproducibility assets and computational provenance,mapped_provisional,unreviewed,unreviewed,
MONOGRAPH/06 HELICAL RELATIVITY/02 COMPUTATIONS/bubble_field_rigorous_results.json,C:\Users\joesh\Documents\Codex\2026-08-02\files-mentioned-by-the-user-handoff\work\unified-mechanics-monograph\06 HELICAL RELATIVITY\02 COMPUTATIONS\bubble_field_rigorous_results.json,3d3886c903bc3091559b0be6b1f56588c48fd4d690e9bf2153584051c46169e8,.json,data_or_certificate,403,geometry_gravity; cosmology; least_action_field; matter_atomic,PROVED:1; DERIVED:4; PROPOSED:2,V,Reproducibility assets and computational provenance,mapped_provisional,unreviewed,unreviewed,
MONOGRAPH/06 HELICAL RELATIVITY/02 COMPUTATIONS/colour_field_closure.py,C:\Users\joesh\Documents\Codex\2026-08-02\files-mentioned-by-the-user-handoff\work\unified-mechanics-monograph\06 HELICAL RELATIVITY\02 COMPUTATIONS\colour_field_closure.py,8e57ca1457ce46bebff29fb54a7000ed1921738b5acab70e1286438340b87559,.py,implementation,2377,colour_field; cosmology; reproducibility; traversal_history; geometry_gravity; personal_relativity,DERIVED:3; RESULT:3; OPEN:1,V,Reproducibility assets and computational provenance,mapped_provisional,unreviewed,unreviewed,
MONOGRAPH/06 HELICAL RELATIVITY/02 COMPUTATIONS/colour_field_closure_results.json,C:\Users\joesh\Documents\Codex\2026-08-02\files-mentioned-by-the-user-handoff\work\unified-mechanics-monograph\06 HELICAL RELATIVITY\02 COMPUTATIONS\colour_field_closure_results.json,da2bc849ebb70f0e490b1d46e7973ee41eb52b02e63a0794265f01ded1227365,.json,data_or_certificate,397,colour_field; cosmology; geometry_gravity; traversal_history; personal_relativity; reproducibility,,V,Reproducibility assets and computational provenance,mapped_provisional,unreviewed,unreviewed,
MONOGRAPH/06 HELICAL RELATIVITY/02 COMPUTATIONS/exercising_the_field.py,C:\Users\joesh\Documents\Codex\2026-08-02\files-mentioned-by-the-user-handoff\work\unified-mechanics-monograph\06 HELICAL RELATIVITY\02 COMPUTATIONS\exercising_the_field.py,eeca900db45fabce40fa34bccb91bea044e870f2ab9c616a98f744b243ad8241,.py,implementation,2466,cosmology; least_action_field; geometry_gravity; foundational_partition; reproducibility,DERIVED:2; RESULT:1; OPEN:2,V,Reproducibility assets and computational provenance,mapped_provisional,unreviewed,unreviewed,
MONOGRAPH/06 HELICAL RELATIVITY/02 COMPUTATIONS/exercising_the_field_results.json,C:\Users\joesh\Documents\Codex\2026-08-02\files-mentioned-by-the-user-handoff\work\unified-mechanics-monograph\06 HELICAL RELATIVITY\02 COMPUTATIONS\exercising_the_field_results.json,070b4538a616ba02dd575f98ff3f88b0627e9bae6a2cea5f90e3eda8807aee0d,.json,data_or_certificate,316,cosmology; least_action_field,,V,Reproducibility assets and computational provenance,mapped_provisional,unreviewed,unreviewed,
MONOGRAPH/06 HELICAL RELATIVITY/02 COMPUTATIONS/mass_operator.py,C:\Users\joesh\Documents\Codex\2026-08-02\files-mentioned-by-the-user-handoff\work\unified-mechanics-monograph\06 HELICAL RELATIVITY\02 COMPUTATIONS\mass_operator.py,76e85816eaebd860938613ab2f6e47190a61aab2eede7107561caaa0b7aa94d5,.py,implementation,2167,matter_atomic; colour_field; cosmology; information_boundary; traversal_history,PROVED:1; DERIVED:1; ESTABLISHED:4; OPEN:1; FAILED:1,V,Reproducibility assets and computational provenance,mapped_provisional,unreviewed,unreviewed,
MONOGRAPH/06 HELICAL RELATIVITY/02 COMPUTATIONS/mass_operator_results.json,C:\Users\joesh\Documents\Codex\2026-08-02\files-mentioned-by-the-user-handoff\work\unified-mechanics-monograph\06 HELICAL RELATIVITY\02 COMPUTATIONS\mass_operator_results.json,b97f96f10829c065f9ae049bb14c09cf1fd6783e0f42b54f5ef2ae796db99697,.json,data_or_certificate,247,matter_atomic,DERIVED:1; ESTABLISHED:1,V,Reproducibility assets and computational provenance,mapped_provisional,unreviewed,unreviewed,
MONOGRAPH/06 HELICAL RELATIVITY/02 COMPUTATIONS/three_part_bubble.py,C:\Users\joesh\Documents\Codex\2026-08-02\files-mentioned-by-the-user-handoff\work\unified-mechanics-monograph\06 HELICAL RELATIVITY\02 COMPUTATIONS\three_part_bubble.py,552e8023a5f78d6588aebbd987d6f40b8fc7f23ddbb2c9b7ddcac9b41d4c66b8,.py,implementation,1754,geometry_gravity; least_action_field; cosmology; foundational_partition; reproducibility,OPEN:1; LIMIT:1,V,Reproducibility assets and computational provenance,mapped_provisional,unreviewed,unreviewed,
MONOGRAPH/06 HELICAL RELATIVITY/02 COMPUTATIONS/three_part_bubble_results.json,C:\Users\joesh\Documents\Codex\2026-08-02\files-mentioned-by-the-user-handoff\work\unified-mechanics-monograph\06 HELICAL RELATIVITY\02 COMPUTATIONS\three_part_bubble_results.json,1c082b7e25e0a74fe7aa3e7289c6ed0a571b2083b3935dd95fc07e956d46b7ea,.json,data_or_certificate,284,geometry_gravity; foundational_partition,,V,Reproducibility assets and computational provenance,mapped_provisional,unreviewed,unreviewed,
MONOGRAPH/06 HELICAL RELATIVITY/02 COMPUTATIONS/verify_review.py,C:\Users\joesh\Documents\Codex\2026-08-02\files-mentioned-by-the-user-handoff\work\unified-mechanics-monograph\06 HELICAL RELATIVITY\02 COMPUTATIONS\verify_review.py,470e5289b5387f0b7dc18ba5507c710a17a73c18671a3cada640796da3960030,.py,implementation,1587,geometry_gravity; least_action_field; cosmology; reproducibility,DERIVED:6; RESULT:2; OPEN:3,V,Reproducibility assets and computational provenance,mapped_provisional,unreviewed,unreviewed,
MONOGRAPH/06 HELICAL RELATIVITY/02 COMPUTATIONS/verify_review_results.json,C:\Users\joesh\Documents\Codex\2026-08-02\files-mentioned-by-the-user-handoff\work\unified-mechanics-monograph\06 HELICAL RELATIVITY\02 COMPUTATIONS\verify_review_results.json,f0beb661f7924ef1d563726b63b309cdf86e299d57b25a1b5fb25255607ca1f3,.json,data_or_certificate,257,geometry_gravity; least_action_field,DERIVED:2; RESULT:1; OPEN:1,V,Reproducibility assets and computational provenance,mapped_provisional,unreviewed,unreviewed,
MONOGRAPH/06 HELICAL RELATIVITY/90 HISTORY/Bubble_Field_Closure_Attack_G_Source_Weak_Leptons_Joseph_Shields.docx,C:\Users\joesh\Documents\Codex\2026-08-02\files-mentioned-by-the-user-handoff\work\unified-mechanics-monograph\06 HELICAL RELATIVITY\90 HISTORY\Bubble_Field_Closure_Attack_G_Source_Weak_Leptons_Joseph_Shields.docx,bb6be69eabfa6c3bbcdd8ee9bbc79d2310acce371bc15b1e3cc95e7fa3eefe1d,.docx,historical_manuscript,2586,geometry_gravity; least_action_field; cosmology; matter_atomic; foundational_partition; traversal_history,ESTABLISHED:1; CONDITIONAL:9; PREDICTION:1; RESULT:3; OPEN:4,V,Historical development and withdrawn field routes,mapped_provisional,unreviewed,unreviewed,
MONOGRAPH/06 HELICAL RELATIVITY/90 HISTORY/Bubble_Field_Closure_Attack_G_Source_Weak_Leptons_Joseph_Shields.pdf,C:\Users\joesh\Documents\Codex\2026-08-02\files-mentioned-by-the-user-handoff\work\unified-mechanics-monograph\06 HELICAL RELATIVITY\90 HISTORY\Bubble_Field_Closure_Attack_G_Source_Weak_Leptons_Joseph_Shields.pdf,3b7dc8a5b6a2d9f9eb01c2f288ac533f4a3aa685657689d2457e57840b43c486,.pdf,historical_manuscript,2640,geometry_gravity; least_action_field; cosmology; matter_atomic; foundational_partition; traversal_history,ESTABLISHED:1; CONDITIONAL:9; PREDICTION:1; RESULT:3; OPEN:4,V,Historical development and withdrawn field routes,mapped_provisional,unreviewed,unreviewed,
MONOGRAPH/06 HELICAL RELATIVITY/90 HISTORY/The_Bubble_Field_Compression_Boundary_Closure_Joseph_Shields.docx,C:\Users\joesh\Documents\Codex\2026-08-02\files-mentioned-by-the-user-handoff\work\unified-mechanics-monograph\06 HELICAL RELATIVITY\90 HISTORY\The_Bubble_Field_Compression_Boundary_Closure_Joseph_Shields.docx,bfd20642585796fce447d8031a890259455194d95e69ca8e826b8986a17dc010,.docx,historical_manuscript,3707,geometry_gravity; least_action_field; reproducibility; matter_atomic; cosmology; foundational_partition,ESTABLISHED:2; CONDITIONAL:21; PROPOSED:2; FORECAST:4; PREDICTION:8; RESULT:14; OPEN:2; WITHDRAWN:2; FAILED:1,V,Historical development and withdrawn field routes,mapped_provisional,unreviewed,unreviewed,
MONOGRAPH/06 HELICAL RELATIVITY/90 HISTORY/The_Bubble_Field_Compression_Boundary_Closure_Joseph_Shields.pdf,C:\Users\joesh\Documents\Codex\2026-08-02\files-mentioned-by-the-user-handoff\work\unified-mechanics-monograph\06 HELICAL RELATIVITY\90 HISTORY\The_Bubble_Field_Compression_Boundary_Closure_Joseph_Shields.pdf,449f92368667d9dc4734dfad930af8a608a970340c52951828cb6ca3c58c80ef,.pdf,historical_manuscript,3775,least_action_field; geometry_gravity; reproducibility; matter_atomic; cosmology; foundational_partition,ESTABLISHED:2; CONDITIONAL:21; PROPOSED:2; FORECAST:4; PREDICTION:8; RESULT:14; OPEN:2; WITHDRAWN:2; FAILED:1,V,Historical development and withdrawn field routes,mapped_provisional,unreviewed,unreviewed,
MONOGRAPH/06 HELICAL RELATIVITY/90 HISTORY/The_Bubble_Field_Compression_Boundary_Closure_Joseph_Shields_REFERENT_PRINCIPLE.docx,C:\Users\joesh\Documents\Codex\2026-08-02\files-mentioned-by-the-user-handoff\work\unified-mechanics-monograph\06 HELICAL RELATIVITY\90 HISTORY\The_Bubble_Field_Compression_Boundary_Closure_Joseph_Shields_REFERENT_PRINCIPLE.docx,86b795f22bb01ee39ac6df9e45dc37d84b3680f9396ae21fd11fcbf7551f24d9,.docx,historical_manuscript,4075,geometry_gravity; least_action_field; reproducibility; matter_atomic; cosmology; foundational_partition,ESTABLISHED:2; CONDITIONAL:21; PROPOSED:2; FORECAST:5; PREDICTION:9; RESULT:15; OPEN:2; WITHDRAWN:2; FAILED:3,V,Historical development and withdrawn field routes,mapped_provisional,unreviewed,unreviewed,
MONOGRAPH/06 HELICAL RELATIVITY/90 HISTORY/The_Bubble_Field_Rigorous_Formulation_Joseph_Shields.docx,C:\Users\joesh\Documents\Codex\2026-08-02\files-mentioned-by-the-user-handoff\work\unified-mechanics-monograph\06 HELICAL RELATIVITY\90 HISTORY\The_Bubble_Field_Rigorous_Formulation_Joseph_Shields.docx,cfe602f13364d52d3b5e1b83e5c2e9476c9a18d60584b7a2137b551ebc5789fd,.docx,historical_manuscript,3946,geometry_gravity; least_action_field; reproducibility; cosmology; traversal_history; matter_atomic,PROVED:1; DERIVED:8; CONDITIONAL:1; PROPOSED:3; PREDICTION:2; RESULT:5; OPEN:3; LIMIT:7,V,Historical development and withdrawn field routes,mapped_provisional,unreviewed,unreviewed,
MONOGRAPH/90 ARCHIVE/Printings/Fourth/A World of Distinctions.docx,C:\Users\joesh\Documents\Codex\2026-08-02\files-mentioned-by-the-user-handoff\work\unified-mechanics-monograph\90 ARCHIVE\Printings\Fourth\A World of Distinctions.docx,6107d6a20cafd1749d647a93f49127f7b778ef7ed5148cbedb31a2ed27a8c958,.docx,manuscript,17830,personal_relativity; logical_action; reproducibility; geometry_gravity; foundational_partition; traversal_history,PROVED:31; DERIVED:3; ESTABLISHED:8; CONDITIONAL:16; PROPOSED:23; RESULT:7; OPEN:34; LIMIT:6; DISSOLVED:2; FAILED:4,V,Historical and supersession ledger,mapped_provisional,unreviewed,unreviewed,
MONOGRAPH/90 ARCHIVE/Printings/Fourth/A World of Distinctions.pdf,C:\Users\joesh\Documents\Codex\2026-08-02\files-mentioned-by-the-user-handoff\work\unified-mechanics-monograph\90 ARCHIVE\Printings\Fourth\A World of Distinctions.pdf,dae4f7b7425410499dc0d76e991b4c5a8f0f82062e883dd8a087e4bdc5c16b68,.pdf,manuscript,19105,personal_relativity; logical_action; reproducibility; geometry_gravity; foundational_partition; traversal_history,PROVED:31; DERIVED:3; ESTABLISHED:8; CONDITIONAL:16; PROPOSED:23; RESULT:7; OPEN:34; LIMIT:6; DISSOLVED:2; FAILED:4,V,Historical and supersession ledger,mapped_provisional,unreviewed,unreviewed,
MONOGRAPH/90 ARCHIVE/Printings/Fourth/FREEZE MANIFEST.md,C:\Users\joesh\Documents\Codex\2026-08-02\files-mentioned-by-the-user-handoff\work\unified-mechanics-monograph\90 ARCHIVE\Printings\Fourth\FREEZE MANIFEST.md,36244f5c6b85338aeda8144a5e94fa42fe3327be1bc426134278fa0de7a3a412,.md,manifest,1363,geometry_gravity; logical_action; personal_relativity; traversal_history; foundational_partition; matter_atomic,PROVED:8; DERIVED:2; CONDITIONAL:3; PROPOSED:2; RESULT:5; OPEN:5; DISSOLVED:2,V,Reproducibility assets and computational provenance,mapped_provisional,unreviewed,unreviewed,
MONOGRAPH/90 ARCHIVE/Printings/Fourth/PDF Editions/Universopedia — The Observational Standard.pdf,C:\Users\joesh\Documents\Codex\2026-08-02\files-mentioned-by-the-user-handoff\work\unified-mechanics-monograph\90 ARCHIVE\Printings\Fourth\PDF Editions\Universopedia — The Observational Standard.pdf,aec9f71413f7f748f4df3c5f2f8867ea5dbc4a234f8d7b53123363d0e236d81c,.pdf,manuscript,39825,personal_relativity; matter_atomic; geometry_gravity; cosmology; reproducibility; logical_action,PROVED:2; DERIVED:16; ESTABLISHED:99; CONDITIONAL:6; PROPOSED:12; PREDICTION:60; RESULT:48; OPEN:118; LIMIT:89; FAILED:2,V,Historical and supersession ledger,mapped_provisional,unreviewed,unreviewed,
MONOGRAPH/90 ARCHIVE/Printings/Fourth/READ ME FIRST.md,C:\Users\joesh\Documents\Codex\2026-08-02\files-mentioned-by-the-user-handoff\work\unified-mechanics-monograph\90 ARCHIVE\Printings\Fourth\READ ME FIRST.md,03df56466fa00e4743fab532495d3e036993db8c2610a37a70c083201a9450cd,.md,supporting_text,1067,reproducibility; personal_relativity; geometry_gravity; logical_action; traversal_history; foundational_partition,PROVED:1; DERIVED:1; CONDITIONAL:2; PROPOSED:1; RESULT:3; OPEN:8; DISSOLVED:1,V,Historical and supersession ledger,mapped_provisional,unreviewed,unreviewed,
MONOGRAPH/90 ARCHIVE/Printings/Fourth/README.md,C:\Users\joesh\Documents\Codex\2026-08-02\files-mentioned-by-the-user-handoff\work\unified-mechanics-monograph\90 ARCHIVE\Printings\Fourth\README.md,efed703445ba11180c443ca08f2c3de6396e5700974bb175d3f719a817f67779,.md,orientation_or_ledger,227,personal_relativity; geometry_gravity; logical_action; reproducibility,PROVED:1; ESTABLISHED:1; CONDITIONAL:1; PROPOSED:1; OPEN:3; DISSOLVED:1,V,Historical and supersession ledger,mapped_provisional,unreviewed,unreviewed,
MONOGRAPH/90 ARCHIVE/Printings/Fourth/Research Archive/README.md,C:\Users\joesh\Documents\Codex\2026-08-02\files-mentioned-by-the-user-handoff\work\unified-mechanics-monograph\90 ARCHIVE\Printings\Fourth\Research Archive\README.md,c3345f98ce45abcee464d6337367cce5c1ec6e0367be7aa96ed78af3e5f1f01b,.md,orientation_or_ledger,264,reproducibility; foundational_partition; geometry_gravity,RESULT:1,V,Historical and supersession ledger,mapped_provisional,unreviewed,unreviewed,
MONOGRAPH/90 ARCHIVE/Printings/Fourth/Research Archive/results/interface_results.json,C:\Users\joesh\Documents\Codex\2026-08-02\files-mentioned-by-the-user-handoff\work\unified-mechanics-monograph\90 ARCHIVE\Printings\Fourth\Research Archive\results\interface_results.json,9ce7d383b9914ac267cbf5b318911101ad8123863c2d541e69e63f45581563cd,.json,data_or_certificate,132,,,V,Reproducibility assets and computational provenance,mapped_provisional,unreviewed,unreviewed,
MONOGRAPH/90 ARCHIVE/Printings/Fourth/Research Archive/results/sparc_results.json,C:\Users\joesh\Documents\Codex\2026-08-02\files-mentioned-by-the-user-handoff\work\unified-mechanics-monograph\90 ARCHIVE\Printings\Fourth\Research Archive\results\sparc_results.json,dc0a39b13ede212f17ed0ecc4ee29f80db7448a21a4c1e0ff4ceb63340143c2b,.json,data_or_certificate,73,,,V,Reproducibility assets and computational provenance,mapped_provisional,unreviewed,unreviewed,
MONOGRAPH/90 ARCHIVE/Printings/Fourth/Research Archive/scripts/dev_neurogenesis_test.py,C:\Users\joesh\Documents\Codex\2026-08-02\files-mentioned-by-the-user-handoff\work\unified-mechanics-monograph\90 ARCHIVE\Printings\Fourth\Research Archive\scripts\dev_neurogenesis_test.py,fc7bd86066a9a6a136ab3873649a6325e1d6e625a43eb5506bed68c2a8b1e17b,.py,implementation,424,cosmology; least_action_field,RESULT:1,V,Reproducibility assets and computational provenance,mapped_provisional,unreviewed,unreviewed,
MONOGRAPH/90 ARCHIVE/Printings/Fourth/Research Archive/scripts/e8_golden_tests.py,C:\Users\joesh\Documents\Codex\2026-08-02\files-mentioned-by-the-user-handoff\work\unified-mechanics-monograph\90 ARCHIVE\Printings\Fourth\Research Archive\scripts\e8_golden_tests.py,6b6af9428f002f38c5ec6d22e0159fba8fc89f5dc9a93750721e5d1072792d68,.py,implementation,707,least_action_field; reproducibility,RESULT:1,V,Reproducibility assets and computational provenance,mapped_provisional,unreviewed,unreviewed,
MONOGRAPH/90 ARCHIVE/Printings/Fourth/Research Archive/scripts/interface_integral_test.py,C:\Users\joesh\Documents\Codex\2026-08-02\files-mentioned-by-the-user-handoff\work\unified-mechanics-monograph\90 ARCHIVE\Printings\Fourth\Research Archive\scripts\interface_integral_test.py,d9a342e39f3f08ff66f4732d26f30e40a67b84d5f0abfd8a94b8673ed3e249d4,.py,implementation,437,cosmology; reproducibility,OPEN:2,V,Reproducibility assets and computational provenance,mapped_provisional,unreviewed,unreviewed,
MONOGRAPH/90 ARCHIVE/Printings/Fourth/Research Archive/scripts/neuro_avalanche_test.py,C:\Users\joesh\Documents\Codex\2026-08-02\files-mentioned-by-the-user-handoff\work\unified-mechanics-monograph\90 ARCHIVE\Printings\Fourth\Research Archive\scripts\neuro_avalanche_test.py,72f8cb5d9a7b93c1922c30ba96fb7ec8bd3755f012d9d12d435208beb22f99c3,.py,implementation,391,,RESULT:1,V,Reproducibility assets and computational provenance,mapped_provisional,unreviewed,unreviewed,
MONOGRAPH/90 ARCHIVE/Printings/Fourth/Research Archive/scripts/sgz_balanced_turnover_test.py,C:\Users\joesh\Documents\Codex\2026-08-02\files-mentioned-by-the-user-handoff\work\unified-mechanics-monograph\90 ARCHIVE\Printings\Fourth\Research Archive\scripts\sgz_balanced_turnover_test.py,49f3689e9a84f884e21910351c1ba43d733cf206ce9666cddae1b5c5eab3f650,.py,implementation,218,,RESULT:1,V,Reproducibility assets and computational provenance,mapped_provisional,unreviewed,unreviewed,
MONOGRAPH/90 ARCHIVE/Printings/Fourth/Research Archive/scripts/sparc_test.py,C:\Users\joesh\Documents\Codex\2026-08-02\files-mentioned-by-the-user-handoff\work\unified-mechanics-monograph\90 ARCHIVE\Printings\Fourth\Research Archive\scripts\sparc_test.py,914aff77bd97e7573c3157ad0adbf2634cbd74d518d6b6092556651b8c6a9ee2,.py,implementation,1101,cosmology,OPEN:3,V,Reproducibility assets and computational provenance,mapped_provisional,unreviewed,unreviewed,
MONOGRAPH/90 ARCHIVE/Printings/Fourth/Research Archive/Systems of Interpretation — detailed workings/Application 02 — The Processing-Machine Motif and a Neuronal Test.pdf,C:\Users\joesh\Documents\Codex\2026-08-02\files-mentioned-by-the-user-handoff\work\unified-mechanics-monograph\90 ARCHIVE\Printings\Fourth\Research Archive\Systems of Interpretation — detailed workings\Application 02 — The Processing-Machine Motif and a Neuronal Test.pdf,c215955544584d2da023a6e8ada1a1d0ba4f942644bf51e2c446f9c5ea419867,.pdf,manuscript,1998,personal_relativity; foundational_partition; matter_atomic,ESTABLISHED:4; RESULT:2; OPEN:1; FAILED:1,V,Historical and supersession ledger,mapped_provisional,unreviewed,unreviewed,
MONOGRAPH/90 ARCHIVE/Printings/Fourth/Research Archive/Systems of Interpretation — detailed workings/Application 04 — The Balanced-Turnover Test (Subgranular Zone).pdf,C:\Users\joesh\Documents\Codex\2026-08-02\files-mentioned-by-the-user-handoff\work\unified-mechanics-monograph\90 ARCHIVE\Printings\Fourth\Research Archive\Systems of Interpretation — detailed workings\Application 04 — The Balanced-Turnover Test (Subgranular Zone).pdf,f9c31b4d6c57b6d4997671f5050c473c4f3e75722443313c303e72f0f0e9e2e3,.pdf,manuscript,1645,least_action_field; foundational_partition; personal_relativity; cosmology; geometry_gravity,DERIVED:1; PREDICTION:1; RESULT:5; OPEN:1; FAILED:3,V,Historical and supersession ledger,mapped_provisional,unreviewed,unreviewed,
MONOGRAPH/90 ARCHIVE/Printings/Fourth/Unified Mechanics — The Formal Register.docx,C:\Users\joesh\Documents\Codex\2026-08-02\files-mentioned-by-the-user-handoff\work\unified-mechanics-monograph\90 ARCHIVE\Printings\Fourth\Unified Mechanics — The Formal Register.docx,af4b5bf265095889627dca4c88b4687eeb9a428c35e5f26b9d16ba8d9769ed1b,.docx,manuscript,3696,personal_relativity; reproducibility; logical_action; geometry_gravity; traversal_history; foundational_partition,PROVED:28; CONDITIONAL:10; PROPOSED:1; PREDICTION:1; RESULT:9; OPEN:11; DISSOLVED:1,V,Historical and supersession ledger,mapped_provisional,unreviewed,unreviewed,
MONOGRAPH/90 ARCHIVE/Printings/Fourth/Unified Mechanics — The Formal Register.pdf,C:\Users\joesh\Documents\Codex\2026-08-02\files-mentioned-by-the-user-handoff\work\unified-mechanics-monograph\90 ARCHIVE\Printings\Fourth\Unified Mechanics — The Formal Register.pdf,bf38c95088a61b8ede4163c55f565c3b7ca2da5ddbaa4dce5947e48c68771b00,.pdf,manuscript,3814,personal_relativity; reproducibility; logical_action; geometry_gravity; traversal_history; foundational_partition,PROVED:28; CONDITIONAL:10; PROPOSED:1; PREDICTION:1; RESULT:9; OPEN:11; DISSOLVED:1,V,Historical and supersession ledger,mapped_provisional,unreviewed,unreviewed,
MONOGRAPH/90 ARCHIVE/Printings/Fourth/Universopedia — Systems of Interpretation.pdf,C:\Users\joesh\Documents\Codex\2026-08-02\files-mentioned-by-the-user-handoff\work\unified-mechanics-monograph\90 ARCHIVE\Printings\Fourth\Universopedia — Systems of Interpretation.pdf,9bc3b2494e1c357121d628fe013a1a7d407d45c99201b60c2de91362b4e223e9,.pdf,manuscript,1867,personal_relativity; least_action_field,PREDICTION:2; RESULT:3; OPEN:3; FAILED:1,V,Historical and supersession ledger,mapped_provisional,unreviewed,unreviewed,
MONOGRAPH/90 ARCHIVE/Printings/Fourth/Universopedia — The Observational Standard.pdf,C:\Users\joesh\Documents\Codex\2026-08-02\files-mentioned-by-the-user-handoff\work\unified-mechanics-monograph\90 ARCHIVE\Printings\Fourth\Universopedia — The Observational Standard.pdf,58cdc747a1666bd3e9ef86561935de5a4b64425a0ff35385c15e4d0d9bbf1c9c,.pdf,manuscript,37958,personal_relativity; matter_atomic; geometry_gravity; cosmology; reproducibility; logical_action,PROVED:2; DERIVED:16; ESTABLISHED:99; CONDITIONAL:6; PROPOSED:12; PREDICTION:58; RESULT:45; OPEN:115; LIMIT:89; FAILED:1,V,Historical and supersession ledger,mapped_provisional,unreviewed,unreviewed,
MONOGRAPH/ADDENDA/00 ADDENDA INDEX.md,C:\Users\joesh\Documents\Codex\2026-08-02\files-mentioned-by-the-user-handoff\work\unified-mechanics-monograph\ADDENDA\00 ADDENDA INDEX.md,b68c270752b8943acfefebd594531d165af385268df3e0475e914502bde277bc,.md,orientation_or_ledger,3308,cosmology; personal_relativity; geometry_gravity; colour_field; helical_multiplication; master_readout,PROVED:18; CONDITIONAL:1; PREDICTION:6; RESULT:2; OPEN:5; LIMIT:1; DISSOLVED:3,V,Addenda protocol and provenance,mapped_provisional,unreviewed,unreviewed,
MONOGRAPH/ADDENDA/00 hash_addenda.py,C:\Users\joesh\Documents\Codex\2026-08-02\files-mentioned-by-the-user-handoff\work\unified-mechanics-monograph\ADDENDA\00 hash_addenda.py,61c50edb6fdc93b5c307f16d704f5114a507b4c005dbe8eb9803889fdb1d72a2,.py,implementation,114,reproducibility,,V,Reproducibility assets and computational provenance,mapped_provisional,unreviewed,unreviewed,
MONOGRAPH/ADDENDA/A01 The Resolution Operator/SHA256SUMS.txt,C:\Users\joesh\Documents\Codex\2026-08-02\files-mentioned-by-the-user-handoff\work\unified-mechanics-monograph\ADDENDA\A01 The Resolution Operator\SHA256SUMS.txt,475203056bc04759d76a3e6678e42679ca623731c3124629bb26a6790f9e42a4,.txt,manifest,6,,,V,Reproducibility assets and computational provenance,mapped_provisional,unreviewed,unreviewed,
MONOGRAPH/ADDENDA/A01 The Resolution Operator/The_Resolution_Operator_Joseph_Shields.docx,C:\Users\joesh\Documents\Codex\2026-08-02\files-mentioned-by-the-user-handoff\work\unified-mechanics-monograph\ADDENDA\A01 The Resolution Operator\The_Resolution_Operator_Joseph_Shields.docx,f9d9b5b69613d40b400f31c1fe7c48a28c9b8a761c42d84c5c20c20af0857faa,.docx,manuscript,2819,personal_relativity; traversal_history; geometry_gravity; foundational_partition; reproducibility,DERIVED:1; PROPOSED:1; PREDICTION:1; RESULT:4; OPEN:12; LIMIT:2,III,"Resolution, evolution, helical arithmetic, and master readout",mapped_provisional,unreviewed,unreviewed,
MONOGRAPH/ADDENDA/A01 The Resolution Operator/The_Resolution_Operator_Joseph_Shields.pdf,C:\Users\joesh\Documents\Codex\2026-08-02\files-mentioned-by-the-user-handoff\work\unified-mechanics-monograph\ADDENDA\A01 The Resolution Operator\The_Resolution_Operator_Joseph_Shields.pdf,4db4bd93cffe4cd507917e608faf817a1de586c788265e96584c317b10c75306,.pdf,manuscript,2808,personal_relativity; traversal_history; geometry_gravity; foundational_partition; reproducibility,DERIVED:1; PROPOSED:1; PREDICTION:1; RESULT:4; OPEN:12; LIMIT:2,III,"Resolution, evolution, helical arithmetic, and master readout",mapped_provisional,unreviewed,unreviewed,
MONOGRAPH/ADDENDA/A02 The Field Derivation Suite/SHA256SUMS.txt,C:\Users\joesh\Documents\Codex\2026-08-02\files-mentioned-by-the-user-handoff\work\unified-mechanics-monograph\ADDENDA\A02 The Field Derivation Suite\SHA256SUMS.txt,7d96383f5e596ad8a35c43e44be12c509925f3ada084678f16930bb52e805549,.txt,manifest,6,,,V,Reproducibility assets and computational provenance,mapped_provisional,unreviewed,unreviewed,
MONOGRAPH/ADDENDA/A02 The Field Derivation Suite/um_field_suite.py,C:\Users\joesh\Documents\Codex\2026-08-02\files-mentioned-by-the-user-handoff\work\unified-mechanics-monograph\ADDENDA\A02 The Field Derivation Suite\um_field_suite.py,a06d6cb181fe4c050442e059e9632d08a91814dd10e1cf15a3b2d9df4470d3c3,.py,implementation,2636,colour_field; cosmology; least_action_field; foundational_partition; traversal_history; geometry_gravity,OPEN:1,V,Reproducibility assets and computational provenance,mapped_provisional,unreviewed,unreviewed,
MONOGRAPH/ADDENDA/A02 The Field Derivation Suite/um_field_suite_results.json,C:\Users\joesh\Documents\Codex\2026-08-02\files-mentioned-by-the-user-handoff\work\unified-mechanics-monograph\ADDENDA\A02 The Field Derivation Suite\um_field_suite_results.json,d770be1b04b36970826c81f83a190a9715a566b8e968162700b54350cc9f018b,.json,data_or_certificate,1198,colour_field; traversal_history; cosmology; geometry_gravity; foundational_partition; least_action_field,,V,Reproducibility assets and computational provenance,mapped_provisional,unreviewed,unreviewed,
MONOGRAPH/ADDENDA/A03 The Forward Solver/SHA256SUMS.txt,C:\Users\joesh\Documents\Codex\2026-08-02\files-mentioned-by-the-user-handoff\work\unified-mechanics-monograph\ADDENDA\A03 The Forward Solver\SHA256SUMS.txt,43e8d27d0812d9a3b9639d72026358de997e0ac37208e1bc2e9377e854a82078,.txt,manifest,12,,,V,Reproducibility assets and computational provenance,mapped_provisional,unreviewed,unreviewed,
MONOGRAPH/ADDENDA/A03 The Forward Solver/um_forward_solver.py,C:\Users\joesh\Documents\Codex\2026-08-02\files-mentioned-by-the-user-handoff\work\unified-mechanics-monograph\ADDENDA\A03 The Forward Solver\um_forward_solver.py,7e944882b29b032f852ceabdb8cb17dda9e365a66e7b1a2323e9fd6a7a6fa0e3,.py,implementation,2005,cosmology; foundational_partition; geometry_gravity; least_action_field; traversal_history,PREDICTION:1; OPEN:1,V,Reproducibility assets and computational provenance,mapped_provisional,unreviewed,unreviewed,
MONOGRAPH/ADDENDA/A03 The Forward Solver/um_forward_solver_results.json,C:\Users\joesh\Documents\Codex\2026-08-02\files-mentioned-by-the-user-handoff\work\unified-mechanics-monograph\ADDENDA\A03 The Forward Solver\um_forward_solver_results.json,66407c6fd0bc614aa6392cb8d694b5d3ecfd993c59dea69e5c13d3655ced2c28,.json,data_or_certificate,216,cosmology; geometry_gravity,,V,Reproducibility assets and computational provenance,mapped_provisional,unreviewed,unreviewed,
MONOGRAPH/ADDENDA/A04 The Internal State Instrument/internal_state_instrument.py,C:\Users\joesh\Documents\Codex\2026-08-02\files-mentioned-by-the-user-handoff\work\unified-mechanics-monograph\ADDENDA\A04 The Internal State Instrument\internal_state_instrument.py,1fb3c2db91ba2852bb655ad21d2de596a3b5f2622a1e28c8f5bdd70ac1bc07cf,.py,implementation,1157,cosmology; geometry_gravity; personal_relativity,OPEN:1,V,Reproducibility assets and computational provenance,mapped_provisional,unreviewed,unreviewed,
MONOGRAPH/ADDENDA/A04 The Internal State Instrument/internal_state_instrument_results.json,C:\Users\joesh\Documents\Codex\2026-08-02\files-mentioned-by-the-user-handoff\work\unified-mechanics-monograph\ADDENDA\A04 The Internal State Instrument\internal_state_instrument_results.json,5ef4e78f5d033374c24bf16838d98413b181ef40380409a93e16cda3d3b2db81,.json,data_or_certificate,589,cosmology,,V,Reproducibility assets and computational provenance,mapped_provisional,unreviewed,unreviewed,
MONOGRAPH/ADDENDA/A04 The Internal State Instrument/SHA256SUMS.txt,C:\Users\joesh\Documents\Codex\2026-08-02\files-mentioned-by-the-user-handoff\work\unified-mechanics-monograph\ADDENDA\A04 The Internal State Instrument\SHA256SUMS.txt,7f24e0d516e111d311c8c51d8c80d0ae8c4e2ee22c584c0dc180dc765d18937b,.txt,manifest,12,,,V,Reproducibility assets and computational provenance,mapped_provisional,unreviewed,unreviewed,
MONOGRAPH/ADDENDA/A04 The Internal State Instrument/The_Internal_State_Instrument_Joseph_Shields.docx,C:\Users\joesh\Documents\Codex\2026-08-02\files-mentioned-by-the-user-handoff\work\unified-mechanics-monograph\ADDENDA\A04 The Internal State Instrument\The_Internal_State_Instrument_Joseph_Shields.docx,170696d2eb197c7308db96471244bf28d1082fdcd020c39885276ef370a00266,.docx,manuscript,2213,geometry_gravity; personal_relativity; cosmology,PROVED:3; RESULT:1; OPEN:1,III,"Resolution, evolution, helical arithmetic, and master readout",mapped_provisional,unreviewed,unreviewed,
MONOGRAPH/ADDENDA/A04 The Internal State Instrument/The_Internal_State_Instrument_Joseph_Shields.pdf,C:\Users\joesh\Documents\Codex\2026-08-02\files-mentioned-by-the-user-handoff\work\unified-mechanics-monograph\ADDENDA\A04 The Internal State Instrument\The_Internal_State_Instrument_Joseph_Shields.pdf,99925f34accc0751f52fc52fbbf46cad4bf70eb95470cad1add40c5174ead581,.pdf,manuscript,2216,geometry_gravity; personal_relativity; cosmology,PROVED:3; RESULT:1; OPEN:1,III,"Resolution, evolution, helical arithmetic, and master readout",mapped_provisional,unreviewed,unreviewed,
MONOGRAPH/ADDENDA/A05 Prediction From The Colour Average/colour_average_prediction.py,C:\Users\joesh\Documents\Codex\2026-08-02\files-mentioned-by-the-user-handoff\work\unified-mechanics-monograph\ADDENDA\A05 Prediction From The Colour Average\colour_average_prediction.py,722e3a8699ea778658224ca0b48d85bbf25a1bc8aef6075d53e9ea5721ef35c4,.py,implementation,1870,colour_field; cosmology; geometry_gravity; personal_relativity,PREDICTION:4; OPEN:1,V,Reproducibility assets and computational provenance,mapped_provisional,unreviewed,unreviewed,
MONOGRAPH/ADDENDA/A05 Prediction From The Colour Average/colour_average_prediction_results.json,C:\Users\joesh\Documents\Codex\2026-08-02\files-mentioned-by-the-user-handoff\work\unified-mechanics-monograph\ADDENDA\A05 Prediction From The Colour Average\colour_average_prediction_results.json,9793a4dfa44755b26ff53d454acba1e9c5b6172beda765477a0ed4444d1ebd82,.json,data_or_certificate,312,colour_field; cosmology,,V,Reproducibility assets and computational provenance,mapped_provisional,unreviewed,unreviewed,
MONOGRAPH/ADDENDA/A05 Prediction From The Colour Average/SHA256SUMS.txt,C:\Users\joesh\Documents\Codex\2026-08-02\files-mentioned-by-the-user-handoff\work\unified-mechanics-monograph\ADDENDA\A05 Prediction From The Colour Average\SHA256SUMS.txt,48fdd62ac0683f75e03bceea538b35a98a716bf9f9223eca9483bf68de41c0ed,.txt,manifest,9,,,V,Reproducibility assets and computational provenance,mapped_provisional,unreviewed,unreviewed,
MONOGRAPH/ADDENDA/A06 The Whole Thing Once/SHA256SUMS.txt,C:\Users\joesh\Documents\Codex\2026-08-02\files-mentioned-by-the-user-handoff\work\unified-mechanics-monograph\ADDENDA\A06 The Whole Thing Once\SHA256SUMS.txt,14a7b14f5ea081326302aba2f09f729137409ce29700e04e02cdfce1cb70d329,.txt,manifest,6,,,V,Reproducibility assets and computational provenance,mapped_provisional,unreviewed,unreviewed,
MONOGRAPH/ADDENDA/A06 The Whole Thing Once/The_Whole_Thing_Once_Joseph_Shields.docx,C:\Users\joesh\Documents\Codex\2026-08-02\files-mentioned-by-the-user-handoff\work\unified-mechanics-monograph\ADDENDA\A06 The Whole Thing Once\The_Whole_Thing_Once_Joseph_Shields.docx,350cb07bf21ca9276f9c2d8c8c60bdbb17d38f115118b428ec717b52841cc856,.docx,manuscript,4688,foundational_partition; geometry_gravity; personal_relativity; traversal_history; cosmology; least_action_field,PROVED:24; DERIVED:4; CONDITIONAL:3; CONJECTURE:1; PROPOSED:2; PREDICTION:1; RESULT:3; OPEN:10; LIMIT:2; DISSOLVED:10; REFUTED:3; FAILED:3,I; II; III; IV; V,Corpus-wide synthesis and concordance,mapped_provisional,unreviewed,unreviewed,
MONOGRAPH/ADDENDA/A06 The Whole Thing Once/The_Whole_Thing_Once_Joseph_Shields.pdf,C:\Users\joesh\Documents\Codex\2026-08-02\files-mentioned-by-the-user-handoff\work\unified-mechanics-monograph\ADDENDA\A06 The Whole Thing Once\The_Whole_Thing_Once_Joseph_Shields.pdf,de8b13f41933489b7fa53b089945d8f4af8673739ae1b1e261b8343808a9e7da,.pdf,manuscript,4705,foundational_partition; geometry_gravity; personal_relativity; traversal_history; cosmology; least_action_field,PROVED:24; DERIVED:4; CONDITIONAL:3; CONJECTURE:1; PROPOSED:2; PREDICTION:1; RESULT:3; OPEN:10; LIMIT:2; DISSOLVED:10; REFUTED:3; FAILED:3,I; II; III; IV; V,Corpus-wide synthesis and concordance,mapped_provisional,unreviewed,unreviewed,
MONOGRAPH/ADDENDA/A07 Helical Multiplication/helical_multiplication.py,C:\Users\joesh\Documents\Codex\2026-08-02\files-mentioned-by-the-user-handoff\work\unified-mechanics-monograph\ADDENDA\A07 Helical Multiplication\helical_multiplication.py,92b803a6b4f3de064b09b7e363796ca7170046399f58a6c2a1b43551418df50c,.py,implementation,1215,helical_multiplication; cosmology,OPEN:1,V,Reproducibility assets and computational provenance,mapped_provisional,unreviewed,unreviewed,
MONOGRAPH/ADDENDA/A07 Helical Multiplication/helical_multiplication_results.json,C:\Users\joesh\Documents\Codex\2026-08-02\files-mentioned-by-the-user-handoff\work\unified-mechanics-monograph\ADDENDA\A07 Helical Multiplication\helical_multiplication_results.json,40c4f0fa4696dd6e4b04d764fc5b091c64fea392881aa9dc77292075d6e821b5,.json,data_or_certificate,468,,,V,Reproducibility assets and computational provenance,mapped_provisional,unreviewed,unreviewed,
MONOGRAPH/ADDENDA/A07 Helical Multiplication/SHA256SUMS.txt,C:\Users\joesh\Documents\Codex\2026-08-02\files-mentioned-by-the-user-handoff\work\unified-mechanics-monograph\ADDENDA\A07 Helical Multiplication\SHA256SUMS.txt,8fd212a671d6d021860a28a69c5a6d16bd8ee7cb5851436391564a768e002ad0,.txt,manifest,6,,,V,Reproducibility assets and computational provenance,mapped_provisional,unreviewed,unreviewed,
MONOGRAPH/ADDENDA/A08 The Calculator/NOTES.md,C:\Users\joesh\Documents\Codex\2026-08-02\files-mentioned-by-the-user-handoff\work\unified-mechanics-monograph\ADDENDA\A08 The Calculator\NOTES.md,d11775a54b472f8135b1993285a8cd0e0dd3d3f583efe39e54ae275418911e74,.md,supporting_text,372,master_readout; reproducibility; colour_field; foundational_partition; traversal_history,RESULT:1; OPEN:1,III,"Resolution, evolution, helical arithmetic, and master readout",mapped_provisional,unreviewed,unreviewed,
MONOGRAPH/ADDENDA/A08 The Calculator/SHA256SUMS.txt,C:\Users\joesh\Documents\Codex\2026-08-02\files-mentioned-by-the-user-handoff\work\unified-mechanics-monograph\ADDENDA\A08 The Calculator\SHA256SUMS.txt,71a72a366a756c8d8df30b46f9157e5f3a9f38b83fc49d830c68871038529ad9,.txt,manifest,33,master_readout,,V,Reproducibility assets and computational provenance,mapped_provisional,unreviewed,unreviewed,
MONOGRAPH/ADDENDA/A08 The Calculator/um_assemble.py,C:\Users\joesh\Documents\Codex\2026-08-02\files-mentioned-by-the-user-handoff\work\unified-mechanics-monograph\ADDENDA\A08 The Calculator\um_assemble.py,6039fe8af54b207ad3a7253f3c6c62da8b4101d61a4a0ebcf4de2d5cebc5c3ee,.py,implementation,806,colour_field; cosmology; personal_relativity,OPEN:1,V,Reproducibility assets and computational provenance,mapped_provisional,unreviewed,unreviewed,
MONOGRAPH/ADDENDA/A08 The Calculator/um_assemble_results.json,C:\Users\joesh\Documents\Codex\2026-08-02\files-mentioned-by-the-user-handoff\work\unified-mechanics-monograph\ADDENDA\A08 The Calculator\um_assemble_results.json,f70bf799afc4f7e3e37e5b3138cc021fb4e13c44f69ca957d573f3d4ba8720a6,.json,data_or_certificate,224,,,V,Reproducibility assets and computational provenance,mapped_provisional,unreviewed,unreviewed,
MONOGRAPH/ADDENDA/A08 The Calculator/um_calculator.py,C:\Users\joesh\Documents\Codex\2026-08-02\files-mentioned-by-the-user-handoff\work\unified-mechanics-monograph\ADDENDA\A08 The Calculator\um_calculator.py,4ca8e00034a432c877f3266350f19745e3173ac35ae8712cb297baed8fee7eb6,.py,implementation,1595,colour_field; geometry_gravity; personal_relativity; traversal_history; master_readout; cosmology,PROVED:1; OPEN:1,V,Reproducibility assets and computational provenance,mapped_provisional,unreviewed,unreviewed,
MONOGRAPH/ADDENDA/A08 The Calculator/um_calculator_results.json,C:\Users\joesh\Documents\Codex\2026-08-02\files-mentioned-by-the-user-handoff\work\unified-mechanics-monograph\ADDENDA\A08 The Calculator\um_calculator_results.json,e11accfabd11ce8e5dfa5476528010d4552a7995d96a27b0b28a9398e572c91b,.json,data_or_certificate,1094,colour_field; traversal_history; cosmology; geometry_gravity,,V,Reproducibility assets and computational provenance,mapped_provisional,unreviewed,unreviewed,
MONOGRAPH/ADDENDA/A08 The Calculator/um_chain.py,C:\Users\joesh\Documents\Codex\2026-08-02\files-mentioned-by-the-user-handoff\work\unified-mechanics-monograph\ADDENDA\A08 The Calculator\um_chain.py,64308636c379eab8b8366386a47d00231e2b6f0968a9cd2bbadcec488cb920b2,.py,implementation,854,cosmology; traversal_history,OPEN:1,V,Reproducibility assets and computational provenance,mapped_provisional,unreviewed,unreviewed,
MONOGRAPH/ADDENDA/A08 The Calculator/um_chain_results.json,C:\Users\joesh\Documents\Codex\2026-08-02\files-mentioned-by-the-user-handoff\work\unified-mechanics-monograph\ADDENDA\A08 The Calculator\um_chain_results.json,3d700981bbf1faae01598f5b7ccd0bdf197749ae88e50f902b67c751f6eced6a,.json,data_or_certificate,359,cosmology,,V,Reproducibility assets and computational provenance,mapped_provisional,unreviewed,unreviewed,
MONOGRAPH/ADDENDA/A08 The Calculator/um_consensus.py,C:\Users\joesh\Documents\Codex\2026-08-02\files-mentioned-by-the-user-handoff\work\unified-mechanics-monograph\ADDENDA\A08 The Calculator\um_consensus.py,a4a3bb258e47c8a5ab0de737e1a1b968a8ba8f55b39f7d59cbfa74e0255fadae,.py,implementation,1275,colour_field; cosmology; traversal_history; personal_relativity,PREDICTION:1; OPEN:1,V,Reproducibility assets and computational provenance,mapped_provisional,unreviewed,unreviewed,
MONOGRAPH/ADDENDA/A08 The Calculator/um_consensus_results.json,C:\Users\joesh\Documents\Codex\2026-08-02\files-mentioned-by-the-user-handoff\work\unified-mechanics-monograph\ADDENDA\A08 The Calculator\um_consensus_results.json,012150132f2a7788e3aea13c8cb6f1316ed663c416c0ec4b070260c054025008,.json,data_or_certificate,580,colour_field; traversal_history; cosmology,,V,Reproducibility assets and computational provenance,mapped_provisional,unreviewed,unreviewed,
MONOGRAPH/ADDENDA/A08 The Calculator/um_realisation.py,C:\Users\joesh\Documents\Codex\2026-08-02\files-mentioned-by-the-user-handoff\work\unified-mechanics-monograph\ADDENDA\A08 The Calculator\um_realisation.py,385ae499842abb42485d7be77d0a684341063209abb4a32c0648264fd150e8bc,.py,implementation,755,traversal_history; helical_multiplication; personal_relativity,OPEN:1,V,Reproducibility assets and computational provenance,mapped_provisional,unreviewed,unreviewed,
MONOGRAPH/ADDENDA/A08 The Calculator/um_realisation_results.json,C:\Users\joesh\Documents\Codex\2026-08-02\files-mentioned-by-the-user-handoff\work\unified-mechanics-monograph\ADDENDA\A08 The Calculator\um_realisation_results.json,e2855a9783b4190c84fc089cb14878c1ad077118e7f0c354454df044ab823d70,.json,data_or_certificate,208,,,V,Reproducibility assets and computational provenance,mapped_provisional,unreviewed,unreviewed,
MONOGRAPH/ADDENDA/A09 The Master Equation/make_a09_plates.py,C:\Users\joesh\Documents\Codex\2026-08-02\files-mentioned-by-the-user-handoff\work\unified-mechanics-monograph\ADDENDA\A09 The Master Equation\make_a09_plates.py,7a6ad57ceeb6a9737a65a99c09ac200ca3afd6a9abdf168a26cbccdc3dc44915,.py,implementation,3671,colour_field; traversal_history; master_readout,DERIVED:1; PREDICTION:1; RESULT:2; OPEN:1,V,Reproducibility assets and computational provenance,mapped_provisional,unreviewed,unreviewed,
MONOGRAPH/ADDENDA/A09 The Master Equation/master_equation_cosmology.py,C:\Users\joesh\Documents\Codex\2026-08-02\files-mentioned-by-the-user-handoff\work\unified-mechanics-monograph\ADDENDA\A09 The Master Equation\master_equation_cosmology.py,57b1dccadc6c4ed416052faa8376e2923ab7c76a1dcc45472e74f5822a6df446,.py,implementation,3090,colour_field; personal_relativity; traversal_history; master_readout; cosmology; logical_action,PROVED:1; PROPOSED:2; PREDICTION:1; RESULT:2; OPEN:1,V,Reproducibility assets and computational provenance,mapped_provisional,unreviewed,unreviewed,
MONOGRAPH/ADDENDA/A09 The Master Equation/master_equation_results.json,C:\Users\joesh\Documents\Codex\2026-08-02\files-mentioned-by-the-user-handoff\work\unified-mechanics-monograph\ADDENDA\A09 The Master Equation\master_equation_results.json,43e908ce677a55dbe01969fcf05bd83a09a4b3af311de32e8af16874a63e75e7,.json,data_or_certificate,795,personal_relativity; traversal_history,,V,Reproducibility assets and computational provenance,mapped_provisional,unreviewed,unreviewed,
MONOGRAPH/ADDENDA/A09 The Master Equation/NOTES.md,C:\Users\joesh\Documents\Codex\2026-08-02\files-mentioned-by-the-user-handoff\work\unified-mechanics-monograph\ADDENDA\A09 The Master Equation\NOTES.md,3a4d04631ae38dcccdb18fc99fb284919a73e47f4fb222e0fefc0b5320c5419a,.md,supporting_text,1266,cosmology; personal_relativity; reproducibility; colour_field; master_readout; logical_action,PREDICTION:1; RESULT:3; OPEN:1,III,"Resolution, evolution, helical arithmetic, and master readout",mapped_provisional,unreviewed,unreviewed,
MONOGRAPH/ADDENDA/A09 The Master Equation/SHA256SUMS.txt,C:\Users\joesh\Documents\Codex\2026-08-02\files-mentioned-by-the-user-handoff\work\unified-mechanics-monograph\ADDENDA\A09 The Master Equation\SHA256SUMS.txt,e8b7af0b4b252d130867d2a1e513b3e7abe4d168ab155f7084684fbdf7baf6a1,.txt,manifest,46,cosmology,,V,Reproducibility assets and computational provenance,mapped_provisional,unreviewed,unreviewed,
MONOGRAPH/ADDENDA/A09 The Master Equation/The_Master_Equation_Joseph_Shields.docx,C:\Users\joesh\Documents\Codex\2026-08-02\files-mentioned-by-the-user-handoff\work\unified-mechanics-monograph\ADDENDA\A09 The Master Equation\The_Master_Equation_Joseph_Shields.docx,f760aeaddcb0053be88d9afa4f05e5557e8ca5eb2533669846ca44bfc7050de0,.docx,manuscript,2930,colour_field; reproducibility; personal_relativity; cosmology; traversal_history; logical_action,PROVED:4; PROPOSED:2; PREDICTION:1; RESULT:3; OPEN:2,III,"Resolution, evolution, helical arithmetic, and master readout",mapped_provisional,unreviewed,unreviewed,
MONOGRAPH/ADDENDA/A09 The Master Equation/The_Master_Equation_Joseph_Shields.pdf,C:\Users\joesh\Documents\Codex\2026-08-02\files-mentioned-by-the-user-handoff\work\unified-mechanics-monograph\ADDENDA\A09 The Master Equation\The_Master_Equation_Joseph_Shields.pdf,db30a4cc5c96656aff7fa504c8efd25b572d55e3d1089397bebef67f148cf5b5,.pdf,manuscript,2966,colour_field; reproducibility; personal_relativity; cosmology; master_readout; traversal_history,PROVED:4; PROPOSED:2; PREDICTION:1; RESULT:3; OPEN:2,III,"Resolution, evolution, helical arithmetic, and master readout",mapped_provisional,unreviewed,unreviewed,
MONOGRAPH/ADDENDA/ADDENDUM PROTOCOL.md,C:\Users\joesh\Documents\Codex\2026-08-02\files-mentioned-by-the-user-handoff\work\unified-mechanics-monograph\ADDENDA\ADDENDUM PROTOCOL.md,bdf661941799e1a03dc07c769fc6448f0df8c3d542544add2055c3e00ad73e4f,.md,supporting_text,396,reproducibility; personal_relativity,PROVED:1; CONDITIONAL:1; PROPOSED:1; RESULT:2; OPEN:3; DISSOLVED:1,V,Addenda protocol and provenance,mapped_provisional,unreviewed,unreviewed,
MONOGRAPH/Field Ledger Second Edition/bookbody1.py,C:\Users\joesh\Documents\Codex\2026-08-02\files-mentioned-by-the-user-handoff\work\unified-mechanics-monograph\Field Ledger Second Edition\bookbody1.py,8b1f37925d61740ce01b2579ac165e232ddc2ea963ebabcc3571488a7a7cc104,.py,implementation,2982,logical_action; traversal_history; reproducibility; cosmology; foundational_partition; chiral_dynamics,PROVED:8; DERIVED:1; ESTABLISHED:1; CONDITIONAL:2; PROPOSED:6; FORECAST:2; PREDICTION:2; RESULT:3; OPEN:3; WITHDRAWN:1,V,Reproducibility assets and computational provenance,mapped_provisional,unreviewed,unreviewed,
MONOGRAPH/Field Ledger Second Edition/bookbody2.py,C:\Users\joesh\Documents\Codex\2026-08-02\files-mentioned-by-the-user-handoff\work\unified-mechanics-monograph\Field Ledger Second Edition\bookbody2.py,1e84a6b9ad9c3afdb0bb0c581b6f2dbb8d72548df798ce2b1031f7d89882b1ee,.py,implementation,2226,geometry_gravity; colour_field; traversal_history; foundational_partition; least_action_field; personal_relativity,PROVED:8; DERIVED:2; CONDITIONAL:3; PROPOSED:6; RESULT:2; OPEN:6; WITHDRAWN:4; FAILED:2,V,Reproducibility assets and computational provenance,mapped_provisional,unreviewed,unreviewed,
MONOGRAPH/Field Ledger Second Edition/bookbody3.py,C:\Users\joesh\Documents\Codex\2026-08-02\files-mentioned-by-the-user-handoff\work\unified-mechanics-monograph\Field Ledger Second Edition\bookbody3.py,c59aa20052da52da708cd039fbd9ce2d8d032d3da4aead72316a25cd7cb1b843,.py,implementation,2849,traversal_history; personal_relativity; colour_field; reproducibility; cosmology; master_readout,PROVED:4; ESTABLISHED:1; CONDITIONAL:1; PROPOSED:1; PREDICTION:1; RESULT:1; OPEN:3,V,Reproducibility assets and computational provenance,mapped_provisional,unreviewed,unreviewed,
MONOGRAPH/Field Ledger Second Edition/bookbody4.py,C:\Users\joesh\Documents\Codex\2026-08-02\files-mentioned-by-the-user-handoff\work\unified-mechanics-monograph\Field Ledger Second Edition\bookbody4.py,69e680f34eb7008872b2a8f2254a27b5ea3adeaedb0e6ac74a71bb33f42ae2fb,.py,implementation,3361,cosmology; reproducibility; geometry_gravity; least_action_field; traversal_history; colour_field,PROVED:23; ESTABLISHED:2; CONDITIONAL:12; PROPOSED:10; FORECAST:2; PREDICTION:1; RESULT:2; OPEN:11; WITHDRAWN:1,V,Reproducibility assets and computational provenance,mapped_provisional,unreviewed,unreviewed,
MONOGRAPH/Field Ledger Second Edition/bookhead.py,C:\Users\joesh\Documents\Codex\2026-08-02\files-mentioned-by-the-user-handoff\work\unified-mechanics-monograph\Field Ledger Second Edition\bookhead.py,4004bf14e28cfc51def3bf8a4794fa7831cfcfc97fe8e1a440a29f9d0a30ce51,.py,implementation,2162,matter_atomic; least_action_field; reproducibility; master_readout,PROVED:1; CONDITIONAL:1; PROPOSED:1; FORECAST:1; OPEN:3; WITHDRAWN:1,V,Reproducibility assets and computational provenance,mapped_provisional,unreviewed,unreviewed,
MONOGRAPH/Field Ledger Second Edition/build.py,C:\Users\joesh\Documents\Codex\2026-08-02\files-mentioned-by-the-user-handoff\work\unified-mechanics-monograph\Field Ledger Second Edition\build.py,aa14c25d46c6a52ee1cafc58e5fd56139d6d9734523e2cfe137d236e44dfabfe,.py,implementation,114,reproducibility,OPEN:1,V,Reproducibility assets and computational provenance,mapped_provisional,unreviewed,unreviewed,
MONOGRAPH/Field Ledger Second Edition/fl_base.py,C:\Users\joesh\Documents\Codex\2026-08-02\files-mentioned-by-the-user-handoff\work\unified-mechanics-monograph\Field Ledger Second Edition\fl_base.py,102ce09272542d07e8c27399aa06d17ba98b6269e336bed830c24c6f13a3fabe,.py,implementation,1018,master_readout,OPEN:2; WITHDRAWN:1,V,Reproducibility assets and computational provenance,mapped_provisional,unreviewed,unreviewed,
MONOGRAPH/Field Ledger Second Edition/fl_charts.py,C:\Users\joesh\Documents\Codex\2026-08-02\files-mentioned-by-the-user-handoff\work\unified-mechanics-monograph\Field Ledger Second Edition\fl_charts.py,cf290526d5a32df86b4d9d1c36540ce818cb3742ce0695718a2126c48991ef83,.py,implementation,3786,traversal_history; cosmology; personal_relativity; colour_field; master_readout; geometry_gravity,,V,Reproducibility assets and computational provenance,mapped_provisional,unreviewed,unreviewed,
MONOGRAPH/Field Ledger Second Edition/fl_diagrams.py,C:\Users\joesh\Documents\Codex\2026-08-02\files-mentioned-by-the-user-handoff\work\unified-mechanics-monograph\Field Ledger Second Edition\fl_diagrams.py,c04c159fca639fd015cfd11f607781bd3d9f8ff9a09d43e1451046b47fec3524,.py,implementation,4132,geometry_gravity; cosmology; logical_action; chiral_dynamics; least_action_field; personal_relativity,PROVED:1; DERIVED:1; CONDITIONAL:1; PROPOSED:3; FORECAST:2; OPEN:1; WITHDRAWN:4,V,Reproducibility assets and computational provenance,mapped_provisional,unreviewed,unreviewed,
MONOGRAPH/Field Ledger Second Edition/SHA256SUMS.txt,C:\Users\joesh\Documents\Codex\2026-08-02\files-mentioned-by-the-user-handoff\work\unified-mechanics-monograph\Field Ledger Second Edition\SHA256SUMS.txt,059f08357c90bc55bcf11a4911a534fc6b31a9341214ff74828f2e079fd4d949,.txt,manifest,153,chiral_dynamics,,V,Reproducibility assets and computational provenance,mapped_provisional,unreviewed,unreviewed,
MONOGRAPH/Field Ledger Second Edition/Unified_Mechanics_The_Field_Ledger_Second_Edition.docx,C:\Users\joesh\Documents\Codex\2026-08-02\files-mentioned-by-the-user-handoff\work\unified-mechanics-monograph\Field Ledger Second Edition\Unified_Mechanics_The_Field_Ledger_Second_Edition.docx,94bcdc5090c58614f45cdd2c9e83c831bd02fa925b5c0b568cd7752817dcd281,.docx,manuscript,10962,cosmology; traversal_history; geometry_gravity; reproducibility; personal_relativity; colour_field,PROVED:43; DERIVED:3; ESTABLISHED:4; CONDITIONAL:18; PROPOSED:23; FORECAST:4; PREDICTION:4; RESULT:8; OPEN:23; WITHDRAWN:6; FAILED:2,III; IV,"Master readout, cosmology, and scientific ledger",mapped_provisional,unreviewed,unreviewed,
MONOGRAPH/Field Ledger Second Edition/Unified_Mechanics_The_Field_Ledger_Second_Edition.pdf,C:\Users\joesh\Documents\Codex\2026-08-02\files-mentioned-by-the-user-handoff\work\unified-mechanics-monograph\Field Ledger Second Edition\Unified_Mechanics_The_Field_Ledger_Second_Edition.pdf,d74219a60b62cc26d71487feec07f07c997e8e2a8bb81a7b42ceff32e1509637,.pdf,manuscript,11026,cosmology; traversal_history; geometry_gravity; reproducibility; logical_action; personal_relativity,PROVED:43; DERIVED:3; ESTABLISHED:4; CONDITIONAL:18; PROPOSED:23; FORECAST:4; PREDICTION:4; RESULT:8; OPEN:23; WITHDRAWN:6; FAILED:2,III; IV,"Master readout, cosmology, and scientific ledger",mapped_provisional,unreviewed,unreviewed,
MONOGRAPH/README.md,C:\Users\joesh\Documents\Codex\2026-08-02\files-mentioned-by-the-user-handoff\work\unified-mechanics-monograph\README.md,9674b30039a35d37c6c9475c192021edd0f83764b33b2f4a631ae4d6102c0ef5,.md,orientation_or_ledger,716,reproducibility; cosmology; foundational_partition; geometry_gravity; logical_action; chiral_dynamics,PROVED:2; DERIVED:1; CONDITIONAL:2; PROPOSED:1; RESULT:1; OPEN:6; DISSOLVED:1,V,Methods and reproducibility,mapped_provisional,unreviewed,unreviewed,
SCI/00 START HERE.md,C:\Users\joesh\Desktop\SCI\00 START HERE.md,938d5df0c82dbad577fd77dfdb7c5e11edf59284e7d4c0e0b3d167bb827a3b1c,.md,orientation_or_ledger,590,least_action_field; reproducibility; matter_atomic; cosmology; geometry_gravity; colour_field,DERIVED:2; ESTABLISHED:1; CONDITIONAL:1; PROPOSED:1; PREDICTION:1; WITHDRAWN:1,II,Least-action field,mapped_provisional,unreviewed,unreviewed,
SCI/_ADD TO REPO LEAN/06 HELICAL RELATIVITY/00 START HERE/05 LEAN BUILD NOTE.md,C:\Users\joesh\Desktop\SCI\_ADD TO REPO LEAN\06 HELICAL RELATIVITY\00 START HERE\05 LEAN BUILD NOTE.md,e192538cec8ca49d09c7690348e31c8e9a4db8a93f0219e524b31a9d02375a6b,.md,orientation_or_ledger,403,reproducibility; colour_field; personal_relativity; matter_atomic; least_action_field,RESULT:2,II,"Least-action field, geometry, sources, and gravitation",mapped_provisional,unreviewed,unreviewed,
SCI/_ADD TO REPO/06 HELICAL RELATIVITY/00 START HERE/01 README.md,C:\Users\joesh\Desktop\SCI\_ADD TO REPO\06 HELICAL RELATIVITY\00 START HERE\01 README.md,065eb0e4c221709c082777f317bed2cf4a81b1c30e4b0e7e7b20764c4ba7c132,.md,orientation_or_ledger,475,reproducibility; least_action_field; colour_field; matter_atomic; cosmology; geometry_gravity,FORECAST:1; OPEN:2,II,"Least-action field, geometry, sources, and gravitation",mapped_provisional,unreviewed,unreviewed,
SCI/_ADD TO REPO/06 HELICAL RELATIVITY/00 START HERE/03 OPEN LEDGER ADDITIONS.md,C:\Users\joesh\Desktop\SCI\_ADD TO REPO\06 HELICAL RELATIVITY\00 START HERE\03 OPEN LEDGER ADDITIONS.md,89e4f8d8a849c2c9bf7174a08b349346fa1cfd54012e6598a80b5e3fc3c448ed,.md,orientation_or_ledger,1093,geometry_gravity; foundational_partition; least_action_field; matter_atomic; cosmology; personal_relativity,PROVED:4; DERIVED:3; OPEN:2; WITHDRAWN:1,II,"Least-action field, geometry, sources, and gravitation",mapped_provisional,unreviewed,unreviewed,
SCI/_ADD TO REPO/06 HELICAL RELATIVITY/00 START HERE/04 SHA256SUMS.txt,C:\Users\joesh\Desktop\SCI\_ADD TO REPO\06 HELICAL RELATIVITY\00 START HERE\04 SHA256SUMS.txt,b2f8037f8614f7408cb51ac3ea25161f49a2a213e28fa63d7f6941238c099c01,.txt,manifest,1774,matter_atomic; colour_field; personal_relativity; reproducibility; geometry_gravity; least_action_field,OPEN:1,V,Reproducibility assets and computational provenance,mapped_provisional,unreviewed,unreviewed,
SCI/_ADD TO REPO/06 HELICAL RELATIVITY/02 COMPUTATIONS/audit_closure_attack_results.json,C:\Users\joesh\Desktop\SCI\_ADD TO REPO\06 HELICAL RELATIVITY\02 COMPUTATIONS\audit_closure_attack_results.json,9af802d6ca1be6c401d5381638ff539c9282658aee9636771874ec427993d2bd,.json,data_or_certificate,209,geometry_gravity; cosmology; matter_atomic; reproducibility,DERIVED:1; WITHDRAWN:1,V,Reproducibility assets and computational provenance,mapped_provisional,unreviewed,unreviewed,
SCI/_ADD TO REPO/06 HELICAL RELATIVITY/02 COMPUTATIONS/bubble_field_closure_attack_results.json,C:\Users\joesh\Desktop\SCI\_ADD TO REPO\06 HELICAL RELATIVITY\02 COMPUTATIONS\bubble_field_closure_attack_results.json,510b382c385760e6f48ef3f9b80e3b7457a4e9baba5794d84f620c23418cdca7,.json,data_or_certificate,888,cosmology; least_action_field; geometry_gravity; matter_atomic; traversal_history; reproducibility,DERIVED:1; CONDITIONAL:3; PREDICTION:1; LIMIT:1,V,Reproducibility assets and computational provenance,mapped_provisional,unreviewed,unreviewed,
SCI/_ADD TO REPO/06 HELICAL RELATIVITY/02 COMPUTATIONS/bubble_field_results.json,C:\Users\joesh\Desktop\SCI\_ADD TO REPO\06 HELICAL RELATIVITY\02 COMPUTATIONS\bubble_field_results.json,ad92fda836b3a12d2cf28d1013b4d68f1d7f5b98825b9fe12e976ae264b31504,.json,data_or_certificate,277,geometry_gravity; least_action_field; cosmology,DERIVED:2; OPEN:1,V,Reproducibility assets and computational provenance,mapped_provisional,unreviewed,unreviewed,
SCI/_ADD TO REPO/06 HELICAL RELATIVITY/02 COMPUTATIONS/bubble_field_rigorous_results.json,C:\Users\joesh\Desktop\SCI\_ADD TO REPO\06 HELICAL RELATIVITY\02 COMPUTATIONS\bubble_field_rigorous_results.json,15cc582c4ae9cdc9ce54dee3c7b01c5860651063adbce71eb97dc8ca75aecb09,.json,data_or_certificate,403,geometry_gravity; cosmology; least_action_field; matter_atomic,PROVED:1; DERIVED:4; PROPOSED:2,V,Reproducibility assets and computational provenance,mapped_provisional,unreviewed,unreviewed,
SCI/_ADD TO REPO/06 HELICAL RELATIVITY/02 COMPUTATIONS/colour_field_closure_results.json,C:\Users\joesh\Desktop\SCI\_ADD TO REPO\06 HELICAL RELATIVITY\02 COMPUTATIONS\colour_field_closure_results.json,3edb197642593e8f3f7cf0eb1f66bc14d7869eb49020a9378bf8be10c9e0a43c,.json,data_or_certificate,397,colour_field; cosmology; geometry_gravity; traversal_history; personal_relativity; reproducibility,,V,Reproducibility assets and computational provenance,mapped_provisional,unreviewed,unreviewed,
SCI/_ADD TO REPO/06 HELICAL RELATIVITY/02 COMPUTATIONS/exercising_the_field_results.json,C:\Users\joesh\Desktop\SCI\_ADD TO REPO\06 HELICAL RELATIVITY\02 COMPUTATIONS\exercising_the_field_results.json,60eac4f31d77644a554526c44558fe5a420e5a4e97a464aaa9e40feeccc675fb,.json,data_or_certificate,316,cosmology; least_action_field,,V,Reproducibility assets and computational provenance,mapped_provisional,unreviewed,unreviewed,
SCI/_ADD TO REPO/06 HELICAL RELATIVITY/02 COMPUTATIONS/mass_operator_results.json,C:\Users\joesh\Desktop\SCI\_ADD TO REPO\06 HELICAL RELATIVITY\02 COMPUTATIONS\mass_operator_results.json,828ee83ed1504c97a511d15177aaaed7a8f5dca661afd1104dfe2b7edc8cdfd0,.json,data_or_certificate,247,matter_atomic,DERIVED:1; ESTABLISHED:1,V,Reproducibility assets and computational provenance,mapped_provisional,unreviewed,unreviewed,
SCI/_ADD TO REPO/06 HELICAL RELATIVITY/02 COMPUTATIONS/three_part_bubble_results.json,C:\Users\joesh\Desktop\SCI\_ADD TO REPO\06 HELICAL RELATIVITY\02 COMPUTATIONS\three_part_bubble_results.json,8cc825ceef5890a6126254b9be7ff914c1aa9d86c04fcae6f380f0cd918e6361,.json,data_or_certificate,284,geometry_gravity; foundational_partition,,V,Reproducibility assets and computational provenance,mapped_provisional,unreviewed,unreviewed,
SCI/_ADD TO REPO/06 HELICAL RELATIVITY/02 COMPUTATIONS/verify_review_results.json,C:\Users\joesh\Desktop\SCI\_ADD TO REPO\06 HELICAL RELATIVITY\02 COMPUTATIONS\verify_review_results.json,24988523536059ceb027f9da8349001e90af8a32fddd9583d3abc79b94b71ddf,.json,data_or_certificate,257,geometry_gravity; least_action_field,DERIVED:2; RESULT:1; OPEN:1,V,Reproducibility assets and computational provenance,mapped_provisional,unreviewed,unreviewed,
SCI/_ADD TO REPO/README.md,C:\Users\joesh\Desktop\SCI\_ADD TO REPO\README.md,4db82dd9bc0a36d9e569f141576a2f31d46df5dc92bf8fae560c7d821f453878,.md,orientation_or_ledger,1266,reproducibility; least_action_field; cosmology; geometry_gravity; foundational_partition; traversal_history,PROVED:2; DERIVED:1; CONDITIONAL:2; PROPOSED:1; RESULT:3; OPEN:7; LIMIT:2; DISSOLVED:1,V,Methods and reproducibility,mapped_provisional,unreviewed,unreviewed,
SCI/ADDENDA/00 hash_addenda.py,C:\Users\joesh\Desktop\SCI\ADDENDA\00 hash_addenda.py,346d4b645de3b84e6dc8f6d75db4112968c9e56f53d29b242df82edc30f27b4e,.py,implementation,114,reproducibility,,V,Reproducibility assets and computational provenance,mapped_provisional,unreviewed,unreviewed,
SCI/ADDENDA/A02 The Field Derivation Suite/um_field_suite.py,C:\Users\joesh\Desktop\SCI\ADDENDA\A02 The Field Derivation Suite\um_field_suite.py,83dfd09e3c470d188ce7cce88c00ca49b293422bc0d9c1aaebacb8c04da4372c,.py,implementation,2636,colour_field; cosmology; least_action_field; foundational_partition; traversal_history; geometry_gravity,OPEN:1,V,Reproducibility assets and computational provenance,mapped_provisional,unreviewed,unreviewed,
SCI/ADDENDA/A03 The Forward Solver/um_forward_solver.py,C:\Users\joesh\Desktop\SCI\ADDENDA\A03 The Forward Solver\um_forward_solver.py,f12fd136cc5143e4991682e420d95402caf4fee450593bffc4ece4fc3a9ac2d2,.py,implementation,2005,cosmology; foundational_partition; geometry_gravity; least_action_field; traversal_history,PREDICTION:1; OPEN:1,V,Reproducibility assets and computational provenance,mapped_provisional,unreviewed,unreviewed,
SCI/ADDENDA/A04 The Internal State Instrument/internal_state_instrument.py,C:\Users\joesh\Desktop\SCI\ADDENDA\A04 The Internal State Instrument\internal_state_instrument.py,7946b66bf71a909785928c1ab756040cb5fddbafd07d799f338e486b26a3712c,.py,implementation,1157,cosmology; geometry_gravity; personal_relativity,OPEN:1,V,Reproducibility assets and computational provenance,mapped_provisional,unreviewed,unreviewed,
SCI/ADDENDA/A08 The Calculator/NOTES.md,C:\Users\joesh\Desktop\SCI\ADDENDA\A08 The Calculator\NOTES.md,02e272284e889c4abc6650420136efe8fb6b36140a9d1ac91cee4a45fd0f6551,.md,supporting_text,372,master_readout; reproducibility; colour_field; foundational_partition; traversal_history,RESULT:1; OPEN:1,III,"Resolution, evolution, helical arithmetic, and master readout",mapped_provisional,unreviewed,unreviewed,
SCI/ADDENDA/A08 The Calculator/um_assemble.py,C:\Users\joesh\Desktop\SCI\ADDENDA\A08 The Calculator\um_assemble.py,a78df11023e13383016e6d3c433d6732efd87dbd6e8b6a2a00c917993297e7a7,.py,implementation,806,colour_field; cosmology; personal_relativity,OPEN:1,V,Reproducibility assets and computational provenance,mapped_provisional,unreviewed,unreviewed,
SCI/ADDENDA/A08 The Calculator/um_chain.py,C:\Users\joesh\Desktop\SCI\ADDENDA\A08 The Calculator\um_chain.py,3ab4a6c522f5eeb9c56c0b4b385f01d6c1552b9143e30f1c52c0fcaf650212d4,.py,implementation,854,cosmology; traversal_history,OPEN:1,V,Reproducibility assets and computational provenance,mapped_provisional,unreviewed,unreviewed,
SCI/ADDENDA/A08 The Calculator/um_realisation.py,C:\Users\joesh\Desktop\SCI\ADDENDA\A08 The Calculator\um_realisation.py,5f7cf135cd13308126c3c8b385bda42de7b439ea709b0366a23c4b2e10c068d6,.py,implementation,755,traversal_history; helical_multiplication; personal_relativity,OPEN:1,V,Reproducibility assets and computational provenance,mapped_provisional,unreviewed,unreviewed,
SCI/ADDENDA/A09 The Master Equation/make_a09_plates.py,C:\Users\joesh\Desktop\SCI\ADDENDA\A09 The Master Equation\make_a09_plates.py,b70268c385dd31c0180d3257950b2522234eebbeb7558d17b54227928c06a990,.py,implementation,3671,colour_field; traversal_history; master_readout,DERIVED:1; PREDICTION:1; RESULT:2; OPEN:1,V,Reproducibility assets and computational provenance,mapped_provisional,unreviewed,unreviewed,
SCI/ADDENDA/A09 The Master Equation/master_equation_cosmology.py,C:\Users\joesh\Desktop\SCI\ADDENDA\A09 The Master Equation\master_equation_cosmology.py,2a459aac96cd3cec554ae4ef1e1880da4718476dc3592ec0e19ecb76b0a3bc45,.py,implementation,3090,colour_field; personal_relativity; traversal_history; master_readout; cosmology; logical_action,PROVED:1; PROPOSED:2; PREDICTION:1; RESULT:2; OPEN:1,V,Reproducibility assets and computational provenance,mapped_provisional,unreviewed,unreviewed,
SCI/ADDENDA/A10 The Bubble Field Audit/bubble_audit_output.txt,C:\Users\joesh\Desktop\SCI\ADDENDA\A10 The Bubble Field Audit\bubble_audit_output.txt,ad4ac3163025c618ef02b586cde198223010dd10dfc8b71a6a677ca8f51938a8,.txt,supporting_text,977,least_action_field; geometry_gravity; foundational_partition; cosmology; colour_field; logical_action,DERIVED:1; PREDICTION:1; RESULT:3,II; V,Field audit and reproducibility,mapped_provisional,unreviewed,unreviewed,
SCI/ADDENDA/ADDENDUM PROTOCOL.md,C:\Users\joesh\Desktop\SCI\ADDENDA\ADDENDUM PROTOCOL.md,672eab5cbd0774836a9ecac5618933b249e2c41c977a8125c75a2f5ae1b8b7ec,.md,supporting_text,396,reproducibility; personal_relativity,PROVED:1; CONDITIONAL:1; PROPOSED:1; RESULT:2; OPEN:3; DISSOLVED:1,V,Addenda protocol and provenance,mapped_provisional,unreviewed,unreviewed,
SCI/Atomic Web/04_Data/atomic_web_elements_118.csv,C:\Users\joesh\Desktop\SCI\Atomic Web\04_Data\atomic_web_elements_118.csv,7e14b76507c26504048d0364478ab3c75060b676e7770e85aa57ce3b1f8dfaf2,.csv,data_or_certificate,5712,colour_field; geometry_gravity,,V,Reproducibility assets and computational provenance,mapped_provisional,unreviewed,unreviewed,
SCI/Atomic Web/04_Data/atomic_web_elements_118.json,C:\Users\joesh\Desktop\SCI\Atomic Web\04_Data\atomic_web_elements_118.json,d3025bb7cdc53d2cd8bf71b365554f318c0ec607c6a739e39a8181ac3c83970b,.json,data_or_certificate,8910,colour_field; geometry_gravity,,V,Reproducibility assets and computational provenance,mapped_provisional,unreviewed,unreviewed,
SCI/Atomic Web/04_Data/render_complete_atomic_web_png.py,C:\Users\joesh\Desktop\SCI\Atomic Web\04_Data\render_complete_atomic_web_png.py,8ef4defe433463054b27670fbba9688c60221539da3b9b43fcd4c4a49750b5f5,.py,implementation,7753,matter_atomic; geometry_gravity; colour_field; cosmology; least_action_field; reproducibility,DERIVED:7; OPEN:1,V,Reproducibility assets and computational provenance,mapped_provisional,unreviewed,unreviewed,
SCI/Atomic Web/05_Audit/audit_atomic_web_results.json,C:\Users\joesh\Desktop\SCI\Atomic Web\05_Audit\audit_atomic_web_results.json,809fbe17eccba642792ce2cdbad52331bdb24bed1ea099c4ab53878212cf06f8,.json,data_or_certificate,29,matter_atomic,,V,Reproducibility assets and computational provenance,mapped_provisional,unreviewed,unreviewed,
SCI/Atomic Web/05_Audit/audit_results_118.csv,C:\Users\joesh\Desktop\SCI\Atomic Web\05_Audit\audit_results_118.csv,ecc2a535e27755f34a91ac5ccd8a43cdab1b7079e6ce79e05ecd4a34bf9ea7f8,.csv,data_or_certificate,2547,,,V,Reproducibility assets and computational provenance,mapped_provisional,unreviewed,unreviewed,
SCI/Atomic Web/05_Audit/audit_summary.txt,C:\Users\joesh\Desktop\SCI\Atomic Web\05_Audit\audit_summary.txt,9aa442e4b231ec72394fe442b476317702cffc5c0d9df4db082120fdbb1d284b,.txt,supporting_text,130,matter_atomic; reproducibility; geometry_gravity,PROPOSED:1,IV,"Atomic atlas, chemistry provenance, and scope limits",mapped_provisional,unreviewed,unreviewed,
SCI/Atomic Web/05_Audit/independent_audit.py,C:\Users\joesh\Desktop\SCI\Atomic Web\05_Audit\independent_audit.py,f100dbf325a70815dd8e15fe33ba9d12c5edf85e6cc1549c846c20626431e5de,.py,implementation,1348,matter_atomic; reproducibility; geometry_gravity,DERIVED:3; OPEN:2,V,Reproducibility assets and computational provenance,mapped_provisional,unreviewed,unreviewed,
SCI/Atomic Web/manifest.json,C:\Users\joesh\Desktop\SCI\Atomic Web\manifest.json,ee9bae4c79449db396e8c3e56ac3cca1255d39b7b994f45b1cd6216545315f52,.json,data_or_certificate,803,matter_atomic; reproducibility; geometry_gravity,,V,Reproducibility assets and computational provenance,mapped_provisional,unreviewed,unreviewed,
SCI/Atomic Web/README.txt,C:\Users\joesh\Desktop\SCI\Atomic Web\README.txt,984d48760e2c6a7ebd1f5dffdd308f4d509db958eb5f9d6602a8bb82a6621a59,.txt,orientation_or_ledger,270,matter_atomic; geometry_gravity; reproducibility,DERIVED:2,IV,"Atomic atlas, chemistry provenance, and scope limits",mapped_provisional,unreviewed,unreviewed,
SCI/Atomic Web/SHA256SUMS.txt,C:\Users\joesh\Desktop\SCI\Atomic Web\SHA256SUMS.txt,a99b16391342b84fd36fba3d93152a5dcbb024ea00e4504ad90f9f2c73d3c738,.txt,manifest,546,matter_atomic; reproducibility; geometry_gravity,,V,Reproducibility assets and computational provenance,mapped_provisional,unreviewed,unreviewed,
SCI/dl papers/Personal_Relativity_Working_Formalism.docx,C:\Users\joesh\Desktop\SCI\dl papers\Personal_Relativity_Working_Formalism.docx,c1e47568c5850eef27e4fea8375f00a9628c8b61e322bd4d22e0b6a86d072284,.docx,manuscript,3106,personal_relativity; geometry_gravity; traversal_history; reproducibility; logical_action; cosmology,PROVED:1; DERIVED:1; ESTABLISHED:6; CONDITIONAL:2; PROPOSED:5; PREDICTION:4; RESULT:6; OPEN:2; LIMIT:1,III,Observer resolution and readout,mapped_provisional,unreviewed,unreviewed,
SCI/dl papers/The_Depth_of_Traversal_Joseph_Shields.docx,C:\Users\joesh\Desktop\SCI\dl papers\The_Depth_of_Traversal_Joseph_Shields.docx,235e1f4e25eebe20e67ba2144e1abfc38425dcd77b7fa65e8852c8bf16531b6b,.docx,manuscript,2092,traversal_history; personal_relativity; geometry_gravity; matter_atomic; logical_action; reproducibility,RESULT:2,III,Traversal and retained history,mapped_provisional,unreviewed,unreviewed,
SCI/dl papers/Traversal_Depth_Across_AdS_CFT_Joseph_Shields_Revised.docx,C:\Users\joesh\Desktop\SCI\dl papers\Traversal_Depth_Across_AdS_CFT_Joseph_Shields_Revised.docx,b110f68a0d2d0e5c40db2459c03579b8fe75e76d83940d8a5e9c05e78c175c31,.docx,manuscript,1719,traversal_history; geometry_gravity; personal_relativity; reproducibility; cosmology,LIMIT:1,III,Traversal and retained history,mapped_provisional,unreviewed,unreviewed,
SCI/Field Ledger Second Edition/bookbody1.py,C:\Users\joesh\Desktop\SCI\Field Ledger Second Edition\bookbody1.py,13cc8dcdf6da93c6bd296830d07bf56933459f89bbefa6e1affa4f1c06a95614,.py,implementation,2982,logical_action; traversal_history; reproducibility; cosmology; foundational_partition; chiral_dynamics,PROVED:8; DERIVED:1; ESTABLISHED:1; CONDITIONAL:2; PROPOSED:6; FORECAST:2; PREDICTION:2; RESULT:3; OPEN:3; WITHDRAWN:1,V,Reproducibility assets and computational provenance,mapped_provisional,unreviewed,unreviewed,
SCI/Field Ledger Second Edition/bookbody2.py,C:\Users\joesh\Desktop\SCI\Field Ledger Second Edition\bookbody2.py,0b628cde2253432236784b4f39796cb36e6a9c5b007ab8c4ee8f164e11091310,.py,implementation,2226,geometry_gravity; colour_field; traversal_history; foundational_partition; least_action_field; personal_relativity,PROVED:8; DERIVED:2; CONDITIONAL:3; PROPOSED:6; RESULT:2; OPEN:6; WITHDRAWN:4; FAILED:2,V,Reproducibility assets and computational provenance,mapped_provisional,unreviewed,unreviewed,
SCI/Field Ledger Second Edition/bookbody4.py,C:\Users\joesh\Desktop\SCI\Field Ledger Second Edition\bookbody4.py,2c7cd5f55d7bce8e6445b2340e8e75f53be7c80fc86ea1945a07dd8b8101006e,.py,implementation,3361,cosmology; reproducibility; geometry_gravity; least_action_field; traversal_history; colour_field,PROVED:23; ESTABLISHED:2; CONDITIONAL:12; PROPOSED:10; FORECAST:2; PREDICTION:1; RESULT:2; OPEN:11; WITHDRAWN:1,V,Reproducibility assets and computational provenance,mapped_provisional,unreviewed,unreviewed,
SCI/Field Ledger Second Edition/build.py,C:\Users\joesh\Desktop\SCI\Field Ledger Second Edition\build.py,fb524da1408cb8f37f606f1b53fc5cbcad3646cb1730c5dd62d015b72b18de70,.py,implementation,114,reproducibility,OPEN:1,V,Reproducibility assets and computational provenance,mapped_provisional,unreviewed,unreviewed,
SCI/Field Ledger Second Edition/fl_base.py,C:\Users\joesh\Desktop\SCI\Field Ledger Second Edition\fl_base.py,502c7d26f8ee2731dd09e6757182501b0975ddb2a1aeba4137a93191f76fe788,.py,implementation,1018,master_readout,OPEN:2; WITHDRAWN:1,V,Reproducibility assets and computational provenance,mapped_provisional,unreviewed,unreviewed,
SCI/Field Ledger Second Edition/fl_charts.py,C:\Users\joesh\Desktop\SCI\Field Ledger Second Edition\fl_charts.py,57e313c7ab887f6791c8c63a54cf0349a85cc8c8d2fef62748e292bef5de6b8d,.py,implementation,3786,traversal_history; cosmology; personal_relativity; colour_field; master_readout; geometry_gravity,,V,Reproducibility assets and computational provenance,mapped_provisional,unreviewed,unreviewed,
SCI/Field Ledger Second Edition/fl_diagrams.py,C:\Users\joesh\Desktop\SCI\Field Ledger Second Edition\fl_diagrams.py,5cc1775610f1fdef2d24b3a34bfe3884bc00348f1bd3311b206497804ba6e7a8,.py,implementation,4132,geometry_gravity; cosmology; logical_action; chiral_dynamics; least_action_field; personal_relativity,PROVED:1; DERIVED:1; CONDITIONAL:1; PROPOSED:3; FORECAST:2; OPEN:1; WITHDRAWN:4,V,Reproducibility assets and computational provenance,mapped_provisional,unreviewed,unreviewed,
SCI/Helical Relativity/01 Computations/audit_closure_attack.py,C:\Users\joesh\Desktop\SCI\Helical Relativity\01 Computations\audit_closure_attack.py,9ce880fe69736a496e80b9003840a9f22e55fc7a126b5b05a0cb2042a6e17a03,.py,implementation,2137,cosmology; geometry_gravity; matter_atomic; reproducibility; traversal_history,DERIVED:4; ESTABLISHED:1; PREDICTION:3; RESULT:3; OPEN:3; WITHDRAWN:3,V,Reproducibility assets and computational provenance,mapped_provisional,unreviewed,unreviewed,
SCI/Helical Relativity/01 Computations/audit_closure_attack_results.json,C:\Users\joesh\Desktop\SCI\Helical Relativity\01 Computations\audit_closure_attack_results.json,90c44a9c7b2096cec8935b81c91e748776f4a82913fa2c210dca056f0aef79df,.json,data_or_certificate,209,geometry_gravity; cosmology; matter_atomic; reproducibility,DERIVED:1; WITHDRAWN:1,V,Reproducibility assets and computational provenance,mapped_provisional,unreviewed,unreviewed,
SCI/Helical Relativity/01 Computations/bubble_field_closure_attack.py,C:\Users\joesh\Desktop\SCI\Helical Relativity\01 Computations\bubble_field_closure_attack.py,544b1283100bf22998538b519487cfde3568148a29e3bacad97a3495ddb87a16,.py,implementation,2519,cosmology; matter_atomic; geometry_gravity; least_action_field; traversal_history; reproducibility,DERIVED:1; CONDITIONAL:4; PREDICTION:1; RESULT:2; OPEN:1; LIMIT:1,V,Reproducibility assets and computational provenance,mapped_provisional,unreviewed,unreviewed,
SCI/Helical Relativity/01 Computations/bubble_field_closure_attack_results.json,C:\Users\joesh\Desktop\SCI\Helical Relativity\01 Computations\bubble_field_closure_attack_results.json,427b3d86532dc45670246a15907f7ecea8a175e8cdbefcd44c9400f6525411eb,.json,data_or_certificate,872,cosmology; least_action_field; geometry_gravity; matter_atomic; traversal_history; reproducibility,DERIVED:1; CONDITIONAL:3; PREDICTION:1; LIMIT:1,V,Reproducibility assets and computational provenance,mapped_provisional,unreviewed,unreviewed,
SCI/Helical Relativity/01 Computations/bubble_field_results.json,C:\Users\joesh\Desktop\SCI\Helical Relativity\01 Computations\bubble_field_results.json,a128002346ef0517a4b22581ca6bdd7700eec58eb93282947e3a6365375ab503,.json,data_or_certificate,277,geometry_gravity; least_action_field; cosmology,DERIVED:2; OPEN:1,V,Reproducibility assets and computational provenance,mapped_provisional,unreviewed,unreviewed,
SCI/Helical Relativity/01 Computations/bubble_field_rigorous.py,C:\Users\joesh\Desktop\SCI\Helical Relativity\01 Computations\bubble_field_rigorous.py,38370b3d965ebad324bbf1be781a5c30594553b6a63df60a411afc44127f81f0,.py,implementation,1763,geometry_gravity; cosmology; least_action_field; reproducibility; matter_atomic; traversal_history,PROVED:1; DERIVED:5; PROPOSED:4; RESULT:1; LIMIT:1,V,Reproducibility assets and computational provenance,mapped_provisional,unreviewed,unreviewed,
SCI/Helical Relativity/01 Computations/bubble_field_rigorous_results.json,C:\Users\joesh\Desktop\SCI\Helical Relativity\01 Computations\bubble_field_rigorous_results.json,c26e648edba6ed4e053f8a8e6f5207c321b36ad54cf13ef54bf41f9e56222e52,.json,data_or_certificate,403,geometry_gravity; cosmology; least_action_field; matter_atomic,PROVED:1; DERIVED:4; PROPOSED:2,V,Reproducibility assets and computational provenance,mapped_provisional,unreviewed,unreviewed,
SCI/Helical Relativity/01 Computations/colour_field_closure_results.json,C:\Users\joesh\Desktop\SCI\Helical Relativity\01 Computations\colour_field_closure_results.json,796aa5c1da67caad0065b4313e85834a75cb18e5dd4ea831e853cb3ea998db06,.json,data_or_certificate,397,colour_field; cosmology; geometry_gravity; traversal_history; personal_relativity; reproducibility,,V,Reproducibility assets and computational provenance,mapped_provisional,unreviewed,unreviewed,
SCI/Helical Relativity/01 Computations/exercising_the_field.py,C:\Users\joesh\Desktop\SCI\Helical Relativity\01 Computations\exercising_the_field.py,fa89183aa38f907df342268c38b5e61ea5cf939bdade0b35df9512fd412484c5,.py,implementation,2466,cosmology; least_action_field; geometry_gravity; foundational_partition; reproducibility,DERIVED:2; RESULT:1; OPEN:2,V,Reproducibility assets and computational provenance,mapped_provisional,unreviewed,unreviewed,
SCI/Helical Relativity/01 Computations/exercising_the_field_results.json,C:\Users\joesh\Desktop\SCI\Helical Relativity\01 Computations\exercising_the_field_results.json,735909432165384b9ccb7b80d39422da0dbc233b83bd43d49519d977c11cdf8b,.json,data_or_certificate,316,cosmology; least_action_field,,V,Reproducibility assets and computational provenance,mapped_provisional,unreviewed,unreviewed,
SCI/Helical Relativity/01 Computations/mass_operator_results.json,C:\Users\joesh\Desktop\SCI\Helical Relativity\01 Computations\mass_operator_results.json,aa1ff2c44cf42be6aeb7a54a8a9f40d174e2677fafd8b7609f5a262d2326a934,.json,data_or_certificate,247,matter_atomic,DERIVED:1; ESTABLISHED:1,V,Reproducibility assets and computational provenance,mapped_provisional,unreviewed,unreviewed,
SCI/Helical Relativity/01 Computations/three_part_bubble.py,C:\Users\joesh\Desktop\SCI\Helical Relativity\01 Computations\three_part_bubble.py,97c7f94c1da73d5fa725aca4e6d875d8ea6644784d24fde6bbb03e21f0474479,.py,implementation,1754,geometry_gravity; least_action_field; cosmology; foundational_partition; reproducibility,OPEN:1; LIMIT:1,V,Reproducibility assets and computational provenance,mapped_provisional,unreviewed,unreviewed,
SCI/Helical Relativity/01 Computations/three_part_bubble_results.json,C:\Users\joesh\Desktop\SCI\Helical Relativity\01 Computations\three_part_bubble_results.json,286337d13c231c9674885fb96fbb5f50f68c41a1ec1441d33f578af81d580ef4,.json,data_or_certificate,284,geometry_gravity; foundational_partition,,V,Reproducibility assets and computational provenance,mapped_provisional,unreviewed,unreviewed,
SCI/Helical Relativity/01 Computations/verify_review.py,C:\Users\joesh\Desktop\SCI\Helical Relativity\01 Computations\verify_review.py,9a07f521645587d67a603947e1899159154c398492fd54fb0244def2bf26b8a7,.py,implementation,1587,geometry_gravity; least_action_field; cosmology; reproducibility,DERIVED:6; RESULT:2; OPEN:3,V,Reproducibility assets and computational provenance,mapped_provisional,unreviewed,unreviewed,
SCI/Helical Relativity/01 Computations/verify_review_results.json,C:\Users\joesh\Desktop\SCI\Helical Relativity\01 Computations\verify_review_results.json,1765d5dccc0e602b4f02502db1949a82402d9688b6bcf16eb1b84778ce52d857,.json,data_or_certificate,257,geometry_gravity; least_action_field,DERIVED:2; RESULT:1; OPEN:1,V,Reproducibility assets and computational provenance,mapped_provisional,unreviewed,unreviewed,
SCI/Helical Relativity/02 Interactive/universal-field-exoplanet-lab.html,C:\Users\joesh\Desktop\SCI\Helical Relativity\02 Interactive\universal-field-exoplanet-lab.html,25a6c0fdfc922f3a668a078010cf95afa1fa2aa3400983e5280233f3347dcf41,.html,implementation,5566,geometry_gravity; least_action_field; reproducibility; colour_field; matter_atomic,CONDITIONAL:3,V,Reproducibility assets and computational provenance,mapped_provisional,unreviewed,unreviewed,
SCI/Helical Relativity/02 Interactive/universal-field-solar-system.html,C:\Users\joesh\Desktop\SCI\Helical Relativity\02 Interactive\universal-field-solar-system.html,c352e6deec1e03ea083c3491639ac8d8cf116ab5e1f2f765610b2fad405dd2a4,.html,implementation,6830,matter_atomic; geometry_gravity; logical_action; reproducibility; traversal_history; least_action_field,ESTABLISHED:3; OPEN:4,V,Reproducibility assets and computational provenance,mapped_provisional,unreviewed,unreviewed,
SCI/Helical Relativity/04 Foundations/The Bubble Field(1).md,C:\Users\joesh\Desktop\SCI\Helical Relativity\04 Foundations\The Bubble Field(1).md,4ae07297829a29c323e85daba897a821f8aa172a828429768cb7d8f052563686,.md,supporting_text,3008,geometry_gravity; least_action_field; cosmology; foundational_partition; information_boundary; matter_atomic,DERIVED:6; PROPOSED:1; RESULT:4; LIMIT:4,II,"Least-action field, geometry, sources, and gravitation",mapped_provisional,unreviewed,unreviewed,
SCI/Helical Relativity/06 Colour Field/00 Paper/The_Observer_Interior_Quantum_Colour_Field_Joseph_Shields.docx,C:\Users\joesh\Desktop\SCI\Helical Relativity\06 Colour Field\00 Paper\The_Observer_Interior_Quantum_Colour_Field_Joseph_Shields.docx,386306865d8eb73ef17e4975e59b7fe7529271b5aae912ec189da0e5d693bf66,.docx,manuscript,2082,personal_relativity; colour_field; reproducibility; foundational_partition; least_action_field; traversal_history,RESULT:3; OPEN:1; LIMIT:1,III,Colour/helical readout fields,mapped_provisional,unreviewed,unreviewed,
SCI/Helical Relativity/06 Colour Field/00 Paper/The_Observer_Interior_Quantum_Colour_Field_Joseph_Shields.pdf,C:\Users\joesh\Desktop\SCI\Helical Relativity\06 Colour Field\00 Paper\The_Observer_Interior_Quantum_Colour_Field_Joseph_Shields.pdf,f965505fbc711a6cd8e232c753c547d13a4290d040a5dfcc37348f1a555f47a6,.pdf,manuscript,2152,personal_relativity; colour_field; reproducibility; foundational_partition; least_action_field; traversal_history,RESULT:3; OPEN:1; LIMIT:1,III,Colour/helical readout fields,mapped_provisional,unreviewed,unreviewed,
SCI/Helical Relativity/06 Colour Field/01 Field Implementation/observer_interior_quantum_colour_field.py,C:\Users\joesh\Desktop\SCI\Helical Relativity\06 Colour Field\01 Field Implementation\observer_interior_quantum_colour_field.py,192c930a815bf2fc6f56afb7d3e77562cbfe021a5d326377386d451305d96a9a,.py,implementation,2829,colour_field; personal_relativity; foundational_partition; reproducibility; least_action_field,OPEN:1,V,Reproducibility assets and computational provenance,mapped_provisional,unreviewed,unreviewed,
SCI/Helical Relativity/06 Colour Field/01 Field Implementation/observer_interior_quantum_colour_field_results.json,C:\Users\joesh\Desktop\SCI\Helical Relativity\06 Colour Field\01 Field Implementation\observer_interior_quantum_colour_field_results.json,e7e214c54bdf3475601d796491e3e54876f2298815e78a4fef04226700804ff2,.json,data_or_certificate,640,colour_field; foundational_partition; personal_relativity,,V,Reproducibility assets and computational provenance,mapped_provisional,unreviewed,unreviewed,
SCI/Helical Relativity/06 Colour Field/01 Field Implementation/observer_interior_quantum_colour_field_visuals.py,C:\Users\joesh\Desktop\SCI\Helical Relativity\06 Colour Field\01 Field Implementation\observer_interior_quantum_colour_field_visuals.py,2cce334a90d4c1a570ae4a7ac0ede8ca69ee03f3e6cdcc3ed4ace35f5219f9c2,.py,implementation,1596,personal_relativity; colour_field; traversal_history; logical_action; reproducibility,,V,Reproducibility assets and computational provenance,mapped_provisional,unreviewed,unreviewed,
SCI/Helical Relativity/06 Colour Field/01 Field Implementation/requirements.txt,C:\Users\joesh\Desktop\SCI\Helical Relativity\06 Colour Field\01 Field Implementation\requirements.txt,a1083a2d359bada0ebfb5c61f712c112c55bdec588a5fb22dd5d04fa0aaf8e94,.txt,supporting_text,9,,,III,Colour/helical readout fields,mapped_provisional,unreviewed,unreviewed,
SCI/Helical Relativity/06 Colour Field/01 Field Implementation/run_quantum_colour_field.command,C:\Users\joesh\Desktop\SCI\Helical Relativity\06 Colour Field\01 Field Implementation\run_quantum_colour_field.command,1806838fdb50e6c728beeebca3359085136c8c497589f06334ae4ecc5bd3a670,.command,implementation,37,personal_relativity,,V,Reproducibility assets and computational provenance,mapped_provisional,unreviewed,unreviewed,
SCI/Helical Relativity/06 Colour Field/02 Interactive/observer-interior-quantum-colour-field.html,C:\Users\joesh\Desktop\SCI\Helical Relativity\06 Colour Field\02 Interactive\observer-interior-quantum-colour-field.html,79d5f668276f21edaa5c7c9691b21e2aa3d7aff26029de996b2578457450904a,.html,implementation,1756,colour_field; personal_relativity; traversal_history; reproducibility; matter_atomic,,V,Reproducibility assets and computational provenance,mapped_provisional,unreviewed,unreviewed,
SCI/Helical Relativity/06 Colour Field/04 Data and Recipes/COLOUR_LANGUAGE_SPEC.md,C:\Users\joesh\Desktop\SCI\Helical Relativity\06 Colour Field\04 Data and Recipes\COLOUR_LANGUAGE_SPEC.md,513056e53255379f6ed027936c88a03726c4fcaa2cddcbe6d440a3ce6a5b82ed,.md,supporting_text,170,colour_field; personal_relativity; foundational_partition; least_action_field; traversal_history,,III,Colour/helical readout fields,mapped_provisional,unreviewed,unreviewed,
SCI/Helical Relativity/06 Colour Field/04 Data and Recipes/object_colour_recipes.json,C:\Users\joesh\Desktop\SCI\Helical Relativity\06 Colour Field\04 Data and Recipes\object_colour_recipes.json,117b641a6863342160434540c5e8389a1f7f4ddcfbca70f3f137b981d5bb6116,.json,data_or_certificate,450,colour_field; personal_relativity,,V,Reproducibility assets and computational provenance,mapped_provisional,unreviewed,unreviewed,
SCI/Helical Relativity/06 Colour Field/05 Dictionary/Quantum_Colour_Dictionary.docx,C:\Users\joesh\Desktop\SCI\Helical Relativity\06 Colour Field\05 Dictionary\Quantum_Colour_Dictionary.docx,16e1da838c2a21aa631a32aca0c92457d954c4b0689e13857138b384f969e574,.docx,manuscript,2825,colour_field; reproducibility; traversal_history; personal_relativity; logical_action,RESULT:3; OPEN:3; LIMIT:2,III,Colour/helical readout fields,mapped_provisional,unreviewed,unreviewed,
SCI/Helical Relativity/06 Colour Field/05 Dictionary/Quantum_Colour_Dictionary.json,C:\Users\joesh\Desktop\SCI\Helical Relativity\06 Colour Field\05 Dictionary\Quantum_Colour_Dictionary.json,ede45c493f7a552bc729afa1cfb3a5e806c940730af10ff16ba4cb1273594005,.json,data_or_certificate,459825,colour_field; reproducibility,,V,Reproducibility assets and computational provenance,mapped_provisional,unreviewed,unreviewed,
SCI/Helical Relativity/06 Colour Field/05 Dictionary/Quantum_Colour_Dictionary.pdf,C:\Users\joesh\Desktop\SCI\Helical Relativity\06 Colour Field\05 Dictionary\Quantum_Colour_Dictionary.pdf,20df5219a68dcdda2ed4c64506cec13a497308faf66627ee43a5fdf932de9596,.pdf,manuscript,2821,colour_field; reproducibility; traversal_history; personal_relativity; logical_action,RESULT:3; OPEN:3; LIMIT:2,III,Colour/helical readout fields,mapped_provisional,unreviewed,unreviewed,
SCI/Helical Relativity/06 Colour Field/05 Dictionary/Quantum_Colour_Dictionary_Presets.csv,C:\Users\joesh\Desktop\SCI\Helical Relativity\06 Colour Field\05 Dictionary\Quantum_Colour_Dictionary_Presets.csv,65a380de15cbeef048700deb15d87e164c194eef0e61046f3e12b1f680615548,.csv,data_or_certificate,313470,colour_field,,V,Reproducibility assets and computational provenance,mapped_provisional,unreviewed,unreviewed,
SCI/Helical Relativity/06 Colour Field/05 Dictionary/Quantum_Colour_Dictionary_README.txt,C:\Users\joesh\Desktop\SCI\Helical Relativity\06 Colour Field\05 Dictionary\Quantum_Colour_Dictionary_README.txt,adeccce70df3950e5135a2579e72e0c4508d657e86ee977e643985fe90d831d1,.txt,orientation_or_ledger,102,colour_field,,III,Colour/helical readout fields,mapped_provisional,unreviewed,unreviewed,
SCI/Helical Relativity/06 Colour Field/colour_field_atlas.py,C:\Users\joesh\Desktop\SCI\Helical Relativity\06 Colour Field\colour_field_atlas.py,366500009491511a9d2dbdd6657643a6ea65ac41c8bd9a3929484c4c9121be17,.py,implementation,3462,colour_field; cosmology; matter_atomic; traversal_history; foundational_partition; personal_relativity,PROVED:3; RESULT:3; OPEN:2,V,Reproducibility assets and computational provenance,mapped_provisional,unreviewed,unreviewed,
SCI/Helical Relativity/06 Colour Field/colour_field_atlas_results.json,C:\Users\joesh\Desktop\SCI\Helical Relativity\06 Colour Field\colour_field_atlas_results.json,a54113506de8313da4ae062e1803ae6e407b2c1668ed00df5e6a13b466a141f4,.json,data_or_certificate,171,colour_field; cosmology,,V,Reproducibility assets and computational provenance,mapped_provisional,unreviewed,unreviewed,
SCI/Helical Relativity/06 Colour Field/HOW TO READ A COLOUR FIELD.md,C:\Users\joesh\Desktop\SCI\Helical Relativity\06 Colour Field\HOW TO READ A COLOUR FIELD.md,00c988f7729b00a660b9060e5198fee91c370191a53696461e436658fc1fe287,.md,supporting_text,1156,colour_field; foundational_partition; traversal_history; matter_atomic; cosmology,PROVED:1; OPEN:1,III,Colour/helical readout fields,mapped_provisional,unreviewed,unreviewed,
SCI/Helical Relativity/07 Helical Field/00_Paper/The_Helical_Bubble_Field_Observer_Interior_Time_Evolution_Joseph_Shields.docx,C:\Users\joesh\Desktop\SCI\Helical Relativity\07 Helical Field\00_Paper\The_Helical_Bubble_Field_Observer_Interior_Time_Evolution_Joseph_Shields.docx,f278c1aeec5f82746de1c976ecae1257b3502b17a6116c0ae65134a1e1351755,.docx,manuscript,2430,personal_relativity; least_action_field; foundational_partition; geometry_gravity; reproducibility; traversal_history,RESULT:3,III,Colour/helical readout fields,mapped_provisional,unreviewed,unreviewed,
SCI/Helical Relativity/07 Helical Field/00_Paper/The_Helical_Bubble_Field_Observer_Interior_Time_Evolution_Joseph_Shields.pdf,C:\Users\joesh\Desktop\SCI\Helical Relativity\07 Helical Field\00_Paper\The_Helical_Bubble_Field_Observer_Interior_Time_Evolution_Joseph_Shields.pdf,98e7d6553e69d7e562245ceed81cc8c9b512f9d0a73de209ae59ed73b523bc21,.pdf,manuscript,2490,personal_relativity; least_action_field; foundational_partition; geometry_gravity; reproducibility; traversal_history,RESULT:3,III,Colour/helical readout fields,mapped_provisional,unreviewed,unreviewed,
SCI/Helical Relativity/07 Helical Field/01_Field_Implementation/helical_bubble_field.py,C:\Users\joesh\Desktop\SCI\Helical Relativity\07 Helical Field\01_Field_Implementation\helical_bubble_field.py,af5e6b264965760ee7a23cc3ff1714f6b1b2cff5d587d20509577ee29fa85410,.py,implementation,1937,personal_relativity; traversal_history; foundational_partition; least_action_field; reproducibility; geometry_gravity,DERIVED:1; FAILED:1,V,Reproducibility assets and computational provenance,mapped_provisional,unreviewed,unreviewed,
SCI/Helical Relativity/07 Helical Field/01_Field_Implementation/helical_bubble_field_results.json,C:\Users\joesh\Desktop\SCI\Helical Relativity\07 Helical Field\01_Field_Implementation\helical_bubble_field_results.json,e1195eac0d8b2db49fc85f18774635e5101f2f2d67f21ae5a8f6d80eb017b24b,.json,data_or_certificate,188,personal_relativity; foundational_partition; least_action_field; reproducibility; traversal_history,,V,Reproducibility assets and computational provenance,mapped_provisional,unreviewed,unreviewed,
SCI/Helical Relativity/07 Helical Field/01_Field_Implementation/helical_bubble_field_visuals.py,C:\Users\joesh\Desktop\SCI\Helical Relativity\07 Helical Field\01_Field_Implementation\helical_bubble_field_visuals.py,adc2f3d19a0c22de2b424377cc6a2ea720a19149dbbc67f18b038ad128a4f0de,.py,implementation,1346,personal_relativity; traversal_history; least_action_field,,V,Reproducibility assets and computational provenance,mapped_provisional,unreviewed,unreviewed,
SCI/Helical Relativity/07 Helical Field/01_Field_Implementation/run_helical_field.command,C:\Users\joesh\Desktop\SCI\Helical Relativity\07 Helical Field\01_Field_Implementation\run_helical_field.command,45f48ffab905bad17aecee86811e6d22679ce611d090467f0afe700e7948edbc,.command,implementation,19,,OPEN:1,V,Reproducibility assets and computational provenance,mapped_provisional,unreviewed,unreviewed,
SCI/Helical Relativity/07 Helical Field/02_Interactive_Field/helical-bubble-field.html,C:\Users\joesh\Desktop\SCI\Helical Relativity\07 Helical Field\02_Interactive_Field\helical-bubble-field.html,7574bdd4efb6849f7310098ae0656ea8096f6e7d86447943ce1a9d9206f4d168,.html,implementation,2467,matter_atomic; geometry_gravity; colour_field; personal_relativity; least_action_field; reproducibility,,V,Reproducibility assets and computational provenance,mapped_provisional,unreviewed,unreviewed,
SCI/Helical Relativity/07 Helical Field/README.md,C:\Users\joesh\Desktop\SCI\Helical Relativity\07 Helical Field\README.md,6816a71b225a1cd3dc1c708f9c932b9018ad24ed9cc492b3ef49b87be8f59dbb,.md,orientation_or_ledger,172,personal_relativity; least_action_field; reproducibility; traversal_history,OPEN:1,III,Colour/helical readout fields,mapped_provisional,unreviewed,unreviewed,
SCI/Helical Relativity/07 Helical Field/SHA256SUMS.txt,C:\Users\joesh\Desktop\SCI\Helical Relativity\07 Helical Field\SHA256SUMS.txt,9f01d748c59ce194871f4ff9b7b5e922b125588310164c30fc980e138b1485c1,.txt,manifest,64,personal_relativity; geometry_gravity; reproducibility,,V,Reproducibility assets and computational provenance,mapped_provisional,unreviewed,unreviewed,
SCI/Helical Relativity/SHA256SUMS.txt,C:\Users\joesh\Desktop\SCI\Helical Relativity\SHA256SUMS.txt,1437809f401c808ba92212cced5d863592aea5c84558e8c50ca70ceaeb5434b2,.txt,manifest,776,colour_field; personal_relativity; matter_atomic; geometry_gravity; least_action_field; logical_action,,V,Reproducibility assets and computational provenance,mapped_provisional,unreviewed,unreviewed,
SCI/Informational Least Action/bubble_audit.py,C:\Users\joesh\Desktop\SCI\Informational Least Action\bubble_audit.py,9cea0e789994765e89340d5d193e3ac777d40c242626abc1e6651d01b50278d3,.py,implementation,1571,least_action_field; geometry_gravity; foundational_partition; cosmology; colour_field; logical_action,DERIVED:1; PREDICTION:1; RESULT:3,V,Reproducibility assets and computational provenance,mapped_provisional,unreviewed,unreviewed,
SCI/Informational Least Action/build.py,C:\Users\joesh\Desktop\SCI\Informational Least Action\build.py,89e5ef146f42abc692ec893b1d5dc44044bc8eae06161bf879bc4f57f17258ba,.py,implementation,89,reproducibility,OPEN:1,V,Reproducibility assets and computational provenance,mapped_provisional,unreviewed,unreviewed,
SCI/Informational Least Action/ila_plates.py,C:\Users\joesh\Desktop\SCI\Informational Least Action\ila_plates.py,23c75c9bdea156de54864027af19bed0cfba9306b82af3ab30bac715f9c79284,.py,implementation,2757,geometry_gravity; least_action_field; information_boundary; cosmology; personal_relativity; logical_action,OPEN:1; LIMIT:1,V,Reproducibility assets and computational provenance,mapped_provisional,unreviewed,unreviewed,
SCI/Informational Least Action/ilabody.py,C:\Users\joesh\Desktop\SCI\Informational Least Action\ilabody.py,4ec80469c20ad048f0c6d3b5fd224d833632da85ae6563d15d36d4fb06bc6dc4,.py,implementation,5979,least_action_field; foundational_partition; geometry_gravity; logical_action; personal_relativity; reproducibility,PROVED:30; DERIVED:1; CONDITIONAL:4; CONJECTURE:1; PROPOSED:1; PREDICTION:3; RESULT:11; OPEN:6; LIMIT:5; WITHDRAWN:1,V,Reproducibility assets and computational provenance,mapped_provisional,unreviewed,unreviewed,
SCI/Informational Least Action/ilahead.py,C:\Users\joesh\Desktop\SCI\Informational Least Action\ilahead.py,320ce9ecdae7ae187320f309f8ed2be479c52f375ff3d43b433fd405b5e0c822,.py,implementation,2147,matter_atomic; least_action_field; reproducibility; information_boundary,PROVED:1; CONDITIONAL:1; PROPOSED:1; FORECAST:1; OPEN:1; WITHDRAWN:1,V,Reproducibility assets and computational provenance,mapped_provisional,unreviewed,unreviewed,
SCI/Informational Least Action/Informational_Least_Action_and_the_Least_Boundary_Field.docx,C:\Users\joesh\Desktop\SCI\Informational Least Action\Informational_Least_Action_and_the_Least_Boundary_Field.docx,44d2090310df83c0b3bd77bfa4e4ec9417da4142d95bbbbc4af33218f876a58a,.docx,manuscript,5743,least_action_field; foundational_partition; geometry_gravity; logical_action; personal_relativity; reproducibility,PROVED:30; DERIVED:1; CONDITIONAL:4; CONJECTURE:1; PROPOSED:1; PREDICTION:3; RESULT:11; OPEN:6; LIMIT:5; WITHDRAWN:1,I; II,Informational action and least-boundary field,mapped_provisional,unreviewed,unreviewed,
SCI/Informational Least Action/Informational_Least_Action_and_the_Least_Boundary_Field.pdf,C:\Users\joesh\Desktop\SCI\Informational Least Action\Informational_Least_Action_and_the_Least_Boundary_Field.pdf,1ef2da47dab36618b9bcb1157f116a97d369195dd2b36d38652916820c49de04,.pdf,manuscript,5787,least_action_field; information_boundary; foundational_partition; geometry_gravity; logical_action; personal_relativity,PROVED:30; DERIVED:1; CONDITIONAL:4; CONJECTURE:1; PROPOSED:1; PREDICTION:3; RESULT:11; OPEN:6; LIMIT:5; WITHDRAWN:1,I; II,Informational action and least-boundary field,mapped_provisional,unreviewed,unreviewed,
SCI/Informational Least Action/SHA256SUMS.txt,C:\Users\joesh\Desktop\SCI\Informational Least Action\SHA256SUMS.txt,e9d6ee90cf7d5f3505b320321a7078894849e1ca09accd425caae760a249ac64,.txt,manifest,41,geometry_gravity; reproducibility,,V,Reproducibility assets and computational provenance,mapped_provisional,unreviewed,unreviewed,
SCI/Unified_Mechanics_Dual_Rank_Rederivation_2026.docx,C:\Users\joesh\Desktop\SCI\Unified_Mechanics_Dual_Rank_Rederivation_2026.docx,1e436456821bb5bc350f725648d5d99cdff1d3e3b0526ef34cab1d6aad08db15,.docx,manuscript,2081,foundational_partition; geometry_gravity; personal_relativity; traversal_history; colour_field; cosmology,DERIVED:2; RESULT:1,I,Fixed point and three-channel partition,mapped_provisional,unreviewed,unreviewed,
SCI/Unified_Mechanics_Dual_Rank_Rederivation_2026.pdf,C:\Users\joesh\Desktop\SCI\Unified_Mechanics_Dual_Rank_Rederivation_2026.pdf,57dc63f92d3624e233cdd7ebd7d2143cea1aaa8351117b92dfe007082310be3b,.pdf,manuscript,2044,foundational_partition; geometry_gravity; personal_relativity; traversal_history; colour_field; cosmology,DERIVED:2; RESULT:1,I,Fixed point and three-channel partition,mapped_provisional,unreviewed,unreviewed,
SCI/Unified_Mechanics_Dual_Rank_Rederivation_2026_with_front_note.pdf,C:\Users\joesh\Desktop\SCI\Unified_Mechanics_Dual_Rank_Rederivation_2026_with_front_note.pdf,643866ab2cf688986ca497625414e7e056d42641311a81020c02e4fa41a3a807,.pdf,manuscript,2548,foundational_partition; geometry_gravity; traversal_history; personal_relativity; colour_field; logical_action,DERIVED:2; RESULT:1,I,Fixed point and three-channel partition,mapped_provisional,unreviewed,unreviewed,
SCI/Unified_Mechanics_The_Field_Ledger(2).docx,C:\Users\joesh\Desktop\SCI\Unified_Mechanics_The_Field_Ledger(2).docx,aa3490bb25383fdb811767c051fadd44b3ae5ef5ae16273511e1d77e18d6d49b,.docx,manuscript,8367,cosmology; traversal_history; geometry_gravity; logical_action; reproducibility; colour_field,PROVED:30; DERIVED:2; ESTABLISHED:2; CONDITIONAL:16; PROPOSED:29; FORECAST:5; PREDICTION:4; RESULT:6; OPEN:20; WITHDRAWN:5; FAILED:2,IV,Cosmology and phenomenology,mapped_provisional,unreviewed,unreviewed,
SCI/Unified_Mechanics_The_Field_Ledger.docx,C:\Users\joesh\Desktop\SCI\Unified_Mechanics_The_Field_Ledger.docx,94d094e82d0f6efcf38eea6a2a812ca58676c94addb33042aa402119eefaa455,.docx,manuscript,7538,cosmology; traversal_history; geometry_gravity; logical_action; colour_field; reproducibility,PROVED:27; DERIVED:3; ESTABLISHED:2; CONDITIONAL:13; PROPOSED:27; FORECAST:4; PREDICTION:4; RESULT:5; OPEN:20; WITHDRAWN:5; FAILED:2,IV,Cosmology and phenomenology,mapped_provisional,unreviewed,unreviewed,
