namespace,relative_path,corpus_path,extension,size_bytes,modified_utc,sha256,canonical_for_hash,duplicate_count,canonical_corpus_path,absolute_path
LEGACY_UNIFIED_MECHANICS,.gitignore,LEGACY_UNIFIED_MECHANICS/.gitignore,,72,2026-07-12T12:16:55.918802+00:00,aaa9b2dbabf8a88d5c942ffc827c51b6c34723d2df3b365843ced8e4815bb016,True,1,LEGACY_UNIFIED_MECHANICS/.gitignore,C:\Users\joesh\Documents\Codex\2026-07-12\f\work\unified-mechanics-repo\.gitignore
LEGACY_UNIFIED_MECHANICS,00_DERIVATION.md,LEGACY_UNIFIED_MECHANICS/00_DERIVATION.md,.md,4321,2026-07-12T12:16:55.919414+00:00,da9ce959873f78e23368e51bdc6fd37a0a45287b90ff506464d9305dd42c062f,True,1,LEGACY_UNIFIED_MECHANICS/00_DERIVATION.md,C:\Users\joesh\Documents\Codex\2026-07-12\f\work\unified-mechanics-repo\00_DERIVATION.md
LEGACY_UNIFIED_MECHANICS,00_LAWS.md,LEGACY_UNIFIED_MECHANICS/00_LAWS.md,.md,4359,2026-07-12T12:16:55.919414+00:00,b595ab15262a197f2c7132e81222c96066f8d3d16d878c26a33d5c12f198df92,True,1,LEGACY_UNIFIED_MECHANICS/00_LAWS.md,C:\Users\joesh\Documents\Codex\2026-07-12\f\work\unified-mechanics-repo\00_LAWS.md
LEGACY_UNIFIED_MECHANICS,00_MASTER_HANDOVER.md,LEGACY_UNIFIED_MECHANICS/00_MASTER_HANDOVER.md,.md,3075,2026-07-12T12:16:55.920416+00:00,2c0c851473a470b9841e155db9ac6ec6311302ee851b65066dae98f1759aff5e,True,1,LEGACY_UNIFIED_MECHANICS/00_MASTER_HANDOVER.md,C:\Users\joesh\Documents\Codex\2026-07-12\f\work\unified-mechanics-repo\00_MASTER_HANDOVER.md
LEGACY_UNIFIED_MECHANICS,00_WHAT_THIS_IS.md,LEGACY_UNIFIED_MECHANICS/00_WHAT_THIS_IS.md,.md,4743,2026-07-12T12:16:55.920941+00:00,34d5cd73a6e6f3ef975e2aa59d664f43bcb71700c9c89f8e2b79f745c7fd4ffd,True,1,LEGACY_UNIFIED_MECHANICS/00_WHAT_THIS_IS.md,C:\Users\joesh\Documents\Codex\2026-07-12\f\work\unified-mechanics-repo\00_WHAT_THIS_IS.md
LEGACY_UNIFIED_MECHANICS,01_FOUNDATION.md,LEGACY_UNIFIED_MECHANICS/01_FOUNDATION.md,.md,46555,2026-07-12T12:16:55.921442+00:00,9085f88cfcfd47f28f887337f0755ce26686d3d93bf7170c25b38314e3ceb2f7,True,1,LEGACY_UNIFIED_MECHANICS/01_FOUNDATION.md,C:\Users\joesh\Documents\Codex\2026-07-12\f\work\unified-mechanics-repo\01_FOUNDATION.md
LEGACY_UNIFIED_MECHANICS,02_COSMOLOGY.md,LEGACY_UNIFIED_MECHANICS/02_COSMOLOGY.md,.md,19064,2026-07-12T12:16:55.921942+00:00,064c67272c8b79b8a0f2f7f044a91037a1846c71c96e415dd7655ccdb923ed1a,True,1,LEGACY_UNIFIED_MECHANICS/02_COSMOLOGY.md,C:\Users\joesh\Documents\Codex\2026-07-12\f\work\unified-mechanics-repo\02_COSMOLOGY.md
LEGACY_UNIFIED_MECHANICS,03_GRAVITY_AND_BLACK_HOLES.md,LEGACY_UNIFIED_MECHANICS/03_GRAVITY_AND_BLACK_HOLES.md,.md,22983,2026-07-12T12:16:55.922442+00:00,8d17833c2bbaf02bf2d81d1e117869a2ab21286232d4a5d649c68fab4fa7bb8e,True,1,LEGACY_UNIFIED_MECHANICS/03_GRAVITY_AND_BLACK_HOLES.md,C:\Users\joesh\Documents\Codex\2026-07-12\f\work\unified-mechanics-repo\03_GRAVITY_AND_BLACK_HOLES.md
LEGACY_UNIFIED_MECHANICS,04_QUANTUM_AND_HOLOGRAPHIC.md,LEGACY_UNIFIED_MECHANICS/04_QUANTUM_AND_HOLOGRAPHIC.md,.md,25691,2026-07-12T12:16:55.922942+00:00,79c1f9c79fb8b95bcfeed72500e3cbb31efd99637eb1331f013d096347ed8e82,True,1,LEGACY_UNIFIED_MECHANICS/04_QUANTUM_AND_HOLOGRAPHIC.md,C:\Users\joesh\Documents\Codex\2026-07-12\f\work\unified-mechanics-repo\04_QUANTUM_AND_HOLOGRAPHIC.md
LEGACY_UNIFIED_MECHANICS,05_PARTICLE_PHYSICS.md,LEGACY_UNIFIED_MECHANICS/05_PARTICLE_PHYSICS.md,.md,20049,2026-07-12T12:16:55.923443+00:00,8747485aa278018d5b6b58abf65cb5b65d3a4461a8bb6affad107652304708e1,True,1,LEGACY_UNIFIED_MECHANICS/05_PARTICLE_PHYSICS.md,C:\Users\joesh\Documents\Codex\2026-07-12\f\work\unified-mechanics-repo\05_PARTICLE_PHYSICS.md
LEGACY_UNIFIED_MECHANICS,06_HETEROTIC_IDENTIFICATION.md,LEGACY_UNIFIED_MECHANICS/06_HETEROTIC_IDENTIFICATION.md,.md,23578,2026-07-12T12:16:55.923943+00:00,b9de92ffd4936af9757b02848c6a8add6facf34616b965021b874e6e7f23aff3,True,1,LEGACY_UNIFIED_MECHANICS/06_HETEROTIC_IDENTIFICATION.md,C:\Users\joesh\Documents\Codex\2026-07-12\f\work\unified-mechanics-repo\06_HETEROTIC_IDENTIFICATION.md
LEGACY_UNIFIED_MECHANICS,07_EXPERIMENTAL_PROGRAM.md,LEGACY_UNIFIED_MECHANICS/07_EXPERIMENTAL_PROGRAM.md,.md,27797,2026-07-12T12:16:55.924443+00:00,cf5da971b01e3cea0f754e75b1efa0d4d3d4a9fd46ef60336c23f8f238be11ca,True,1,LEGACY_UNIFIED_MECHANICS/07_EXPERIMENTAL_PROGRAM.md,C:\Users\joesh\Documents\Codex\2026-07-12\f\work\unified-mechanics-repo\07_EXPERIMENTAL_PROGRAM.md
LEGACY_UNIFIED_MECHANICS,08_EMPIRICAL_VALIDATION.md,LEGACY_UNIFIED_MECHANICS/08_EMPIRICAL_VALIDATION.md,.md,29044,2026-07-12T12:16:55.925443+00:00,0292dba1f6e75ed21c9cfe8e73ae204fce99eed49aaa213a3ce4148be72ac9eb,True,1,LEGACY_UNIFIED_MECHANICS/08_EMPIRICAL_VALIDATION.md,C:\Users\joesh\Documents\Codex\2026-07-12\f\work\unified-mechanics-repo\08_EMPIRICAL_VALIDATION.md
LEGACY_UNIFIED_MECHANICS,11_DYNAMICS.md,LEGACY_UNIFIED_MECHANICS/11_DYNAMICS.md,.md,8066,2026-07-12T12:16:55.925943+00:00,82c5959f866faf14f4c8d01dc21ede878c97b6ea3e9f2b9360fa2bde1f41f0bc,True,1,LEGACY_UNIFIED_MECHANICS/11_DYNAMICS.md,C:\Users\joesh\Documents\Codex\2026-07-12\f\work\unified-mechanics-repo\11_DYNAMICS.md
LEGACY_UNIFIED_MECHANICS,12_ARROW_OF_TIME.md,LEGACY_UNIFIED_MECHANICS/12_ARROW_OF_TIME.md,.md,8609,2026-07-12T12:16:55.926443+00:00,23da86d0baf64a0df3950bd58d6bad997e13d918452ae3d846b67aa9dc5e997d,True,1,LEGACY_UNIFIED_MECHANICS/12_ARROW_OF_TIME.md,C:\Users\joesh\Documents\Codex\2026-07-12\f\work\unified-mechanics-repo\12_ARROW_OF_TIME.md
LEGACY_UNIFIED_MECHANICS,13_QUANTIZATION.md,LEGACY_UNIFIED_MECHANICS/13_QUANTIZATION.md,.md,8257,2026-07-12T12:16:55.926443+00:00,963395e32a12041e63d699abc61f36d8b77dc1fdbe7181456c6fd61bc2743465,True,1,LEGACY_UNIFIED_MECHANICS/13_QUANTIZATION.md,C:\Users\joesh\Documents\Codex\2026-07-12\f\work\unified-mechanics-repo\13_QUANTIZATION.md
LEGACY_UNIFIED_MECHANICS,14_THERMODYNAMICS.md,LEGACY_UNIFIED_MECHANICS/14_THERMODYNAMICS.md,.md,7194,2026-07-12T12:16:55.926443+00:00,d811e5ac7dbfe6fa3c3b2b79b34fbad925bfdd1d59ec1a16be7275a6fa1c8859,True,1,LEGACY_UNIFIED_MECHANICS/14_THERMODYNAMICS.md,C:\Users\joesh\Documents\Codex\2026-07-12\f\work\unified-mechanics-repo\14_THERMODYNAMICS.md
LEGACY_UNIFIED_MECHANICS,15_STATISTICAL_MECHANICS.md,LEGACY_UNIFIED_MECHANICS/15_STATISTICAL_MECHANICS.md,.md,7222,2026-07-12T12:16:55.927445+00:00,784e4169aeac039367d8ec1636b89b39b3d103ed43f8b05e1d0252181a3d8228,True,1,LEGACY_UNIFIED_MECHANICS/15_STATISTICAL_MECHANICS.md,C:\Users\joesh\Documents\Codex\2026-07-12\f\work\unified-mechanics-repo\15_STATISTICAL_MECHANICS.md
LEGACY_UNIFIED_MECHANICS,16_ELECTROMAGNETISM.md,LEGACY_UNIFIED_MECHANICS/16_ELECTROMAGNETISM.md,.md,8634,2026-07-12T12:16:55.928277+00:00,d8570ba4ec10813545b53637560ee1e449f4816d40e1a0d5aaa5f5a4faae4838,True,1,LEGACY_UNIFIED_MECHANICS/16_ELECTROMAGNETISM.md,C:\Users\joesh\Documents\Codex\2026-07-12\f\work\unified-mechanics-repo\16_ELECTROMAGNETISM.md
LEGACY_UNIFIED_MECHANICS,FAQ.md,LEGACY_UNIFIED_MECHANICS/FAQ.md,.md,9977,2026-07-12T12:16:55.928777+00:00,1b6876bcbaad9808a72c3a9fb2358416aa62ca335591000046fb52f27cf34776,True,1,LEGACY_UNIFIED_MECHANICS/FAQ.md,C:\Users\joesh\Documents\Codex\2026-07-12\f\work\unified-mechanics-repo\FAQ.md
LEGACY_UNIFIED_MECHANICS,foundations/Canonicalization_Complete_Edition_1.md,LEGACY_UNIFIED_MECHANICS/foundations/Canonicalization_Complete_Edition_1.md,.md,191593,2026-07-12T12:16:55.937929+00:00,f891d92e527ca5708e0634a1ae4760960172224a5444352d9328f44bf75bdff8,True,1,LEGACY_UNIFIED_MECHANICS/foundations/Canonicalization_Complete_Edition_1.md,C:\Users\joesh\Documents\Codex\2026-07-12\f\work\unified-mechanics-repo\foundations\Canonicalization_Complete_Edition_1.md
LEGACY_UNIFIED_MECHANICS,foundations/README.md,LEGACY_UNIFIED_MECHANICS/foundations/README.md,.md,1496,2026-07-12T12:16:55.938430+00:00,72595cc14f597773aaf8d49190d1db58dc6bdb14f71088dd8871e058ea70af0f,True,1,LEGACY_UNIFIED_MECHANICS/foundations/README.md,C:\Users\joesh\Documents\Codex\2026-07-12\f\work\unified-mechanics-repo\foundations\README.md
LEGACY_UNIFIED_MECHANICS,Gravitational_Memory.pdf,LEGACY_UNIFIED_MECHANICS/Gravitational_Memory.pdf,.pdf,628259,2026-07-12T12:16:55.931803+00:00,db106cb9ff1ee57a355ee4c60fbfbe1d87f2304bd6e71854fd0eb547a3cfa9b3,True,1,LEGACY_UNIFIED_MECHANICS/Gravitational_Memory.pdf,C:\Users\joesh\Documents\Codex\2026-07-12\f\work\unified-mechanics-repo\Gravitational_Memory.pdf
LEGACY_UNIFIED_MECHANICS,LICENSE,LEGACY_UNIFIED_MECHANICS/LICENSE,,1081,2026-07-12T12:16:55.932302+00:00,1fee31f5db95f9f3ac774b4582efd8f4be421867e501a07d9527af5368702322,False,2,MONOGRAPH/LICENSE,C:\Users\joesh\Documents\Codex\2026-07-12\f\work\unified-mechanics-repo\LICENSE
LEGACY_UNIFIED_MECHANICS,limb/__init__.py,LEGACY_UNIFIED_MECHANICS/limb/__init__.py,.py,2163,2026-07-12T12:16:55.939430+00:00,24b91b8738b88591803209c27b826bdf0a0c23192b76bb336128be12717db85d,True,1,LEGACY_UNIFIED_MECHANICS/limb/__init__.py,C:\Users\joesh\Documents\Codex\2026-07-12\f\work\unified-mechanics-repo\limb\__init__.py
LEGACY_UNIFIED_MECHANICS,limb/camb_backend.py,LEGACY_UNIFIED_MECHANICS/limb/camb_backend.py,.py,8065,2026-07-12T12:16:55.940434+00:00,388083282a77a0147accd9c6ca517f8e8ae01048d437a6fb86007709113d54ad,True,1,LEGACY_UNIFIED_MECHANICS/limb/camb_backend.py,C:\Users\joesh\Documents\Codex\2026-07-12\f\work\unified-mechanics-repo\limb\camb_backend.py
LEGACY_UNIFIED_MECHANICS,limb/channels/__init__.py,LEGACY_UNIFIED_MECHANICS/limb/channels/__init__.py,.py,1474,2026-07-12T12:16:55.941464+00:00,a7f76b1855aa3887db2310a30f23a80e901a261308c76498e668e2e234337b58,True,1,LEGACY_UNIFIED_MECHANICS/limb/channels/__init__.py,C:\Users\joesh\Documents\Codex\2026-07-12\f\work\unified-mechanics-repo\limb\channels\__init__.py
LEGACY_UNIFIED_MECHANICS,limb/channels/barrier.py,LEGACY_UNIFIED_MECHANICS/limb/channels/barrier.py,.py,890,2026-07-12T12:16:55.942465+00:00,095cde81840c18fd88e3426a400d4a08d2c5571c3ace2db1b2a1b2fcefcf0912,True,1,LEGACY_UNIFIED_MECHANICS/limb/channels/barrier.py,C:\Users\joesh\Documents\Codex\2026-07-12\f\work\unified-mechanics-repo\limb\channels\barrier.py
LEGACY_UNIFIED_MECHANICS,limb/channels/light.py,LEGACY_UNIFIED_MECHANICS/limb/channels/light.py,.py,1103,2026-07-12T12:16:55.942966+00:00,a3ad1a0ec80edf9129a4a07d50e44d64f4681bdbb0e6eb25bc783fb54295ea99,True,1,LEGACY_UNIFIED_MECHANICS/limb/channels/light.py,C:\Users\joesh\Documents\Codex\2026-07-12\f\work\unified-mechanics-repo\limb\channels\light.py
LEGACY_UNIFIED_MECHANICS,limb/channels/matter.py,LEGACY_UNIFIED_MECHANICS/limb/channels/matter.py,.py,575,2026-07-12T12:16:55.943465+00:00,119fd67846f26e5e75c71167cd150a73c0f4b5f7bb8f443e0501fb89edcbda03,True,1,LEGACY_UNIFIED_MECHANICS/limb/channels/matter.py,C:\Users\joesh\Documents\Codex\2026-07-12\f\work\unified-mechanics-repo\limb\channels\matter.py
LEGACY_UNIFIED_MECHANICS,limb/cosmology.py,LEGACY_UNIFIED_MECHANICS/limb/cosmology.py,.py,2233,2026-07-12T12:16:55.943965+00:00,b7ec4ccc77164f3385941affa7937ef0281b6e8c471b796813d0716df7302bca,True,1,LEGACY_UNIFIED_MECHANICS/limb/cosmology.py,C:\Users\joesh\Documents\Codex\2026-07-12\f\work\unified-mechanics-repo\limb\cosmology.py
LEGACY_UNIFIED_MECHANICS,limb/derivations/__init__.py,LEGACY_UNIFIED_MECHANICS/limb/derivations/__init__.py,.py,756,2026-07-12T12:16:55.944810+00:00,5b28c2651d0cf9827c7441800f47b3ce2217bb23f26cff0be46f887c3b16d731,True,1,LEGACY_UNIFIED_MECHANICS/limb/derivations/__init__.py,C:\Users\joesh\Documents\Codex\2026-07-12\f\work\unified-mechanics-repo\limb\derivations\__init__.py
LEGACY_UNIFIED_MECHANICS,limb/derivations/lcdm_inputs.py,LEGACY_UNIFIED_MECHANICS/limb/derivations/lcdm_inputs.py,.py,19910,2026-07-12T12:16:55.945350+00:00,e7dafa5c93f3019002e2a3ff951c23cd14d5912b12917e5c800232140e1fcdd7,True,1,LEGACY_UNIFIED_MECHANICS/limb/derivations/lcdm_inputs.py,C:\Users\joesh\Documents\Codex\2026-07-12\f\work\unified-mechanics-repo\limb\derivations\lcdm_inputs.py
LEGACY_UNIFIED_MECHANICS,limb/lcdm.py,LEGACY_UNIFIED_MECHANICS/limb/lcdm.py,.py,2595,2026-07-12T12:16:55.945860+00:00,6212bd30a475a12788ed18eadbd9ae2cb41a6a8faa2447d3ecacf3b1867e43fe,True,1,LEGACY_UNIFIED_MECHANICS/limb/lcdm.py,C:\Users\joesh\Documents\Codex\2026-07-12\f\work\unified-mechanics-repo\limb\lcdm.py
LEGACY_UNIFIED_MECHANICS,limb/LICENSE,LEGACY_UNIFIED_MECHANICS/limb/LICENSE,,812,2026-07-12T12:16:55.939430+00:00,4652aed15d07c04bc1ad26ab40c83b392d33b91a23c8c66af67a842abbfae318,True,1,LEGACY_UNIFIED_MECHANICS/limb/LICENSE,C:\Users\joesh\Documents\Codex\2026-07-12\f\work\unified-mechanics-repo\limb\LICENSE
LEGACY_UNIFIED_MECHANICS,limb/um.py,LEGACY_UNIFIED_MECHANICS/limb/um.py,.py,1533,2026-07-12T12:16:55.946379+00:00,3066a29d8d85146d7211862af1b329ae8e2a9111171a0bfa57f772b3f7762ba8,True,1,LEGACY_UNIFIED_MECHANICS/limb/um.py,C:\Users\joesh\Documents\Codex\2026-07-12\f\work\unified-mechanics-repo\limb\um.py
LEGACY_UNIFIED_MECHANICS,papers/alpha_em_g2.pdf,LEGACY_UNIFIED_MECHANICS/papers/alpha_em_g2.pdf,.pdf,199316,2026-07-12T12:16:55.947915+00:00,0dac2e2b8ab1b9115c9485d6c40d98f95b99c45a7b78ff4369fc6e78a899a2f0,True,1,LEGACY_UNIFIED_MECHANICS/papers/alpha_em_g2.pdf,C:\Users\joesh\Documents\Codex\2026-07-12\f\work\unified-mechanics-repo\papers\alpha_em_g2.pdf
LEGACY_UNIFIED_MECHANICS,papers/alpha_em_g2.tex,LEGACY_UNIFIED_MECHANICS/papers/alpha_em_g2.tex,.tex,15478,2026-07-12T12:16:55.948427+00:00,62bad4bb766a181e5712e07d2b1ac3bfda3b584dcb0f53706d730e3a1d804120,True,1,LEGACY_UNIFIED_MECHANICS/papers/alpha_em_g2.tex,C:\Users\joesh\Documents\Codex\2026-07-12\f\work\unified-mechanics-repo\papers\alpha_em_g2.tex
LEGACY_UNIFIED_MECHANICS,papers/ckm_mixing.pdf,LEGACY_UNIFIED_MECHANICS/papers/ckm_mixing.pdf,.pdf,182926,2026-07-12T12:16:55.949524+00:00,732ae2c56321b8cbacba5692ae6787b9c08b724ac7f8f1992e3427d31f839e94,True,1,LEGACY_UNIFIED_MECHANICS/papers/ckm_mixing.pdf,C:\Users\joesh\Documents\Codex\2026-07-12\f\work\unified-mechanics-repo\papers\ckm_mixing.pdf
LEGACY_UNIFIED_MECHANICS,papers/ckm_mixing.tex,LEGACY_UNIFIED_MECHANICS/papers/ckm_mixing.tex,.tex,20538,2026-07-12T12:16:55.950526+00:00,16c559e00ba3ee705b09934c5d0a3d8d5b83de1b48cb7266b01de2a782835ba0,True,1,LEGACY_UNIFIED_MECHANICS/papers/ckm_mixing.tex,C:\Users\joesh\Documents\Codex\2026-07-12\f\work\unified-mechanics-repo\papers\ckm_mixing.tex
LEGACY_UNIFIED_MECHANICS,papers/cosm_constant.pdf,LEGACY_UNIFIED_MECHANICS/papers/cosm_constant.pdf,.pdf,191885,2026-07-12T12:16:55.952444+00:00,92b06dc46199ad2cd4860f9cbc0e0a2cc7d090eef5766277f9e36e60152036ad,True,1,LEGACY_UNIFIED_MECHANICS/papers/cosm_constant.pdf,C:\Users\joesh\Documents\Codex\2026-07-12\f\work\unified-mechanics-repo\papers\cosm_constant.pdf
LEGACY_UNIFIED_MECHANICS,papers/cosm_constant.tex,LEGACY_UNIFIED_MECHANICS/papers/cosm_constant.tex,.tex,17737,2026-07-12T12:16:55.953445+00:00,716eaa40eb3fe54c2c305331f4019dd26c827ab2d88b4992b714e7e56a97d67e,True,1,LEGACY_UNIFIED_MECHANICS/papers/cosm_constant.tex,C:\Users\joesh\Documents\Codex\2026-07-12\f\work\unified-mechanics-repo\papers\cosm_constant.tex
LEGACY_UNIFIED_MECHANICS,papers/electroweak_baryon.pdf,LEGACY_UNIFIED_MECHANICS/papers/electroweak_baryon.pdf,.pdf,199321,2026-07-12T12:16:55.955485+00:00,a0af7f1d6554ecd4defb01465dd8988fdcf8c83439af4ba245e3b19027a48a34,True,1,LEGACY_UNIFIED_MECHANICS/papers/electroweak_baryon.pdf,C:\Users\joesh\Documents\Codex\2026-07-12\f\work\unified-mechanics-repo\papers\electroweak_baryon.pdf
LEGACY_UNIFIED_MECHANICS,papers/electroweak_baryon.tex,LEGACY_UNIFIED_MECHANICS/papers/electroweak_baryon.tex,.tex,16965,2026-07-12T12:16:55.955985+00:00,53f776957c54e6d02923d0814b9ee3b906369c687fd89ede88d43c51e43d83ab,True,1,LEGACY_UNIFIED_MECHANICS/papers/electroweak_baryon.tex,C:\Users\joesh\Documents\Codex\2026-07-12\f\work\unified-mechanics-repo\papers\electroweak_baryon.tex
LEGACY_UNIFIED_MECHANICS,papers/extended/addendum_closed_results.pdf,LEGACY_UNIFIED_MECHANICS/papers/extended/addendum_closed_results.pdf,.pdf,201675,2026-07-12T12:16:55.958013+00:00,99a9552874895b4731fba4cbb4d8c065b8d05a65e91db9a87515a8ac1b32d938,True,1,LEGACY_UNIFIED_MECHANICS/papers/extended/addendum_closed_results.pdf,C:\Users\joesh\Documents\Codex\2026-07-12\f\work\unified-mechanics-repo\papers\extended\addendum_closed_results.pdf
LEGACY_UNIFIED_MECHANICS,papers/extended/addendum_closed_results.tex,LEGACY_UNIFIED_MECHANICS/papers/extended/addendum_closed_results.tex,.tex,13288,2026-07-12T12:16:55.958513+00:00,d62b2f652d77b4bc87cd01e57e854a975585b665675704ae5a8c54c6bb8ed406,True,1,LEGACY_UNIFIED_MECHANICS/papers/extended/addendum_closed_results.tex,C:\Users\joesh\Documents\Codex\2026-07-12\f\work\unified-mechanics-repo\papers\extended\addendum_closed_results.tex
LEGACY_UNIFIED_MECHANICS,papers/gauge_unification.pdf,LEGACY_UNIFIED_MECHANICS/papers/gauge_unification.pdf,.pdf,179627,2026-07-12T12:16:55.959513+00:00,13d06e67d47c4df6f201de17c896d527ea6459a7e76659859b831df06734533e,True,1,LEGACY_UNIFIED_MECHANICS/papers/gauge_unification.pdf,C:\Users\joesh\Documents\Codex\2026-07-12\f\work\unified-mechanics-repo\papers\gauge_unification.pdf
LEGACY_UNIFIED_MECHANICS,papers/gauge_unification.tex,LEGACY_UNIFIED_MECHANICS/papers/gauge_unification.tex,.tex,18357,2026-07-12T12:16:55.960515+00:00,de5a6fd33c6bd12cc7af76e47be32f67e7939017f89e33d564762f9b4aa84823,True,1,LEGACY_UNIFIED_MECHANICS/papers/gauge_unification.tex,C:\Users\joesh\Documents\Codex\2026-07-12\f\work\unified-mechanics-repo\papers\gauge_unification.tex
LEGACY_UNIFIED_MECHANICS,papers/matter_antimatter.pdf,LEGACY_UNIFIED_MECHANICS/papers/matter_antimatter.pdf,.pdf,151715,2026-07-12T12:16:55.961542+00:00,fd1e84ff8428bc6ce55cd65fb1ff99e9a526218a51df7816131dd88c913cbed4,True,1,LEGACY_UNIFIED_MECHANICS/papers/matter_antimatter.pdf,C:\Users\joesh\Documents\Codex\2026-07-12\f\work\unified-mechanics-repo\papers\matter_antimatter.pdf
LEGACY_UNIFIED_MECHANICS,papers/matter_antimatter.tex,LEGACY_UNIFIED_MECHANICS/papers/matter_antimatter.tex,.tex,13847,2026-07-12T12:16:55.962497+00:00,fd5779b6bf7116ab59614568893f01fad7f3ef45b37a792fa8dcae192c4cfbfa,True,1,LEGACY_UNIFIED_MECHANICS/papers/matter_antimatter.tex,C:\Users\joesh\Documents\Codex\2026-07-12\f\work\unified-mechanics-repo\papers\matter_antimatter.tex
LEGACY_UNIFIED_MECHANICS,papers/muon_g2.pdf,LEGACY_UNIFIED_MECHANICS/papers/muon_g2.pdf,.pdf,157875,2026-07-12T12:16:55.963565+00:00,fd314358796e9a8d07998b6f47926a88a11953c6c18dc5975d5dd4f9b2bd4f1d,True,1,LEGACY_UNIFIED_MECHANICS/papers/muon_g2.pdf,C:\Users\joesh\Documents\Codex\2026-07-12\f\work\unified-mechanics-repo\papers\muon_g2.pdf
LEGACY_UNIFIED_MECHANICS,papers/muon_g2.tex,LEGACY_UNIFIED_MECHANICS/papers/muon_g2.tex,.tex,13021,2026-07-12T12:16:55.964125+00:00,bc577785ca2ade298a33e24baef683ec83d98464692d6e71c6aacc65e4f65859,True,1,LEGACY_UNIFIED_MECHANICS/papers/muon_g2.tex,C:\Users\joesh\Documents\Codex\2026-07-12\f\work\unified-mechanics-repo\papers\muon_g2.tex
LEGACY_UNIFIED_MECHANICS,papers/neutrino_masses.pdf,LEGACY_UNIFIED_MECHANICS/papers/neutrino_masses.pdf,.pdf,193330,2026-07-12T12:16:55.965710+00:00,159f7763379534ea501fc73e770a404edc5aa956363331d0398af4fe0efb3248,True,1,LEGACY_UNIFIED_MECHANICS/papers/neutrino_masses.pdf,C:\Users\joesh\Documents\Codex\2026-07-12\f\work\unified-mechanics-repo\papers\neutrino_masses.pdf
LEGACY_UNIFIED_MECHANICS,papers/neutrino_masses.tex,LEGACY_UNIFIED_MECHANICS/papers/neutrino_masses.tex,.tex,17793,2026-07-12T12:16:55.966222+00:00,8ee6562bb2012e2c1cc522b06404b94c735a6499e20d18c88eb88a1da6f0864f,True,1,LEGACY_UNIFIED_MECHANICS/papers/neutrino_masses.tex,C:\Users\joesh\Documents\Codex\2026-07-12\f\work\unified-mechanics-repo\papers\neutrino_masses.tex
LEGACY_UNIFIED_MECHANICS,papers/qcd_running.pdf,LEGACY_UNIFIED_MECHANICS/papers/qcd_running.pdf,.pdf,190948,2026-07-12T12:16:55.967765+00:00,fcdf86cf22beeca8e854597b8ac80fc6f19b33f9b4a235e6a44c9ee29b51e164,True,1,LEGACY_UNIFIED_MECHANICS/papers/qcd_running.pdf,C:\Users\joesh\Documents\Codex\2026-07-12\f\work\unified-mechanics-repo\papers\qcd_running.pdf
LEGACY_UNIFIED_MECHANICS,papers/qcd_running.tex,LEGACY_UNIFIED_MECHANICS/papers/qcd_running.tex,.tex,14881,2026-07-12T12:16:55.968410+00:00,17d2381ede10b6eb74aa186254a31a6afa510afb739535fcee72ea9318796b32,True,1,LEGACY_UNIFIED_MECHANICS/papers/qcd_running.tex,C:\Users\joesh\Documents\Codex\2026-07-12\f\work\unified-mechanics-repo\papers\qcd_running.tex
LEGACY_UNIFIED_MECHANICS,papers/shared_space.pdf,LEGACY_UNIFIED_MECHANICS/papers/shared_space.pdf,.pdf,66999,2026-07-12T12:16:55.969052+00:00,3f762f9cbb566c30d227dae1c86fbbcb770e0a3371d30df8f7b0b16b6481ca21,True,1,LEGACY_UNIFIED_MECHANICS/papers/shared_space.pdf,C:\Users\joesh\Documents\Codex\2026-07-12\f\work\unified-mechanics-repo\papers\shared_space.pdf
LEGACY_UNIFIED_MECHANICS,papers/shared_space.tex,LEGACY_UNIFIED_MECHANICS/papers/shared_space.tex,.tex,7811,2026-07-12T12:16:55.970017+00:00,f88d95984b98e3273dff2a1a7e72039f332b372b94f4be85052106d594406d90,True,1,LEGACY_UNIFIED_MECHANICS/papers/shared_space.tex,C:\Users\joesh\Documents\Codex\2026-07-12\f\work\unified-mechanics-repo\papers\shared_space.tex
LEGACY_UNIFIED_MECHANICS,PRE_REGISTRATION.md,LEGACY_UNIFIED_MECHANICS/PRE_REGISTRATION.md,.md,8332,2026-07-12T12:16:55.932802+00:00,8c3085f022c9f42174360bf66c02bcee99ed429d50446fe168bcdc0fc15095af,True,1,LEGACY_UNIFIED_MECHANICS/PRE_REGISTRATION.md,C:\Users\joesh\Documents\Codex\2026-07-12\f\work\unified-mechanics-repo\PRE_REGISTRATION.md
LEGACY_UNIFIED_MECHANICS,pyproject.toml,LEGACY_UNIFIED_MECHANICS/pyproject.toml,.toml,834,2026-07-12T12:16:55.970017+00:00,1230aac949b5b463e2a8fbe525e003b443b25f60262f87ea5a820534bb3a2d73,True,1,LEGACY_UNIFIED_MECHANICS/pyproject.toml,C:\Users\joesh\Documents\Codex\2026-07-12\f\work\unified-mechanics-repo\pyproject.toml
LEGACY_UNIFIED_MECHANICS,Quantum Mechanics and Big Bang.pdf,LEGACY_UNIFIED_MECHANICS/Quantum Mechanics and Big Bang.pdf,.pdf,193433,2026-07-12T12:16:55.934327+00:00,05a031e61ba5cba4cbc05cf4bd07e6cd0e7923525a9949c61b453b9f70378778,True,1,LEGACY_UNIFIED_MECHANICS/Quantum Mechanics and Big Bang.pdf,C:\Users\joesh\Documents\Codex\2026-07-12\f\work\unified-mechanics-repo\Quantum Mechanics and Big Bang.pdf
LEGACY_UNIFIED_MECHANICS,README.md,LEGACY_UNIFIED_MECHANICS/README.md,.md,13408,2026-07-12T12:16:55.934827+00:00,83a75f1bdfa5f64405c341ef648bc466dd20d0f3f2d67aa2c25e57ae376a2bea,True,1,LEGACY_UNIFIED_MECHANICS/README.md,C:\Users\joesh\Documents\Codex\2026-07-12\f\work\unified-mechanics-repo\README.md
LEGACY_UNIFIED_MECHANICS,research/alpha_em_g2.py,LEGACY_UNIFIED_MECHANICS/research/alpha_em_g2.py,.py,8320,2026-07-12T12:16:55.971155+00:00,148c77bf89c684fa772ef6ed81647fdffcc27c8ab25325f637f6a18f4472c5f1,True,1,LEGACY_UNIFIED_MECHANICS/research/alpha_em_g2.py,C:\Users\joesh\Documents\Codex\2026-07-12\f\work\unified-mechanics-repo\research\alpha_em_g2.py
LEGACY_UNIFIED_MECHANICS,research/ckm_mixing.py,LEGACY_UNIFIED_MECHANICS/research/ckm_mixing.py,.py,8383,2026-07-12T12:16:55.971672+00:00,fa9be9f24fe745455a007d994bf7ba4c0b49aaa7743a980375858937c22dc051,True,1,LEGACY_UNIFIED_MECHANICS/research/ckm_mixing.py,C:\Users\joesh\Documents\Codex\2026-07-12\f\work\unified-mechanics-repo\research\ckm_mixing.py
LEGACY_UNIFIED_MECHANICS,research/cosm_constant.py,LEGACY_UNIFIED_MECHANICS/research/cosm_constant.py,.py,4448,2026-07-12T12:16:55.971672+00:00,558ad7ffa191f144ba1b2240b1dddd93f701c8956d4ded5d077b9bc17037daaa,True,1,LEGACY_UNIFIED_MECHANICS/research/cosm_constant.py,C:\Users\joesh\Documents\Codex\2026-07-12\f\work\unified-mechanics-repo\research\cosm_constant.py
LEGACY_UNIFIED_MECHANICS,research/dgf/chain_yamls/chain_B.yaml,LEGACY_UNIFIED_MECHANICS/research/dgf/chain_yamls/chain_B.yaml,.yaml,3014,2026-07-12T12:16:55.973364+00:00,eb487ff15fa13991e4e89c990e85c79134cd2152d7c9118bb5cec6361d4fee6e,True,1,LEGACY_UNIFIED_MECHANICS/research/dgf/chain_yamls/chain_B.yaml,C:\Users\joesh\Documents\Codex\2026-07-12\f\work\unified-mechanics-repo\research\dgf\chain_yamls\chain_B.yaml
LEGACY_UNIFIED_MECHANICS,research/dgf/chain_yamls/chain_L0.yaml,LEGACY_UNIFIED_MECHANICS/research/dgf/chain_yamls/chain_L0.yaml,.yaml,2365,2026-07-12T12:16:55.973875+00:00,850123deac8634b249654812bfd118d9f4bbc563e26c3d7868a5d7ed88560899,True,1,LEGACY_UNIFIED_MECHANICS/research/dgf/chain_yamls/chain_L0.yaml,C:\Users\joesh\Documents\Codex\2026-07-12\f\work\unified-mechanics-repo\research\dgf\chain_yamls\chain_L0.yaml
LEGACY_UNIFIED_MECHANICS,research/dgf/chain_yamls/chain_L1.yaml,LEGACY_UNIFIED_MECHANICS/research/dgf/chain_yamls/chain_L1.yaml,.yaml,2423,2026-07-12T12:16:55.974396+00:00,94598a4ecd568d75bfcaea683713896e4ee3974842e280ea1286b9d76a2cab60,True,1,LEGACY_UNIFIED_MECHANICS/research/dgf/chain_yamls/chain_L1.yaml,C:\Users\joesh\Documents\Codex\2026-07-12\f\work\unified-mechanics-repo\research\dgf\chain_yamls\chain_L1.yaml
LEGACY_UNIFIED_MECHANICS,research/dgf/chain_yamls/chain_LF.yaml,LEGACY_UNIFIED_MECHANICS/research/dgf/chain_yamls/chain_LF.yaml,.yaml,3538,2026-07-12T12:16:55.974909+00:00,aa9006001469da18b2b3d1e10bccfd5cf6876c2075e990976b2141b56a14b216,True,1,LEGACY_UNIFIED_MECHANICS/research/dgf/chain_yamls/chain_LF.yaml,C:\Users\joesh\Documents\Codex\2026-07-12\f\work\unified-mechanics-repo\research\dgf\chain_yamls\chain_LF.yaml
LEGACY_UNIFIED_MECHANICS,research/dgf/chain_yamls/chain_LFP.yaml,LEGACY_UNIFIED_MECHANICS/research/dgf/chain_yamls/chain_LFP.yaml,.yaml,4061,2026-07-12T12:16:55.975408+00:00,7beaba286422a09c756fa78168ff580f0f9db77da39b31aaa230826476c26aad,True,1,LEGACY_UNIFIED_MECHANICS/research/dgf/chain_yamls/chain_LFP.yaml,C:\Users\joesh\Documents\Codex\2026-07-12\f\work\unified-mechanics-repo\research\dgf\chain_yamls\chain_LFP.yaml
LEGACY_UNIFIED_MECHANICS,research/dgf/chain_yamls/chain_M.yaml,LEGACY_UNIFIED_MECHANICS/research/dgf/chain_yamls/chain_M.yaml,.yaml,2720,2026-07-12T12:16:55.975909+00:00,58e42573f43b5706923ea9f55e883480a03ddb237e94f21a05f57a5316b97468,True,1,LEGACY_UNIFIED_MECHANICS/research/dgf/chain_yamls/chain_M.yaml,C:\Users\joesh\Documents\Codex\2026-07-12\f\work\unified-mechanics-repo\research\dgf\chain_yamls\chain_M.yaml
LEGACY_UNIFIED_MECHANICS,research/dgf/chain_yamls/chain_R5v8.yaml,LEGACY_UNIFIED_MECHANICS/research/dgf/chain_yamls/chain_R5v8.yaml,.yaml,4203,2026-07-12T12:16:55.976408+00:00,1e28da79e809d31e1890b691fb34de16e2981b3895fd3be789d2d2f587be9029,True,1,LEGACY_UNIFIED_MECHANICS/research/dgf/chain_yamls/chain_R5v8.yaml,C:\Users\joesh\Documents\Codex\2026-07-12\f\work\unified-mechanics-repo\research\dgf\chain_yamls\chain_R5v8.yaml
LEGACY_UNIFIED_MECHANICS,research/dgf/chain_yamls/chain_T.yaml,LEGACY_UNIFIED_MECHANICS/research/dgf/chain_yamls/chain_T.yaml,.yaml,3072,2026-07-12T12:16:55.976408+00:00,3ec828b225ef26e943edc5288c3eee3f43c05c1139e0ad02ed2320e137ea75e8,True,1,LEGACY_UNIFIED_MECHANICS/research/dgf/chain_yamls/chain_T.yaml,C:\Users\joesh\Documents\Codex\2026-07-12\f\work\unified-mechanics-repo\research\dgf\chain_yamls\chain_T.yaml
LEGACY_UNIFIED_MECHANICS,research/dgf/chain_yamls/chain_T2.yaml,LEGACY_UNIFIED_MECHANICS/research/dgf/chain_yamls/chain_T2.yaml,.yaml,3741,2026-07-12T12:16:55.976408+00:00,85a0737293d0083019095b786ea32436955bb60892e39b6f5157aed42278cfd2,True,1,LEGACY_UNIFIED_MECHANICS/research/dgf/chain_yamls/chain_T2.yaml,C:\Users\joesh\Documents\Codex\2026-07-12\f\work\unified-mechanics-repo\research\dgf\chain_yamls\chain_T2.yaml
LEGACY_UNIFIED_MECHANICS,research/dgf/PROGRAMME_PAPER.md,LEGACY_UNIFIED_MECHANICS/research/dgf/PROGRAMME_PAPER.md,.md,13889,2026-07-12T12:16:55.972715+00:00,07cf6454d957b42c7bcd8b5060427ed46dc0a9daf617449c6c7f229bc48cf17c,True,1,LEGACY_UNIFIED_MECHANICS/research/dgf/PROGRAMME_PAPER.md,C:\Users\joesh\Documents\Codex\2026-07-12\f\work\unified-mechanics-repo\research\dgf\PROGRAMME_PAPER.md
LEGACY_UNIFIED_MECHANICS,research/figures/01_cmb_sky_um.png,LEGACY_UNIFIED_MECHANICS/research/figures/01_cmb_sky_um.png,.png,974632,2026-07-12T12:16:55.980440+00:00,1a5b6b7da7da77af22e60771bdbef6822e44fe664b8fddc62464a0676a296e6e,True,1,LEGACY_UNIFIED_MECHANICS/research/figures/01_cmb_sky_um.png,C:\Users\joesh\Documents\Codex\2026-07-12\f\work\unified-mechanics-repo\research\figures\01_cmb_sky_um.png
LEGACY_UNIFIED_MECHANICS,research/figures/02_um_pies.png,LEGACY_UNIFIED_MECHANICS/research/figures/02_um_pies.png,.png,78409,2026-07-12T12:16:55.981463+00:00,3b3fcadbf19597a7fc329dc844041c9e5e032a9d87e8c7bf1df4ea9bd7e3b289,True,1,LEGACY_UNIFIED_MECHANICS/research/figures/02_um_pies.png,C:\Users\joesh\Documents\Codex\2026-07-12\f\work\unified-mechanics-repo\research\figures\02_um_pies.png
LEGACY_UNIFIED_MECHANICS,research/figures/03_cmb_dell.png,LEGACY_UNIFIED_MECHANICS/research/figures/03_cmb_dell.png,.png,89069,2026-07-12T12:16:55.982464+00:00,3d797e7424290aa85ee9f5457070061678e8933c13540a8b9ba6886201f939c3,True,1,LEGACY_UNIFIED_MECHANICS/research/figures/03_cmb_dell.png,C:\Users\joesh\Documents\Codex\2026-07-12\f\work\unified-mechanics-repo\research\figures\03_cmb_dell.png
LEGACY_UNIFIED_MECHANICS,research/figures/04_matter_power.png,LEGACY_UNIFIED_MECHANICS/research/figures/04_matter_power.png,.png,80099,2026-07-12T12:16:55.982964+00:00,d53df764dff91f2de2db974c134a3e1bbbc025f89ad5eaad2b719986e71a54f3,True,1,LEGACY_UNIFIED_MECHANICS/research/figures/04_matter_power.png,C:\Users\joesh\Documents\Codex\2026-07-12\f\work\unified-mechanics-repo\research\figures\04_matter_power.png
LEGACY_UNIFIED_MECHANICS,research/figures/05_hubble_braiding.png,LEGACY_UNIFIED_MECHANICS/research/figures/05_hubble_braiding.png,.png,46683,2026-07-12T12:16:55.984185+00:00,716b643d1c645a40a0ced32cffd043b8ddb4fcddab26257a3e35acb47917fa89,True,1,LEGACY_UNIFIED_MECHANICS/research/figures/05_hubble_braiding.png,C:\Users\joesh\Documents\Codex\2026-07-12\f\work\unified-mechanics-repo\research\figures\05_hubble_braiding.png
LEGACY_UNIFIED_MECHANICS,research/figures/06_cmb_realizations.png,LEGACY_UNIFIED_MECHANICS/research/figures/06_cmb_realizations.png,.png,1885905,2026-07-12T12:16:55.990211+00:00,129f2efe0a46a74aa4279bb9800447b72a52d28dae2eb85f5d216f80fe813dde,True,1,LEGACY_UNIFIED_MECHANICS/research/figures/06_cmb_realizations.png,C:\Users\joesh\Documents\Codex\2026-07-12\f\work\unified-mechanics-repo\research\figures\06_cmb_realizations.png
LEGACY_UNIFIED_MECHANICS,research/figures/07b_cmb_sky_4k_seed_e.png,LEGACY_UNIFIED_MECHANICS/research/figures/07b_cmb_sky_4k_seed_e.png,.png,13366984,2026-07-12T12:16:56.033853+00:00,74ef69cd3d632d3b135919e7c903dda527bcd34ec0d25e101f35a02ec65b6f86,True,1,LEGACY_UNIFIED_MECHANICS/research/figures/07b_cmb_sky_4k_seed_e.png,C:\Users\joesh\Documents\Codex\2026-07-12\f\work\unified-mechanics-repo\research\figures\07b_cmb_sky_4k_seed_e.png
LEGACY_UNIFIED_MECHANICS,research/figures/08a_cmb_sphere_1.png,LEGACY_UNIFIED_MECHANICS/research/figures/08a_cmb_sphere_1.png,.png,1239358,2026-07-12T12:16:56.039365+00:00,4ee1760aab4ae01ef2223172de1c163e777d4b2fab187e2344d99cf68f358c9a,True,1,LEGACY_UNIFIED_MECHANICS/research/figures/08a_cmb_sphere_1.png,C:\Users\joesh\Documents\Codex\2026-07-12\f\work\unified-mechanics-repo\research\figures\08a_cmb_sphere_1.png
LEGACY_UNIFIED_MECHANICS,research/figures/08b_cmb_sphere_2.png,LEGACY_UNIFIED_MECHANICS/research/figures/08b_cmb_sphere_2.png,.png,1033473,2026-07-12T12:16:56.042890+00:00,1705f7d586cc9aa0304ff24589c6aba691b52032eb2c35b069de3ebff30d6e8f,True,1,LEGACY_UNIFIED_MECHANICS/research/figures/08b_cmb_sphere_2.png,C:\Users\joesh\Documents\Codex\2026-07-12\f\work\unified-mechanics-repo\research\figures\08b_cmb_sphere_2.png
LEGACY_UNIFIED_MECHANICS,research/figures/08c_cmb_sphere_3.png,LEGACY_UNIFIED_MECHANICS/research/figures/08c_cmb_sphere_3.png,.png,1305983,2026-07-12T12:16:56.046390+00:00,c9636f3536410cb210abdea5720708deaa88261e5b831c799dacc4f07032c6a1,True,1,LEGACY_UNIFIED_MECHANICS/research/figures/08c_cmb_sphere_3.png,C:\Users\joesh\Documents\Codex\2026-07-12\f\work\unified-mechanics-repo\research\figures\08c_cmb_sphere_3.png
LEGACY_UNIFIED_MECHANICS,research/figures/08d_cmb_sphere_4.png,LEGACY_UNIFIED_MECHANICS/research/figures/08d_cmb_sphere_4.png,.png,971039,2026-07-12T12:16:56.049268+00:00,0f9ef0b723a0da93c00f7b9a7611d4422efcb7b74d37e10e122accf0c4b80ee4,True,1,LEGACY_UNIFIED_MECHANICS/research/figures/08d_cmb_sphere_4.png,C:\Users\joesh\Documents\Codex\2026-07-12\f\work\unified-mechanics-repo\research\figures\08d_cmb_sphere_4.png
LEGACY_UNIFIED_MECHANICS,research/figures/08e_cmb_sphere_5.png,LEGACY_UNIFIED_MECHANICS/research/figures/08e_cmb_sphere_5.png,.png,985426,2026-07-12T12:16:56.053926+00:00,be7eabcb6ef902c5f9559925ae2d123b0ac40cf6389e565571c974f9cbef1f35,True,1,LEGACY_UNIFIED_MECHANICS/research/figures/08e_cmb_sphere_5.png,C:\Users\joesh\Documents\Codex\2026-07-12\f\work\unified-mechanics-repo\research\figures\08e_cmb_sphere_5.png
LEGACY_UNIFIED_MECHANICS,research/gauge_unification.py,LEGACY_UNIFIED_MECHANICS/research/gauge_unification.py,.py,8838,2026-07-12T12:16:56.053926+00:00,223459c081a0ecb6dd591c5f695b0175468bda8146e6abcfd6931b06f3b60972,True,1,LEGACY_UNIFIED_MECHANICS/research/gauge_unification.py,C:\Users\joesh\Documents\Codex\2026-07-12\f\work\unified-mechanics-repo\research\gauge_unification.py
LEGACY_UNIFIED_MECHANICS,research/matter_antimatter.py,LEGACY_UNIFIED_MECHANICS/research/matter_antimatter.py,.py,6771,2026-07-12T12:16:56.054928+00:00,610add7eb30b2cd61482cbe174ca6a037997f6f7a16f703911f5e2b7787c9777,True,1,LEGACY_UNIFIED_MECHANICS/research/matter_antimatter.py,C:\Users\joesh\Documents\Codex\2026-07-12\f\work\unified-mechanics-repo\research\matter_antimatter.py
LEGACY_UNIFIED_MECHANICS,research/muon_g2.py,LEGACY_UNIFIED_MECHANICS/research/muon_g2.py,.py,7485,2026-07-12T12:16:56.055586+00:00,09f6ffaf1d6ba665b8a11dfae1dcea3cedd2dffc8b84a378de8f15de7595194f,True,1,LEGACY_UNIFIED_MECHANICS/research/muon_g2.py,C:\Users\joesh\Documents\Codex\2026-07-12\f\work\unified-mechanics-repo\research\muon_g2.py
LEGACY_UNIFIED_MECHANICS,research/neutrino_masses.py,LEGACY_UNIFIED_MECHANICS/research/neutrino_masses.py,.py,6824,2026-07-12T12:16:56.056086+00:00,f4952831363817b9b54e4a32d33f5c567c28130f522bd1eeacc1280e631b69ac,True,1,LEGACY_UNIFIED_MECHANICS/research/neutrino_masses.py,C:\Users\joesh\Documents\Codex\2026-07-12\f\work\unified-mechanics-repo\research\neutrino_masses.py
LEGACY_UNIFIED_MECHANICS,research/particle_constants.py,LEGACY_UNIFIED_MECHANICS/research/particle_constants.py,.py,13140,2026-07-12T12:16:56.056587+00:00,18dda42341bcaa9f282cdf34bcc9b7d010ceb598654b6aaa126e454a9fc8966c,True,1,LEGACY_UNIFIED_MECHANICS/research/particle_constants.py,C:\Users\joesh\Documents\Codex\2026-07-12\f\work\unified-mechanics-repo\research\particle_constants.py
LEGACY_UNIFIED_MECHANICS,research/planet_hunt/00_earth_reference/cmb_fullsky.png,LEGACY_UNIFIED_MECHANICS/research/planet_hunt/00_earth_reference/cmb_fullsky.png,.png,1109149,2026-07-12T12:16:56.061702+00:00,5a97d05e353a07b78330f42a6fff8f9be1530f2ffdfe34314d73a748ec69d786,True,1,LEGACY_UNIFIED_MECHANICS/research/planet_hunt/00_earth_reference/cmb_fullsky.png,C:\Users\joesh\Documents\Codex\2026-07-12\f\work\unified-mechanics-repo\research\planet_hunt\00_earth_reference\cmb_fullsky.png
LEGACY_UNIFIED_MECHANICS,research/planet_hunt/00_earth_reference/earth_cmb_patch.png,LEGACY_UNIFIED_MECHANICS/research/planet_hunt/00_earth_reference/earth_cmb_patch.png,.png,746447,2026-07-12T12:16:56.063865+00:00,bc96ff983040a1b2b86bd0f70984f4d94a043bfcdd1b14b1c1bd2d4ff0d535c7,True,1,LEGACY_UNIFIED_MECHANICS/research/planet_hunt/00_earth_reference/earth_cmb_patch.png,C:\Users\joesh\Documents\Codex\2026-07-12\f\work\unified-mechanics-repo\research\planet_hunt\00_earth_reference\earth_cmb_patch.png
LEGACY_UNIFIED_MECHANICS,research/planet_hunt/00_earth_reference/earth_reference_card.png,LEGACY_UNIFIED_MECHANICS/research/planet_hunt/00_earth_reference/earth_reference_card.png,.png,455245,2026-07-12T12:16:56.066451+00:00,f02a332a3a32887fd26e289f49a81bc16f45bc8396d359d4d78bdb11d6e182ce,True,1,LEGACY_UNIFIED_MECHANICS/research/planet_hunt/00_earth_reference/earth_reference_card.png,C:\Users\joesh\Documents\Codex\2026-07-12\f\work\unified-mechanics-repo\research\planet_hunt\00_earth_reference\earth_reference_card.png
LEGACY_UNIFIED_MECHANICS,research/planet_hunt/01_cmb_pipeline/cmb_targets_dec.npy,LEGACY_UNIFIED_MECHANICS/research/planet_hunt/01_cmb_pipeline/cmb_targets_dec.npy,.npy,528,2026-07-12T12:16:56.068606+00:00,651bcb475d4cddcf24bb067a59320c483341324a6e73e4a608d2fc580f01c816,True,1,LEGACY_UNIFIED_MECHANICS/research/planet_hunt/01_cmb_pipeline/cmb_targets_dec.npy,C:\Users\joesh\Documents\Codex\2026-07-12\f\work\unified-mechanics-repo\research\planet_hunt\01_cmb_pipeline\cmb_targets_dec.npy
LEGACY_UNIFIED_MECHANICS,research/planet_hunt/01_cmb_pipeline/cmb_targets_dT.npy,LEGACY_UNIFIED_MECHANICS/research/planet_hunt/01_cmb_pipeline/cmb_targets_dT.npy,.npy,528,2026-07-12T12:16:56.067971+00:00,21e8e91f1cc5b94c8c7b5c22af506d0636b3447d6f7a7ae7031a379512d33609,True,1,LEGACY_UNIFIED_MECHANICS/research/planet_hunt/01_cmb_pipeline/cmb_targets_dT.npy,C:\Users\joesh\Documents\Codex\2026-07-12\f\work\unified-mechanics-repo\research\planet_hunt\01_cmb_pipeline\cmb_targets_dT.npy
LEGACY_UNIFIED_MECHANICS,research/planet_hunt/01_cmb_pipeline/cmb_targets_ra.npy,LEGACY_UNIFIED_MECHANICS/research/planet_hunt/01_cmb_pipeline/cmb_targets_ra.npy,.npy,528,2026-07-12T12:16:56.069602+00:00,689eef737021913e99bb075454ca32372be5ce49149dc0ee09d644a2e537dcfe,True,1,LEGACY_UNIFIED_MECHANICS/research/planet_hunt/01_cmb_pipeline/cmb_targets_ra.npy,C:\Users\joesh\Documents\Codex\2026-07-12\f\work\unified-mechanics-repo\research\planet_hunt\01_cmb_pipeline\cmb_targets_ra.npy
LEGACY_UNIFIED_MECHANICS,research/planet_hunt/01_cmb_pipeline/top5_cmb_planets.png,LEGACY_UNIFIED_MECHANICS/research/planet_hunt/01_cmb_pipeline/top5_cmb_planets.png,.png,5893509,2026-07-12T12:16:56.089264+00:00,673a876ed9adbbb94f14ff6696e5e623bbf6f4d4e33a0b47300720dfbb15699c,True,1,LEGACY_UNIFIED_MECHANICS/research/planet_hunt/01_cmb_pipeline/top5_cmb_planets.png,C:\Users\joesh\Documents\Codex\2026-07-12\f\work\unified-mechanics-repo\research\planet_hunt\01_cmb_pipeline\top5_cmb_planets.png
LEGACY_UNIFIED_MECHANICS,research/planet_hunt/02_gaia_targets/cmb_gstar_targets.json,LEGACY_UNIFIED_MECHANICS/research/planet_hunt/02_gaia_targets/cmb_gstar_targets.json,.json,336755,2026-07-12T12:16:56.092058+00:00,974e2e8b46e2b27cd48642511db872cd3b3d49c7726cf9b9bd1707a3c69512fe,True,1,LEGACY_UNIFIED_MECHANICS/research/planet_hunt/02_gaia_targets/cmb_gstar_targets.json,C:\Users\joesh\Documents\Codex\2026-07-12\f\work\unified-mechanics-repo\research\planet_hunt\02_gaia_targets\cmb_gstar_targets.json
LEGACY_UNIFIED_MECHANICS,research/planet_hunt/02_gaia_targets/cmb_hunt_targets.png,LEGACY_UNIFIED_MECHANICS/research/planet_hunt/02_gaia_targets/cmb_hunt_targets.png,.png,206988,2026-07-12T12:16:56.093559+00:00,9459be2ce07b3a9aa17233b097b58b6c35bd71590496fbf3286043bde967577e,True,1,LEGACY_UNIFIED_MECHANICS/research/planet_hunt/02_gaia_targets/cmb_hunt_targets.png,C:\Users\joesh\Documents\Codex\2026-07-12\f\work\unified-mechanics-repo\research\planet_hunt\02_gaia_targets\cmb_hunt_targets.png
LEGACY_UNIFIED_MECHANICS,research/planet_hunt/02_gaia_targets/cmb_ranked_targets.json,LEGACY_UNIFIED_MECHANICS/research/planet_hunt/02_gaia_targets/cmb_ranked_targets.json,.json,42688,2026-07-12T12:16:56.094559+00:00,bad8f85ce60c8535570a8e53f16f86ebbc57a0172e063d92e78983056d6cd395,True,1,LEGACY_UNIFIED_MECHANICS/research/planet_hunt/02_gaia_targets/cmb_ranked_targets.json,C:\Users\joesh\Documents\Codex\2026-07-12\f\work\unified-mechanics-repo\research\planet_hunt\02_gaia_targets\cmb_ranked_targets.json
LEGACY_UNIFIED_MECHANICS,research/planet_hunt/02_gaia_targets/full_catalogue_map.png,LEGACY_UNIFIED_MECHANICS/research/planet_hunt/02_gaia_targets/full_catalogue_map.png,.png,4089352,2026-07-12T12:16:56.108878+00:00,37e40a9f0e2499a52e0ff0203c3619db1f864f1c74ba9ace206fcbb57d563203,True,1,LEGACY_UNIFIED_MECHANICS/research/planet_hunt/02_gaia_targets/full_catalogue_map.png,C:\Users\joesh\Documents\Codex\2026-07-12\f\work\unified-mechanics-repo\research\planet_hunt\02_gaia_targets\full_catalogue_map.png
LEGACY_UNIFIED_MECHANICS,research/planet_hunt/03_target_cards/gaia_target_simulation.png,LEGACY_UNIFIED_MECHANICS/research/planet_hunt/03_target_cards/gaia_target_simulation.png,.png,420944,2026-07-12T12:16:56.111948+00:00,66cf81126ef3aa9d1c5d05c59aa09a78f91261cfbd8b1952aaa2296cdd73fd1d,True,1,LEGACY_UNIFIED_MECHANICS/research/planet_hunt/03_target_cards/gaia_target_simulation.png,C:\Users\joesh\Documents\Codex\2026-07-12\f\work\unified-mechanics-repo\research\planet_hunt\03_target_cards\gaia_target_simulation.png
LEGACY_UNIFIED_MECHANICS,research/planet_hunt/04_skypy_lss/cl_cmb_vs_matter.png,LEGACY_UNIFIED_MECHANICS/research/planet_hunt/04_skypy_lss/cl_cmb_vs_matter.png,.png,108744,2026-07-12T12:16:56.113948+00:00,0b759d74c67e7530c62bdfd78c3ff500b8c0051ea5c4bd785a90bbf3074732d4,True,1,LEGACY_UNIFIED_MECHANICS/research/planet_hunt/04_skypy_lss/cl_cmb_vs_matter.png,C:\Users\joesh\Documents\Codex\2026-07-12\f\work\unified-mechanics-repo\research\planet_hunt\04_skypy_lss\cl_cmb_vs_matter.png
LEGACY_UNIFIED_MECHANICS,research/planet_hunt/04_skypy_lss/matter_power_spectrum.png,LEGACY_UNIFIED_MECHANICS/research/planet_hunt/04_skypy_lss/matter_power_spectrum.png,.png,107655,2026-07-12T12:16:56.114948+00:00,7b29b582be0753017dac88e75e6b68bc646326492bad0d4d09914be4326a7835,True,1,LEGACY_UNIFIED_MECHANICS/research/planet_hunt/04_skypy_lss/matter_power_spectrum.png,C:\Users\joesh\Documents\Codex\2026-07-12\f\work\unified-mechanics-repo\research\planet_hunt\04_skypy_lss\matter_power_spectrum.png
LEGACY_UNIFIED_MECHANICS,research/planet_hunt/04_skypy_lss/matter_power_spectrum_highl.png,LEGACY_UNIFIED_MECHANICS/research/planet_hunt/04_skypy_lss/matter_power_spectrum_highl.png,.png,118917,2026-07-12T12:16:56.115948+00:00,452ae76f5f537493a4017579b3efd2bb3d62848611f2fd5b003f1c1ec2f1fb98,True,1,LEGACY_UNIFIED_MECHANICS/research/planet_hunt/04_skypy_lss/matter_power_spectrum_highl.png,C:\Users\joesh\Documents\Codex\2026-07-12\f\work\unified-mechanics-repo\research\planet_hunt\04_skypy_lss\matter_power_spectrum_highl.png
LEGACY_UNIFIED_MECHANICS,research/planet_hunt/04_skypy_lss/skypy_highl_patches.png,LEGACY_UNIFIED_MECHANICS/research/planet_hunt/04_skypy_lss/skypy_highl_patches.png,.png,1853083,2026-07-12T12:16:56.123463+00:00,5d8cd5ccd5020d7c37a1a36b1b4b9ba95f480bf9ee4593245cca1d0bb545a584,True,1,LEGACY_UNIFIED_MECHANICS/research/planet_hunt/04_skypy_lss/skypy_highl_patches.png,C:\Users\joesh\Documents\Codex\2026-07-12\f\work\unified-mechanics-repo\research\planet_hunt\04_skypy_lss\skypy_highl_patches.png
LEGACY_UNIFIED_MECHANICS,research/planet_hunt/04_skypy_lss/skypy_highl_pipeline.py,LEGACY_UNIFIED_MECHANICS/research/planet_hunt/04_skypy_lss/skypy_highl_pipeline.py,.py,9928,2026-07-12T12:16:56.123963+00:00,9515ce9392831bf73215774390a9c43a784bcd413a050b1710fe27fc71230e94,True,1,LEGACY_UNIFIED_MECHANICS/research/planet_hunt/04_skypy_lss/skypy_highl_pipeline.py,C:\Users\joesh\Documents\Codex\2026-07-12\f\work\unified-mechanics-repo\research\planet_hunt\04_skypy_lss\skypy_highl_pipeline.py
LEGACY_UNIFIED_MECHANICS,research/planet_hunt/04_skypy_lss/skypy_lss_pipeline.py,LEGACY_UNIFIED_MECHANICS/research/planet_hunt/04_skypy_lss/skypy_lss_pipeline.py,.py,6719,2026-07-12T12:16:56.124464+00:00,6f13e3160a514bbae68e8afb7b33b8484c6c6291d3cbbce63a7f864800920fee,True,1,LEGACY_UNIFIED_MECHANICS/research/planet_hunt/04_skypy_lss/skypy_lss_pipeline.py,C:\Users\joesh\Documents\Codex\2026-07-12\f\work\unified-mechanics-repo\research\planet_hunt\04_skypy_lss\skypy_lss_pipeline.py
LEGACY_UNIFIED_MECHANICS,research/planet_hunt/04_skypy_lss/skypy_patch_lss.png,LEGACY_UNIFIED_MECHANICS/research/planet_hunt/04_skypy_lss/skypy_patch_lss.png,.png,1058856,2026-07-12T12:16:56.131018+00:00,b45480e9722d0b79734f5b4ff6e3994f4a8c452e80cb3f7bb4a4654808390e95,True,1,LEGACY_UNIFIED_MECHANICS/research/planet_hunt/04_skypy_lss/skypy_patch_lss.png,C:\Users\joesh\Documents\Codex\2026-07-12\f\work\unified-mechanics-repo\research\planet_hunt\04_skypy_lss\skypy_patch_lss.png
LEGACY_UNIFIED_MECHANICS,research/planet_hunt/05_catalogue/exoplanets.json,LEGACY_UNIFIED_MECHANICS/research/planet_hunt/05_catalogue/exoplanets.json,.json,1269936,2026-07-12T12:16:56.136273+00:00,3983e9b28af3cc1705c30d3f7e0ec5b51e986c56e37dd4a7f4628d9bb6bcca5e,True,1,LEGACY_UNIFIED_MECHANICS/research/planet_hunt/05_catalogue/exoplanets.json,C:\Users\joesh\Documents\Codex\2026-07-12\f\work\unified-mechanics-repo\research\planet_hunt\05_catalogue\exoplanets.json
LEGACY_UNIFIED_MECHANICS,research/planet_hunt/05_catalogue/MASTER_CATALOGUE.md,LEGACY_UNIFIED_MECHANICS/research/planet_hunt/05_catalogue/MASTER_CATALOGUE.md,.md,5977,2026-07-12T12:16:56.131518+00:00,f9bcdae13415ef1ad289491387c7491e84f90e2d1ab214b16bcb7273f797654c,True,1,LEGACY_UNIFIED_MECHANICS/research/planet_hunt/05_catalogue/MASTER_CATALOGUE.md,C:\Users\joesh\Documents\Codex\2026-07-12\f\work\unified-mechanics-repo\research\planet_hunt\05_catalogue\MASTER_CATALOGUE.md
LEGACY_UNIFIED_MECHANICS,research/planet_hunt/06_planck/chain_bestfit.npy,LEGACY_UNIFIED_MECHANICS/research/planet_hunt/06_planck/chain_bestfit.npy,.npy,216,2026-07-12T12:16:56.136773+00:00,c7e32d77a9dfb8349b78c81ce9523f312a18f26ed0dde7271c6137ffa8fd818a,True,1,LEGACY_UNIFIED_MECHANICS/research/planet_hunt/06_planck/chain_bestfit.npy,C:\Users\joesh\Documents\Codex\2026-07-12\f\work\unified-mechanics-repo\research\planet_hunt\06_planck\chain_bestfit.npy
LEGACY_UNIFIED_MECHANICS,research/planet_hunt/06_planck/find_planck_seed.py,LEGACY_UNIFIED_MECHANICS/research/planet_hunt/06_planck/find_planck_seed.py,.py,6817,2026-07-12T12:16:56.137776+00:00,a5858afbaa0cdadd98a24dbc98f9ffa67c042824f378a6ffd659b26b51fe9880,True,1,LEGACY_UNIFIED_MECHANICS/research/planet_hunt/06_planck/find_planck_seed.py,C:\Users\joesh\Documents\Codex\2026-07-12\f\work\unified-mechanics-repo\research\planet_hunt\06_planck\find_planck_seed.py
LEGACY_UNIFIED_MECHANICS,research/planet_hunt/06_planck/planck_earth_patch_real.png,LEGACY_UNIFIED_MECHANICS/research/planet_hunt/06_planck/planck_earth_patch_real.png,.png,1893842,2026-07-12T12:16:56.144498+00:00,e729b61f0a69c67918d669a71c079bfe50ed0818eb06c9d5d9d5509eea447699,True,1,LEGACY_UNIFIED_MECHANICS/research/planet_hunt/06_planck/planck_earth_patch_real.png,C:\Users\joesh\Documents\Codex\2026-07-12\f\work\unified-mechanics-repo\research\planet_hunt\06_planck\planck_earth_patch_real.png
LEGACY_UNIFIED_MECHANICS,research/planet_hunt/06_planck/planck_real_targeting.py,LEGACY_UNIFIED_MECHANICS/research/planet_hunt/06_planck/planck_real_targeting.py,.py,10296,2026-07-12T12:16:56.144998+00:00,25442c161291d754f3903a4fc50aa3883d482794881474251a766fcb44cbe294,True,1,LEGACY_UNIFIED_MECHANICS/research/planet_hunt/06_planck/planck_real_targeting.py,C:\Users\joesh\Documents\Codex\2026-07-12\f\work\unified-mechanics-repo\research\planet_hunt\06_planck\planck_real_targeting.py
LEGACY_UNIFIED_MECHANICS,research/planet_hunt/06_planck/planck_real_targets_dec.npy,LEGACY_UNIFIED_MECHANICS/research/planet_hunt/06_planck/planck_real_targets_dec.npy,.npy,128,2026-07-12T12:16:56.145498+00:00,fdee2f2368bf2af9c942f32cce9d982e48dfc46889bf923e99bc9ac834a4ba46,False,3,LEGACY_UNIFIED_MECHANICS/research/planet_hunt/06_planck/planck_real_targets_dT.npy,C:\Users\joesh\Documents\Codex\2026-07-12\f\work\unified-mechanics-repo\research\planet_hunt\06_planck\planck_real_targets_dec.npy
LEGACY_UNIFIED_MECHANICS,research/planet_hunt/06_planck/planck_real_targets_dT.npy,LEGACY_UNIFIED_MECHANICS/research/planet_hunt/06_planck/planck_real_targets_dT.npy,.npy,128,2026-07-12T12:16:56.145498+00:00,fdee2f2368bf2af9c942f32cce9d982e48dfc46889bf923e99bc9ac834a4ba46,True,3,LEGACY_UNIFIED_MECHANICS/research/planet_hunt/06_planck/planck_real_targets_dT.npy,C:\Users\joesh\Documents\Codex\2026-07-12\f\work\unified-mechanics-repo\research\planet_hunt\06_planck\planck_real_targets_dT.npy
LEGACY_UNIFIED_MECHANICS,research/planet_hunt/06_planck/planck_real_targets_ra.npy,LEGACY_UNIFIED_MECHANICS/research/planet_hunt/06_planck/planck_real_targets_ra.npy,.npy,128,2026-07-12T12:16:56.145998+00:00,fdee2f2368bf2af9c942f32cce9d982e48dfc46889bf923e99bc9ac834a4ba46,False,3,LEGACY_UNIFIED_MECHANICS/research/planet_hunt/06_planck/planck_real_targets_dT.npy,C:\Users\joesh\Documents\Codex\2026-07-12\f\work\unified-mechanics-repo\research\planet_hunt\06_planck\planck_real_targets_ra.npy
LEGACY_UNIFIED_MECHANICS,research/planet_hunt/06_planck/planck_real_vs_um_targets.png,LEGACY_UNIFIED_MECHANICS/research/planet_hunt/06_planck/planck_real_vs_um_targets.png,.png,1168646,2026-07-12T12:16:56.153473+00:00,b0780d57e642567acbba4ffcc30cf042ca78743a4f5294e6adf7b1060bcf3345,True,1,LEGACY_UNIFIED_MECHANICS/research/planet_hunt/06_planck/planck_real_vs_um_targets.png,C:\Users\joesh\Documents\Codex\2026-07-12\f\work\unified-mechanics-repo\research\planet_hunt\06_planck\planck_real_vs_um_targets.png
LEGACY_UNIFIED_MECHANICS,research/planet_hunt/06_planck/planck_render.py,LEGACY_UNIFIED_MECHANICS/research/planet_hunt/06_planck/planck_render.py,.py,8015,2026-07-12T12:16:56.154042+00:00,d5ee819452d023862081172aa721845195d86d23e696d9714addb235fe89dffe,True,1,LEGACY_UNIFIED_MECHANICS/research/planet_hunt/06_planck/planck_render.py,C:\Users\joesh\Documents\Codex\2026-07-12\f\work\unified-mechanics-repo\research\planet_hunt\06_planck\planck_render.py
LEGACY_UNIFIED_MECHANICS,research/planet_hunt/07_planet_concept/ares.jpg,LEGACY_UNIFIED_MECHANICS/research/planet_hunt/07_planet_concept/ares.jpg,.jpg,206319,2026-07-12T12:16:56.156099+00:00,fae66832b64f40a42db67b87644ed05c12bb1c764f6875a437d8a5938e15b564,True,1,LEGACY_UNIFIED_MECHANICS/research/planet_hunt/07_planet_concept/ares.jpg,C:\Users\joesh\Documents\Codex\2026-07-12\f\work\unified-mechanics-repo\research\planet_hunt\07_planet_concept\ares.jpg
LEGACY_UNIFIED_MECHANICS,research/planet_hunt/07_planet_concept/gaya.png,LEGACY_UNIFIED_MECHANICS/research/planet_hunt/07_planet_concept/gaya.png,.png,2466247,2026-07-12T12:16:56.162780+00:00,43659480fefe9a3bcee4e4e9de806a60dde2312ec1e4efd25e3810271c20de24,True,1,LEGACY_UNIFIED_MECHANICS/research/planet_hunt/07_planet_concept/gaya.png,C:\Users\joesh\Documents\Codex\2026-07-12\f\work\unified-mechanics-repo\research\planet_hunt\07_planet_concept\gaya.png
LEGACY_UNIFIED_MECHANICS,research/planet_hunt/07_planet_concept/hz1_planet_concept.png,LEGACY_UNIFIED_MECHANICS/research/planet_hunt/07_planet_concept/hz1_planet_concept.png,.png,3323813,2026-07-12T12:16:56.180617+00:00,28f4268741c744684698650c8d90a9beed8729190a59a8b78ce5f92be347bb2e,True,1,LEGACY_UNIFIED_MECHANICS/research/planet_hunt/07_planet_concept/hz1_planet_concept.png,C:\Users\joesh\Documents\Codex\2026-07-12\f\work\unified-mechanics-repo\research\planet_hunt\07_planet_concept\hz1_planet_concept.png
LEGACY_UNIFIED_MECHANICS,research/planet_hunt/07_planet_concept/indra.jpg,LEGACY_UNIFIED_MECHANICS/research/planet_hunt/07_planet_concept/indra.jpg,.jpg,160194,2026-07-12T12:16:56.181617+00:00,f37a3e1ed44dca71b833b42ff7fd3a2c3acbd105f2183346879166e7a5c310aa,True,1,LEGACY_UNIFIED_MECHANICS/research/planet_hunt/07_planet_concept/indra.jpg,C:\Users\joesh\Documents\Codex\2026-07-12\f\work\unified-mechanics-repo\research\planet_hunt\07_planet_concept\indra.jpg
LEGACY_UNIFIED_MECHANICS,research/planet_hunt/07_planet_concept/ishtar.png,LEGACY_UNIFIED_MECHANICS/research/planet_hunt/07_planet_concept/ishtar.png,.png,6263066,2026-07-12T12:16:56.219012+00:00,1191842f942d2016a3a2e34547b34f05ba3125ca86d7750159b65c018adeec0e,True,1,LEGACY_UNIFIED_MECHANICS/research/planet_hunt/07_planet_concept/ishtar.png,C:\Users\joesh\Documents\Codex\2026-07-12\f\work\unified-mechanics-repo\research\planet_hunt\07_planet_concept\ishtar.png
LEGACY_UNIFIED_MECHANICS,research/planet_hunt/07_planet_concept/kronos.jpg,LEGACY_UNIFIED_MECHANICS/research/planet_hunt/07_planet_concept/kronos.jpg,.jpg,164711,2026-07-12T12:16:56.221015+00:00,2ec70db79a2cb18b998dbc2280b77e5cb5fb64bd4c5f8a27e3805a78564aa551,True,1,LEGACY_UNIFIED_MECHANICS/research/planet_hunt/07_planet_concept/kronos.jpg,C:\Users\joesh\Documents\Codex\2026-07-12\f\work\unified-mechanics-repo\research\planet_hunt\07_planet_concept\kronos.jpg
LEGACY_UNIFIED_MECHANICS,research/planet_hunt/07_planet_concept/nabu.png,LEGACY_UNIFIED_MECHANICS/research/planet_hunt/07_planet_concept/nabu.png,.png,2279275,2026-07-12T12:16:56.228539+00:00,f607f21443ea6678ac129c02269661a64c639c674a645e6cbc1c5d0f4e0fefe6,True,1,LEGACY_UNIFIED_MECHANICS/research/planet_hunt/07_planet_concept/nabu.png,C:\Users\joesh\Documents\Codex\2026-07-12\f\work\unified-mechanics-repo\research\planet_hunt\07_planet_concept\nabu.png
LEGACY_UNIFIED_MECHANICS,research/planet_hunt/07_planet_concept/ouroboros_a_star.jpg,LEGACY_UNIFIED_MECHANICS/research/planet_hunt/07_planet_concept/ouroboros_a_star.jpg,.jpg,295706,2026-07-12T12:16:56.229539+00:00,bd30e506d87cda048b7c86afd5bf9cdb7d6ed274ea735085338f29793bb48c14,True,1,LEGACY_UNIFIED_MECHANICS/research/planet_hunt/07_planet_concept/ouroboros_a_star.jpg,C:\Users\joesh\Documents\Codex\2026-07-12\f\work\unified-mechanics-repo\research\planet_hunt\07_planet_concept\ouroboros_a_star.jpg
LEGACY_UNIFIED_MECHANICS,research/planet_hunt/07_planet_concept/OUROBOROS_SYSTEM.md,LEGACY_UNIFIED_MECHANICS/research/planet_hunt/07_planet_concept/OUROBOROS_SYSTEM.md,.md,8608,2026-07-12T12:16:56.155046+00:00,d63836c8354abf374a5dc7a5608c1f8af5bf0f936e1e4ce314bc10b19f11792f,True,1,LEGACY_UNIFIED_MECHANICS/research/planet_hunt/07_planet_concept/OUROBOROS_SYSTEM.md,C:\Users\joesh\Documents\Codex\2026-07-12\f\work\unified-mechanics-repo\research\planet_hunt\07_planet_concept\OUROBOROS_SYSTEM.md
LEGACY_UNIFIED_MECHANICS,research/planet_hunt/07_planet_concept/ouroboros_system_map.png,LEGACY_UNIFIED_MECHANICS/research/planet_hunt/07_planet_concept/ouroboros_system_map.png,.png,191982,2026-07-12T12:16:56.231067+00:00,8b95b1d44e714a2ec221abbeb632268de0882d087aa40dc2bd6d18d843c7ccc3,True,1,LEGACY_UNIFIED_MECHANICS/research/planet_hunt/07_planet_concept/ouroboros_system_map.png,C:\Users\joesh\Documents\Codex\2026-07-12\f\work\unified-mechanics-repo\research\planet_hunt\07_planet_concept\ouroboros_system_map.png
LEGACY_UNIFIED_MECHANICS,research/planet_hunt/07_planet_concept/render_planet.py,LEGACY_UNIFIED_MECHANICS/research/planet_hunt/07_planet_concept/render_planet.py,.py,11964,2026-07-12T12:16:56.231568+00:00,06d57b205e608d7234e5e02f2fedfdf4cf29809e8ac3c5d37f0c525cb0d76bf0,True,1,LEGACY_UNIFIED_MECHANICS/research/planet_hunt/07_planet_concept/render_planet.py,C:\Users\joesh\Documents\Codex\2026-07-12\f\work\unified-mechanics-repo\research\planet_hunt\07_planet_concept\render_planet.py
LEGACY_UNIFIED_MECHANICS,research/planet_hunt/07_planet_concept/render_system_map.py,LEGACY_UNIFIED_MECHANICS/research/planet_hunt/07_planet_concept/render_system_map.py,.py,7424,2026-07-12T12:16:56.232069+00:00,de3d312f99a27920a52844c052368c7b5bb7954be6cb673fa3be379543e17747,True,1,LEGACY_UNIFIED_MECHANICS/research/planet_hunt/07_planet_concept/render_system_map.py,C:\Users\joesh\Documents\Codex\2026-07-12\f\work\unified-mechanics-repo\research\planet_hunt\07_planet_concept\render_system_map.py
LEGACY_UNIFIED_MECHANICS,research/planet_hunt/07_planet_concept/skadi.jpg,LEGACY_UNIFIED_MECHANICS/research/planet_hunt/07_planet_concept/skadi.jpg,.jpg,167399,2026-07-12T12:16:56.233176+00:00,e5513bb274a6c01b77e77e62c4d161bd2e67a780fc2706df2b9f78665016f3b8,True,1,LEGACY_UNIFIED_MECHANICS/research/planet_hunt/07_planet_concept/skadi.jpg,C:\Users\joesh\Documents\Codex\2026-07-12\f\work\unified-mechanics-repo\research\planet_hunt\07_planet_concept\skadi.jpg
LEGACY_UNIFIED_MECHANICS,research/planet_hunt/07_planet_concept/system_overview.png,LEGACY_UNIFIED_MECHANICS/research/planet_hunt/07_planet_concept/system_overview.png,.png,1797924,2026-07-12T12:16:56.243692+00:00,16fee8527076e687c58892f99b68074e43bb7e2b7fb605b83915441c4b469157,True,1,LEGACY_UNIFIED_MECHANICS/research/planet_hunt/07_planet_concept/system_overview.png,C:\Users\joesh\Documents\Codex\2026-07-12\f\work\unified-mechanics-repo\research\planet_hunt\07_planet_concept\system_overview.png
LEGACY_UNIFIED_MECHANICS,research/planet_hunt/07_planet_concept/vritra.jpg,LEGACY_UNIFIED_MECHANICS/research/planet_hunt/07_planet_concept/vritra.jpg,.jpg,156221,2026-07-12T12:16:56.244692+00:00,32b524ef8b811f55af326d0005e46ac5e239844952f6352348a9901a78b11990,True,1,LEGACY_UNIFIED_MECHANICS/research/planet_hunt/07_planet_concept/vritra.jpg,C:\Users\joesh\Documents\Codex\2026-07-12\f\work\unified-mechanics-repo\research\planet_hunt\07_planet_concept\vritra.jpg
LEGACY_UNIFIED_MECHANICS,research/planet_hunt/08_evidence/EMPIRICAL_EVIDENCE.md,LEGACY_UNIFIED_MECHANICS/research/planet_hunt/08_evidence/EMPIRICAL_EVIDENCE.md,.md,11394,2026-07-12T12:16:56.245692+00:00,5f4236fc07bea36f776daaf9272de0d2553705b6043a5ca3a96c849a7f459efe,True,1,LEGACY_UNIFIED_MECHANICS/research/planet_hunt/08_evidence/EMPIRICAL_EVIDENCE.md,C:\Users\joesh\Documents\Codex\2026-07-12\f\work\unified-mechanics-repo\research\planet_hunt\08_evidence\EMPIRICAL_EVIDENCE.md
LEGACY_UNIFIED_MECHANICS,research/planet_hunt/08_evidence/evidence_summary.json,LEGACY_UNIFIED_MECHANICS/research/planet_hunt/08_evidence/evidence_summary.json,.json,93,2026-07-12T12:16:56.246192+00:00,33f985b26c8771ca28f91c695b04cbcc7705e43429c5d39722302cf3aa4e9d39,True,1,LEGACY_UNIFIED_MECHANICS/research/planet_hunt/08_evidence/evidence_summary.json,C:\Users\joesh\Documents\Codex\2026-07-12\f\work\unified-mechanics-repo\research\planet_hunt\08_evidence\evidence_summary.json
LEGACY_UNIFIED_MECHANICS,research/planet_hunt/08_evidence/gather_evidence.py,LEGACY_UNIFIED_MECHANICS/research/planet_hunt/08_evidence/gather_evidence.py,.py,10450,2026-07-12T12:16:56.246692+00:00,39c9e9d48ce77cf97073439d989b984bc99142560229d3f0ef6a7d1d14bf9ad5,True,1,LEGACY_UNIFIED_MECHANICS/research/planet_hunt/08_evidence/gather_evidence.py,C:\Users\joesh\Documents\Codex\2026-07-12\f\work\unified-mechanics-repo\research\planet_hunt\08_evidence\gather_evidence.py
LEGACY_UNIFIED_MECHANICS,research/planet_hunt/08_evidence/gather_evidence2.py,LEGACY_UNIFIED_MECHANICS/research/planet_hunt/08_evidence/gather_evidence2.py,.py,11666,2026-07-12T12:16:56.246692+00:00,7e5324ee025d7a7adc58c39fb8f15b2a23f636271b2bc728256608c704317a00,True,1,LEGACY_UNIFIED_MECHANICS/research/planet_hunt/08_evidence/gather_evidence2.py,C:\Users\joesh\Documents\Codex\2026-07-12\f\work\unified-mechanics-repo\research\planet_hunt\08_evidence\gather_evidence2.py
LEGACY_UNIFIED_MECHANICS,research/planet_hunt/08_evidence/gather_evidence3.py,LEGACY_UNIFIED_MECHANICS/research/planet_hunt/08_evidence/gather_evidence3.py,.py,11452,2026-07-12T12:16:56.247696+00:00,a7c6d27f114ba3183428e01ca415cc36fd2eeeb1c117dffd24bce7d47edbf765,True,1,LEGACY_UNIFIED_MECHANICS/research/planet_hunt/08_evidence/gather_evidence3.py,C:\Users\joesh\Documents\Codex\2026-07-12\f\work\unified-mechanics-repo\research\planet_hunt\08_evidence\gather_evidence3.py
LEGACY_UNIFIED_MECHANICS,research/planet_hunt/08_evidence/tess_lc_time.npy,LEGACY_UNIFIED_MECHANICS/research/planet_hunt/08_evidence/tess_lc_time.npy,.npy,2546256,2026-07-12T12:16:56.259463+00:00,e77a97e0535473def35e2dbf46cdc5d2ff27be716d183c210569abe90036ec15,True,1,LEGACY_UNIFIED_MECHANICS/research/planet_hunt/08_evidence/tess_lc_time.npy,C:\Users\joesh\Documents\Codex\2026-07-12\f\work\unified-mechanics-repo\research\planet_hunt\08_evidence\tess_lc_time.npy
LEGACY_UNIFIED_MECHANICS,research/planet_hunt/08_evidence/tess_lightcurve.png,LEGACY_UNIFIED_MECHANICS/research/planet_hunt/08_evidence/tess_lightcurve.png,.png,287722,2026-07-12T12:16:56.262026+00:00,7a1742115f9c0e152bf75165e72693405b03a92e527ca89a14424dbb58f6899a,True,1,LEGACY_UNIFIED_MECHANICS/research/planet_hunt/08_evidence/tess_lightcurve.png,C:\Users\joesh\Documents\Codex\2026-07-12\f\work\unified-mechanics-repo\research\planet_hunt\08_evidence\tess_lightcurve.png
LEGACY_UNIFIED_MECHANICS,research/planet_hunt/08_evidence/tess_plot_bls.py,LEGACY_UNIFIED_MECHANICS/research/planet_hunt/08_evidence/tess_plot_bls.py,.py,5835,2026-07-12T12:16:56.262530+00:00,b9393c6e565625be23b41b7426ffb2f94e54f08aad0d438e2a8f565f75824919,True,1,LEGACY_UNIFIED_MECHANICS/research/planet_hunt/08_evidence/tess_plot_bls.py,C:\Users\joesh\Documents\Codex\2026-07-12\f\work\unified-mechanics-repo\research\planet_hunt\08_evidence\tess_plot_bls.py
LEGACY_UNIFIED_MECHANICS,research/planet_hunt/08_evidence/tess_rotation.png,LEGACY_UNIFIED_MECHANICS/research/planet_hunt/08_evidence/tess_rotation.png,.png,146883,2026-07-12T12:16:56.263565+00:00,68f2e4ddd080e28dafc0336c7e756ad46b679379c0e6663f9d85fdd2bd923b1b,True,1,LEGACY_UNIFIED_MECHANICS/research/planet_hunt/08_evidence/tess_rotation.png,C:\Users\joesh\Documents\Codex\2026-07-12\f\work\unified-mechanics-repo\research\planet_hunt\08_evidence\tess_rotation.png
LEGACY_UNIFIED_MECHANICS,research/planet_hunt/09_age_match/age_match.py,LEGACY_UNIFIED_MECHANICS/research/planet_hunt/09_age_match/age_match.py,.py,9940,2026-07-12T12:16:56.264896+00:00,dc3e30ac20cfb3f2e66d59029b3f878056f7d98ce957c169f83bca251b49d07d,True,1,LEGACY_UNIFIED_MECHANICS/research/planet_hunt/09_age_match/age_match.py,C:\Users\joesh\Documents\Codex\2026-07-12\f\work\unified-mechanics-repo\research\planet_hunt\09_age_match\age_match.py
LEGACY_UNIFIED_MECHANICS,research/planet_hunt/09_age_match/age_matched_catalogue.json,LEGACY_UNIFIED_MECHANICS/research/planet_hunt/09_age_match/age_matched_catalogue.json,.json,676823,2026-07-12T12:16:56.267506+00:00,3dd0c419a25469607110536f146cf2dd7ce1afa006466988299a3eabcbda2442,True,1,LEGACY_UNIFIED_MECHANICS/research/planet_hunt/09_age_match/age_matched_catalogue.json,C:\Users\joesh\Documents\Codex\2026-07-12\f\work\unified-mechanics-repo\research\planet_hunt\09_age_match\age_matched_catalogue.json
LEGACY_UNIFIED_MECHANICS,research/planet_hunt/09_age_match/age_tiers.png,LEGACY_UNIFIED_MECHANICS/research/planet_hunt/09_age_match/age_tiers.png,.png,125025,2026-07-12T12:16:56.269491+00:00,084ee875963632b224ff924b3586a79f255c654d2a5a03255489eba302697929,True,1,LEGACY_UNIFIED_MECHANICS/research/planet_hunt/09_age_match/age_tiers.png,C:\Users\joesh\Documents\Codex\2026-07-12\f\work\unified-mechanics-repo\research\planet_hunt\09_age_match\age_tiers.png
LEGACY_UNIFIED_MECHANICS,research/planet_hunt/09_age_match/OPS_CATALOGUE.md,LEGACY_UNIFIED_MECHANICS/research/planet_hunt/09_age_match/OPS_CATALOGUE.md,.md,5730,2026-07-12T12:16:56.264375+00:00,88fd041465e18c546adb27898b458d6b1c61a9bc93dfd484bd964a72b327fc3d,True,1,LEGACY_UNIFIED_MECHANICS/research/planet_hunt/09_age_match/OPS_CATALOGUE.md,C:\Users\joesh\Documents\Codex\2026-07-12\f\work\unified-mechanics-repo\research\planet_hunt\09_age_match\OPS_CATALOGUE.md
LEGACY_UNIFIED_MECHANICS,research/planet_hunt/09_age_match/ops_targets.json,LEGACY_UNIFIED_MECHANICS/research/planet_hunt/09_age_match/ops_targets.json,.json,10812,2026-07-12T12:16:56.269491+00:00,f037d8be2fa4764205da67ef9ae35ed74b92ea77cb77f600a6e2f82f6b88c90c,True,1,LEGACY_UNIFIED_MECHANICS/research/planet_hunt/09_age_match/ops_targets.json,C:\Users\joesh\Documents\Codex\2026-07-12\f\work\unified-mechanics-repo\research\planet_hunt\09_age_match\ops_targets.json
LEGACY_UNIFIED_MECHANICS,research/planet_hunt/10_earth_ages/bio_peer_rank.py,LEGACY_UNIFIED_MECHANICS/research/planet_hunt/10_earth_ages/bio_peer_rank.py,.py,4341,2026-07-12T12:16:56.270494+00:00,e956a7c75300bbeeb139bb24da30620e8b43ccfae864931eb7950882c9a4d1b1,True,1,LEGACY_UNIFIED_MECHANICS/research/planet_hunt/10_earth_ages/bio_peer_rank.py,C:\Users\joesh\Documents\Codex\2026-07-12\f\work\unified-mechanics-repo\research\planet_hunt\10_earth_ages\bio_peer_rank.py
LEGACY_UNIFIED_MECHANICS,research/planet_hunt/10_earth_ages/bio_peer_ranked.json,LEGACY_UNIFIED_MECHANICS/research/planet_hunt/10_earth_ages/bio_peer_ranked.json,.json,15530,2026-07-12T12:16:56.271017+00:00,09bf6028909545cc6599c8f457173eea8a5360f2c244e4b501269f7c0dddaed2,True,1,LEGACY_UNIFIED_MECHANICS/research/planet_hunt/10_earth_ages/bio_peer_ranked.json,C:\Users\joesh\Documents\Codex\2026-07-12\f\work\unified-mechanics-repo\research\planet_hunt\10_earth_ages\bio_peer_ranked.json
LEGACY_UNIFIED_MECHANICS,research/planet_hunt/10_earth_ages/earth_ages.py,LEGACY_UNIFIED_MECHANICS/research/planet_hunt/10_earth_ages/earth_ages.py,.py,8026,2026-07-12T12:16:56.271517+00:00,d02464ef3f76848394b97787431c1cea7400ce818717a8fa7bfa8a553cc34073,True,1,LEGACY_UNIFIED_MECHANICS/research/planet_hunt/10_earth_ages/earth_ages.py,C:\Users\joesh\Documents\Codex\2026-07-12\f\work\unified-mechanics-repo\research\planet_hunt\10_earth_ages\earth_ages.py
LEGACY_UNIFIED_MECHANICS,research/planet_hunt/10_earth_ages/ouroboros_matter_age.py,LEGACY_UNIFIED_MECHANICS/research/planet_hunt/10_earth_ages/ouroboros_matter_age.py,.py,3999,2026-07-12T12:16:56.272452+00:00,a566a2a860ea831f42b5b3bf4aeb333d69a7ff5d1689bbccc809d02d780b1904,True,1,LEGACY_UNIFIED_MECHANICS/research/planet_hunt/10_earth_ages/ouroboros_matter_age.py,C:\Users\joesh\Documents\Codex\2026-07-12\f\work\unified-mechanics-repo\research\planet_hunt\10_earth_ages\ouroboros_matter_age.py
LEGACY_UNIFIED_MECHANICS,research/planet_hunt/11_dark_sector/dark_sector_geometry.png,LEGACY_UNIFIED_MECHANICS/research/planet_hunt/11_dark_sector/dark_sector_geometry.png,.png,489577,2026-07-12T12:16:56.275505+00:00,4e4a6f273da13f7e161be707e537958cc8564e72424b35938320d3fbbf774222,True,1,LEGACY_UNIFIED_MECHANICS/research/planet_hunt/11_dark_sector/dark_sector_geometry.png,C:\Users\joesh\Documents\Codex\2026-07-12\f\work\unified-mechanics-repo\research\planet_hunt\11_dark_sector\dark_sector_geometry.png
LEGACY_UNIFIED_MECHANICS,research/planet_hunt/11_dark_sector/dark_sector_geometry.py,LEGACY_UNIFIED_MECHANICS/research/planet_hunt/11_dark_sector/dark_sector_geometry.py,.py,10095,2026-07-12T12:16:56.276506+00:00,6f21851c03762089ce84d190af9cb79c1b2b1a794620b9e3fbfa058a4c8c452a,True,1,LEGACY_UNIFIED_MECHANICS/research/planet_hunt/11_dark_sector/dark_sector_geometry.py,C:\Users\joesh\Documents\Codex\2026-07-12\f\work\unified-mechanics-repo\research\planet_hunt\11_dark_sector\dark_sector_geometry.py
LEGACY_UNIFIED_MECHANICS,research/planet_hunt/ouroboros/figures/01_light_boundary.png,LEGACY_UNIFIED_MECHANICS/research/planet_hunt/ouroboros/figures/01_light_boundary.png,.png,318569,2026-07-12T12:16:56.279528+00:00,459f75298f4f61764a4c54e3411965687072fb11c58ce85989f8be4c5c00296c,True,1,LEGACY_UNIFIED_MECHANICS/research/planet_hunt/ouroboros/figures/01_light_boundary.png,C:\Users\joesh\Documents\Codex\2026-07-12\f\work\unified-mechanics-repo\research\planet_hunt\ouroboros\figures\01_light_boundary.png
LEGACY_UNIFIED_MECHANICS,research/planet_hunt/ouroboros/figures/02_recursion_timeline.png,LEGACY_UNIFIED_MECHANICS/research/planet_hunt/ouroboros/figures/02_recursion_timeline.png,.png,171228,2026-07-12T12:16:56.281549+00:00,ce7e61256d4ba681a6b907b913a72db7e19ece6a4e9ce3a8b3ce47117e06c987,True,1,LEGACY_UNIFIED_MECHANICS/research/planet_hunt/ouroboros/figures/02_recursion_timeline.png,C:\Users\joesh\Documents\Codex\2026-07-12\f\work\unified-mechanics-repo\research\planet_hunt\ouroboros\figures\02_recursion_timeline.png
LEGACY_UNIFIED_MECHANICS,research/planet_hunt/ouroboros/figures/03_cmb_comparison.png,LEGACY_UNIFIED_MECHANICS/research/planet_hunt/ouroboros/figures/03_cmb_comparison.png,.png,1719921,2026-07-12T12:16:56.291637+00:00,ec11872cf066787e1382bfe397c9ccc190149f7325da94fd1cc236357171b178,True,1,LEGACY_UNIFIED_MECHANICS/research/planet_hunt/ouroboros/figures/03_cmb_comparison.png,C:\Users\joesh\Documents\Codex\2026-07-12\f\work\unified-mechanics-repo\research\planet_hunt\ouroboros\figures\03_cmb_comparison.png
LEGACY_UNIFIED_MECHANICS,research/planet_hunt/ouroboros/figures/04_ouroboros_card.png,LEGACY_UNIFIED_MECHANICS/research/planet_hunt/ouroboros/figures/04_ouroboros_card.png,.png,290503,2026-07-12T12:16:56.293684+00:00,013c7e99916e126dfa82b971f48eff799817089e749db4eda9d981b9d2003025,True,1,LEGACY_UNIFIED_MECHANICS/research/planet_hunt/ouroboros/figures/04_ouroboros_card.png,C:\Users\joesh\Documents\Codex\2026-07-12\f\work\unified-mechanics-repo\research\planet_hunt\ouroboros\figures\04_ouroboros_card.png
LEGACY_UNIFIED_MECHANICS,research/planet_hunt/ouroboros/LIGHT_MATTER_AGE.md,LEGACY_UNIFIED_MECHANICS/research/planet_hunt/ouroboros/LIGHT_MATTER_AGE.md,.md,21853,2026-07-12T12:16:56.277508+00:00,d3670bfe2168e14066dc3d7a830827f0af23226960799b7fe30237469f4e6a1b,True,1,LEGACY_UNIFIED_MECHANICS/research/planet_hunt/ouroboros/LIGHT_MATTER_AGE.md,C:\Users\joesh\Documents\Codex\2026-07-12\f\work\unified-mechanics-repo\research\planet_hunt\ouroboros\LIGHT_MATTER_AGE.md
LEGACY_UNIFIED_MECHANICS,research/planet_hunt/ouroboros/simulate_ouroboros.py,LEGACY_UNIFIED_MECHANICS/research/planet_hunt/ouroboros/simulate_ouroboros.py,.py,23344,2026-07-12T12:16:56.293684+00:00,0a86ca9e810a3117895130fa4965539d908a687f46193b8f87cfc9cc1618abde,True,1,LEGACY_UNIFIED_MECHANICS/research/planet_hunt/ouroboros/simulate_ouroboros.py,C:\Users\joesh\Documents\Codex\2026-07-12\f\work\unified-mechanics-repo\research\planet_hunt\ouroboros\simulate_ouroboros.py
LEGACY_UNIFIED_MECHANICS,research/planet_hunt/README.md,LEGACY_UNIFIED_MECHANICS/research/planet_hunt/README.md,.md,7115,2026-07-12T12:16:56.276506+00:00,33c3f5289f27c33b0e08e3bfc9d519125513ee6260198e151271bb55ff518b30,True,1,LEGACY_UNIFIED_MECHANICS/research/planet_hunt/README.md,C:\Users\joesh\Documents\Codex\2026-07-12\f\work\unified-mechanics-repo\research\planet_hunt\README.md
LEGACY_UNIFIED_MECHANICS,research/qcd_running.py,LEGACY_UNIFIED_MECHANICS/research/qcd_running.py,.py,6679,2026-07-12T12:16:56.294627+00:00,44b51a79ef9cb73823067bbaac6ab29d38aafae7096dccaed4a36b98bb302f19,True,1,LEGACY_UNIFIED_MECHANICS/research/qcd_running.py,C:\Users\joesh\Documents\Codex\2026-07-12\f\work\unified-mechanics-repo\research\qcd_running.py
LEGACY_UNIFIED_MECHANICS,research/recursion_floor/README.md,LEGACY_UNIFIED_MECHANICS/research/recursion_floor/README.md,.md,2319,2026-07-12T12:16:56.295507+00:00,c41eaa23be47902dbacb3b0a16ba7150d1b7a8686b3b5925383ed619fcf25a6f,True,1,LEGACY_UNIFIED_MECHANICS/research/recursion_floor/README.md,C:\Users\joesh\Documents\Codex\2026-07-12\f\work\unified-mechanics-repo\research\recursion_floor\README.md
LEGACY_UNIFIED_MECHANICS,research/recursion_floor/runA_recursion_study.json,LEGACY_UNIFIED_MECHANICS/research/recursion_floor/runA_recursion_study.json,.json,2915,2026-07-12T12:16:56.296019+00:00,330dfa13ebeeec581216a439a39b18c4a595e0d058eac003441493e574be75c9,True,1,LEGACY_UNIFIED_MECHANICS/research/recursion_floor/runA_recursion_study.json,C:\Users\joesh\Documents\Codex\2026-07-12\f\work\unified-mechanics-repo\research\recursion_floor\runA_recursion_study.json
LEGACY_UNIFIED_MECHANICS,research/render_cmb_4k.py,LEGACY_UNIFIED_MECHANICS/research/render_cmb_4k.py,.py,3914,2026-07-12T12:16:56.296019+00:00,02c2fd4ec8a2b93e31497ea048bb5d5bf9fac72c99f0f3996c076847d6ba5d1e,True,1,LEGACY_UNIFIED_MECHANICS/research/render_cmb_4k.py,C:\Users\joesh\Documents\Codex\2026-07-12\f\work\unified-mechanics-repo\research\render_cmb_4k.py
LEGACY_UNIFIED_MECHANICS,research/um_derived_constants.py,LEGACY_UNIFIED_MECHANICS/research/um_derived_constants.py,.py,10120,2026-07-12T12:16:56.296557+00:00,70fa49a142e4f9910dacdb4fb2a46b02bd60462ef927bc8fba78bea0ccab33b9,True,1,LEGACY_UNIFIED_MECHANICS/research/um_derived_constants.py,C:\Users\joesh\Documents\Codex\2026-07-12\f\work\unified-mechanics-repo\research\um_derived_constants.py
LEGACY_UNIFIED_MECHANICS,START_HERE.md,LEGACY_UNIFIED_MECHANICS/START_HERE.md,.md,3657,2026-07-12T12:16:55.935400+00:00,b16c4669bbf721a02dff1def7ae211bd4fba78a2b687dfd296c9dd1e4a21ed75,True,1,LEGACY_UNIFIED_MECHANICS/START_HERE.md,C:\Users\joesh\Documents\Codex\2026-07-12\f\work\unified-mechanics-repo\START_HERE.md
LEGACY_UNIFIED_MECHANICS,tests/data/alternate_recursions.json,LEGACY_UNIFIED_MECHANICS/tests/data/alternate_recursions.json,.json,2385,2026-07-12T12:16:56.298091+00:00,0d3b517203d1b58e887c782d04c053993cb755afe268d76842870a4e1be6ce58,True,1,LEGACY_UNIFIED_MECHANICS/tests/data/alternate_recursions.json,C:\Users\joesh\Documents\Codex\2026-07-12\f\work\unified-mechanics-repo\tests\data\alternate_recursions.json
LEGACY_UNIFIED_MECHANICS,tests/data/cereal_bowl_weights.json,LEGACY_UNIFIED_MECHANICS/tests/data/cereal_bowl_weights.json,.json,1535,2026-07-12T12:16:56.298591+00:00,99a57d21fe09d4fe10bf91e9b2077d0e8eb07d62d40506643719b3217bb69140,True,1,LEGACY_UNIFIED_MECHANICS/tests/data/cereal_bowl_weights.json,C:\Users\joesh\Documents\Codex\2026-07-12\f\work\unified-mechanics-repo\tests\data\cereal_bowl_weights.json
LEGACY_UNIFIED_MECHANICS,tests/data/chains/.gitignore,LEGACY_UNIFIED_MECHANICS/tests/data/chains/.gitignore,,7,2026-07-12T12:16:56.299091+00:00,733989dbb946e333013d030e41ecf9292dfdb001cfb14cdca633e7c0bd8bba19,True,1,LEGACY_UNIFIED_MECHANICS/tests/data/chains/.gitignore,C:\Users\joesh\Documents\Codex\2026-07-12\f\work\unified-mechanics-repo\tests\data\chains\.gitignore
LEGACY_UNIFIED_MECHANICS,tests/data/chains/_summary.json,LEGACY_UNIFIED_MECHANICS/tests/data/chains/_summary.json,.json,4966,2026-07-12T12:16:56.299091+00:00,dd367cbfebd10fe902a019036d2833576d51480ece65ea887b3b5a5352c23fcd,True,1,LEGACY_UNIFIED_MECHANICS/tests/data/chains/_summary.json,C:\Users\joesh\Documents\Codex\2026-07-12\f\work\unified-mechanics-repo\tests\data\chains\_summary.json
LEGACY_UNIFIED_MECHANICS,tests/data/chains/_summary_v2.json,LEGACY_UNIFIED_MECHANICS/tests/data/chains/_summary_v2.json,.json,3360,2026-07-12T12:16:56.300094+00:00,5708e140649b8e5aeacb86d02d442f4eb6b4ce121b46f07d105c1500ae31aba1,True,1,LEGACY_UNIFIED_MECHANICS/tests/data/chains/_summary_v2.json,C:\Users\joesh\Documents\Codex\2026-07-12\f\work\unified-mechanics-repo\tests\data\chains\_summary_v2.json
LEGACY_UNIFIED_MECHANICS,tests/data/demo_chain/chain.npy,LEGACY_UNIFIED_MECHANICS/tests/data/demo_chain/chain.npy,.npy,349056,2026-07-12T12:16:56.303309+00:00,5d2eb017709bc007fc414172197b2eb2b19afb367f13f141e3f99412ef82311e,True,1,LEGACY_UNIFIED_MECHANICS/tests/data/demo_chain/chain.npy,C:\Users\joesh\Documents\Codex\2026-07-12\f\work\unified-mechanics-repo\tests\data\demo_chain\chain.npy
LEGACY_UNIFIED_MECHANICS,tests/data/demo_chain/demo_chain_summary.json,LEGACY_UNIFIED_MECHANICS/tests/data/demo_chain/demo_chain_summary.json,.json,1908,2026-07-12T12:16:56.303809+00:00,d58a88be37b32b70cc865e4225766b1b3ea47e30ee0aa7d575b709d7517e5f10,True,1,LEGACY_UNIFIED_MECHANICS/tests/data/demo_chain/demo_chain_summary.json,C:\Users\joesh\Documents\Codex\2026-07-12\f\work\unified-mechanics-repo\tests\data\demo_chain\demo_chain_summary.json
LEGACY_UNIFIED_MECHANICS,tests/data/everything_suite.json,LEGACY_UNIFIED_MECHANICS/tests/data/everything_suite.json,.json,26571,2026-07-12T12:16:56.304309+00:00,53d010da7cae0febcef4e240a61624b1575172858cf28c5621427a2b70855047,True,1,LEGACY_UNIFIED_MECHANICS/tests/data/everything_suite.json,C:\Users\joesh\Documents\Codex\2026-07-12\f\work\unified-mechanics-repo\tests\data\everything_suite.json
LEGACY_UNIFIED_MECHANICS,tests/data/everything_suite_table.md,LEGACY_UNIFIED_MECHANICS/tests/data/everything_suite_table.md,.md,6934,2026-07-12T12:16:56.304809+00:00,ae907c1bc7cf49a71eec090bd89e1fe6d78cca08954fcccaff5e44e740a76ddc,True,1,LEGACY_UNIFIED_MECHANICS/tests/data/everything_suite_table.md,C:\Users\joesh\Documents\Codex\2026-07-12\f\work\unified-mechanics-repo\tests\data\everything_suite_table.md
LEGACY_UNIFIED_MECHANICS,tests/data/million_residual_histogram.npz,LEGACY_UNIFIED_MECHANICS/tests/data/million_residual_histogram.npz,.npz,3158,2026-07-12T12:16:56.305309+00:00,398411c69339c82a8fd7473620580968d6957f3bf1fdca15de48f7482ceba16f,True,1,LEGACY_UNIFIED_MECHANICS/tests/data/million_residual_histogram.npz,C:\Users\joesh\Documents\Codex\2026-07-12\f\work\unified-mechanics-repo\tests\data\million_residual_histogram.npz
LEGACY_UNIFIED_MECHANICS,tests/data/million_test_summary.json,LEGACY_UNIFIED_MECHANICS/tests/data/million_test_summary.json,.json,3123,2026-07-12T12:16:56.305809+00:00,525da799a74457ff2de7818bc2846bbebb33a48bd0f1bc46173eaae4a2353fa4,True,1,LEGACY_UNIFIED_MECHANICS/tests/data/million_test_summary.json,C:\Users\joesh\Documents\Codex\2026-07-12\f\work\unified-mechanics-repo\tests\data\million_test_summary.json
LEGACY_UNIFIED_MECHANICS,tests/data/nautilus_floor.json,LEGACY_UNIFIED_MECHANICS/tests/data/nautilus_floor.json,.json,582,2026-07-12T12:16:56.306309+00:00,4e991aada1c444138b1c2921af9702b70255fd6f763f16e8349133df073cfeb9,True,1,LEGACY_UNIFIED_MECHANICS/tests/data/nautilus_floor.json,C:\Users\joesh\Documents\Codex\2026-07-12\f\work\unified-mechanics-repo\tests\data\nautilus_floor.json
LEGACY_UNIFIED_MECHANICS,tests/data/nautilus_published.json,LEGACY_UNIFIED_MECHANICS/tests/data/nautilus_published.json,.json,563,2026-07-12T12:16:56.306309+00:00,44c6869ba96bfaec86bf47c1aa97daf538f8ec4d5008a1ba43da6fff9025d016,True,1,LEGACY_UNIFIED_MECHANICS/tests/data/nautilus_published.json,C:\Users\joesh\Documents\Codex\2026-07-12\f\work\unified-mechanics-repo\tests\data\nautilus_published.json
LEGACY_UNIFIED_MECHANICS,tests/data/structural_bayes.json,LEGACY_UNIFIED_MECHANICS/tests/data/structural_bayes.json,.json,17276,2026-07-12T12:16:56.306309+00:00,3ef3d4610ffd59a28699065b4781f44ab43ac4f45b1871fc8203ed69f8d1e9ad,True,1,LEGACY_UNIFIED_MECHANICS/tests/data/structural_bayes.json,C:\Users\joesh\Documents\Codex\2026-07-12\f\work\unified-mechanics-repo\tests\data\structural_bayes.json
LEGACY_UNIFIED_MECHANICS,tests/demo_chain.py,LEGACY_UNIFIED_MECHANICS/tests/demo_chain.py,.py,7897,2026-07-12T12:16:56.307312+00:00,affc970f22755aae7fff2984351a97e3173dccc3673af1fe80b79dbff216ce43,True,1,LEGACY_UNIFIED_MECHANICS/tests/demo_chain.py,C:\Users\joesh\Documents\Codex\2026-07-12\f\work\unified-mechanics-repo\tests\demo_chain.py
LEGACY_UNIFIED_MECHANICS,tests/test_limb_derivations.py,LEGACY_UNIFIED_MECHANICS/tests/test_limb_derivations.py,.py,8599,2026-07-12T12:16:56.308368+00:00,d4f11745e3688618e116a9055028ae7e61668a7f11d70a499fe77f8ef205af7e,True,1,LEGACY_UNIFIED_MECHANICS/tests/test_limb_derivations.py,C:\Users\joesh\Documents\Codex\2026-07-12\f\work\unified-mechanics-repo\tests\test_limb_derivations.py
LEGACY_UNIFIED_MECHANICS,THE_QUESTION.md,LEGACY_UNIFIED_MECHANICS/THE_QUESTION.md,.md,3287,2026-07-12T12:16:55.935899+00:00,440f6ca1ec01ddb842929148ebe912cfe7afce586e2bb2a6c581d76969209cf0,True,1,LEGACY_UNIFIED_MECHANICS/THE_QUESTION.md,C:\Users\joesh\Documents\Codex\2026-07-12\f\work\unified-mechanics-repo\THE_QUESTION.md
LEGACY_UNIFIED_MECHANICS,uv.lock,LEGACY_UNIFIED_MECHANICS/uv.lock,.lock,296959,2026-07-12T12:16:56.309369+00:00,ca38f01c5c38a3907b713849bf4047d76ac6f11bcef97ae853b0eb3eb1660599,True,1,LEGACY_UNIFIED_MECHANICS/uv.lock,C:\Users\joesh\Documents\Codex\2026-07-12\f\work\unified-mechanics-repo\uv.lock
MONOGRAPH,00 START HERE/00 The Corpus Atlas.docx,MONOGRAPH/00 START HERE/00 The Corpus Atlas.docx,.docx,14135,2026-08-01T14:49:17.410110+00:00,eafbb575e416ce2605bf342f66f8a75c79033b74450041cbfd23c8f544d53082,True,1,MONOGRAPH/00 START HERE/00 The Corpus Atlas.docx,C:\Users\joesh\Documents\Codex\2026-08-02\files-mentioned-by-the-user-handoff\work\unified-mechanics-monograph\00 START HERE\00 The Corpus Atlas.docx
MONOGRAPH,00 START HERE/00 The Corpus Atlas.pdf,MONOGRAPH/00 START HERE/00 The Corpus Atlas.pdf,.pdf,72331,2026-08-01T14:49:17.411129+00:00,2829e4d73f0448eabc85124fdf2b96cb8e754badfbb8d45207b73210e2d4fbfd,True,1,MONOGRAPH/00 START HERE/00 The Corpus Atlas.pdf,C:\Users\joesh\Documents\Codex\2026-08-02\files-mentioned-by-the-user-handoff\work\unified-mechanics-monograph\00 START HERE\00 The Corpus Atlas.pdf
MONOGRAPH,00 START HERE/01 README.md,MONOGRAPH/00 START HERE/01 README.md,.md,3767,2026-08-01T14:49:17.412130+00:00,2ce5b096fe39411eb00d845588db4b075718408c25a41bf09247ef386a655118,True,1,MONOGRAPH/00 START HERE/01 README.md,C:\Users\joesh\Documents\Codex\2026-08-02\files-mentioned-by-the-user-handoff\work\unified-mechanics-monograph\00 START HERE\01 README.md
MONOGRAPH,00 START HERE/02 Edition Note — Fifth Printing.md,MONOGRAPH/00 START HERE/02 Edition Note — Fifth Printing.md,.md,8453,2026-08-01T14:49:17.412630+00:00,0b5621b8477922d860467b6cecc7775ed99478afb12b3e15ac209f5286f47746,True,1,MONOGRAPH/00 START HERE/02 Edition Note — Fifth Printing.md,C:\Users\joesh\Documents\Codex\2026-08-02\files-mentioned-by-the-user-handoff\work\unified-mechanics-monograph\00 START HERE\02 Edition Note — Fifth Printing.md
MONOGRAPH,00 START HERE/03 CORE FREEZE MANIFEST.md,MONOGRAPH/00 START HERE/03 CORE FREEZE MANIFEST.md,.md,2604,2026-08-01T14:49:17.413630+00:00,6561cd10cb607c0ca1ea1b974aa48530f6f14b198faf15804eebd7601b4ca626,True,1,MONOGRAPH/00 START HERE/03 CORE FREEZE MANIFEST.md,C:\Users\joesh\Documents\Codex\2026-08-02\files-mentioned-by-the-user-handoff\work\unified-mechanics-monograph\00 START HERE\03 CORE FREEZE MANIFEST.md
MONOGRAPH,00 START HERE/04 SHA256SUMS.txt,MONOGRAPH/00 START HERE/04 SHA256SUMS.txt,.txt,16745,2026-08-01T14:49:17.414630+00:00,187691c436e99384430f2e67dc3a36ee1158f9a515b5ff6ec606246f1db07604,True,1,MONOGRAPH/00 START HERE/04 SHA256SUMS.txt,C:\Users\joesh\Documents\Codex\2026-08-02\files-mentioned-by-the-user-handoff\work\unified-mechanics-monograph\00 START HERE\04 SHA256SUMS.txt
MONOGRAPH,01 CORE BOOKS/A — A World of Distinctions.pdf,MONOGRAPH/01 CORE BOOKS/A — A World of Distinctions.pdf,.pdf,233303,2026-08-01T14:49:17.417130+00:00,9889d4e736fd37851261adbb1759492a648a2f4b60e0c68779131190cde4298d,True,1,MONOGRAPH/01 CORE BOOKS/A — A World of Distinctions.pdf,C:\Users\joesh\Documents\Codex\2026-08-02\files-mentioned-by-the-user-handoff\work\unified-mechanics-monograph\01 CORE BOOKS\A — A World of Distinctions.pdf
MONOGRAPH,"01 CORE BOOKS/B — Universopedia, Combined Reading Edition.pdf","MONOGRAPH/01 CORE BOOKS/B — Universopedia, Combined Reading Edition.pdf",.pdf,1353333,2026-08-01T14:49:17.425132+00:00,e2e155d38733faec9f001cce9d5ac7fd69108bc0b97de0b895bfe77350d0ef31,True,1,"MONOGRAPH/01 CORE BOOKS/B — Universopedia, Combined Reading Edition.pdf","C:\Users\joesh\Documents\Codex\2026-08-02\files-mentioned-by-the-user-handoff\work\unified-mechanics-monograph\01 CORE BOOKS\B — Universopedia, Combined Reading Edition.pdf"
MONOGRAPH,"01 CORE BOOKS/B1 — Universopedia, The Observational Standard.pdf","MONOGRAPH/01 CORE BOOKS/B1 — Universopedia, The Observational Standard.pdf",.pdf,1870192,2026-08-01T14:49:17.437141+00:00,6b87313041c25f343e057fec5a301b2f19283974196b244ee0eaf4ebb755057e,True,1,"MONOGRAPH/01 CORE BOOKS/B1 — Universopedia, The Observational Standard.pdf","C:\Users\joesh\Documents\Codex\2026-08-02\files-mentioned-by-the-user-handoff\work\unified-mechanics-monograph\01 CORE BOOKS\B1 — Universopedia, The Observational Standard.pdf"
MONOGRAPH,"01 CORE BOOKS/B2 — Universopedia, Systems of Interpretation.pdf","MONOGRAPH/01 CORE BOOKS/B2 — Universopedia, Systems of Interpretation.pdf",.pdf,99209,2026-08-01T14:49:17.438723+00:00,6af28c33316b2fee72a1426976a16bcd206332fa074c31ef554190ea461f87c4,True,1,"MONOGRAPH/01 CORE BOOKS/B2 — Universopedia, Systems of Interpretation.pdf","C:\Users\joesh\Documents\Codex\2026-08-02\files-mentioned-by-the-user-handoff\work\unified-mechanics-monograph\01 CORE BOOKS\B2 — Universopedia, Systems of Interpretation.pdf"
MONOGRAPH,"01 CORE BOOKS/C — Unified Mechanics, The Formal Register.pdf","MONOGRAPH/01 CORE BOOKS/C — Unified Mechanics, The Formal Register.pdf",.pdf,117582,2026-08-01T14:49:17.441723+00:00,b5f8c8ef1d1adc61826134423666ede5db6ce68f6e4af2c4581ca4f35d087a6a,True,1,"MONOGRAPH/01 CORE BOOKS/C — Unified Mechanics, The Formal Register.pdf","C:\Users\joesh\Documents\Codex\2026-08-02\files-mentioned-by-the-user-handoff\work\unified-mechanics-monograph\01 CORE BOOKS\C — Unified Mechanics, The Formal Register.pdf"
MONOGRAPH,01 CORE BOOKS/Sources/A — A World of Distinctions.docx,MONOGRAPH/01 CORE BOOKS/Sources/A — A World of Distinctions.docx,.docx,52300,2026-08-01T14:49:17.443324+00:00,4e611ce338efea53e66d26cbc7f48207d14e2fef0cd20cd9928f0d4ad8a043ad,True,1,MONOGRAPH/01 CORE BOOKS/Sources/A — A World of Distinctions.docx,C:\Users\joesh\Documents\Codex\2026-08-02\files-mentioned-by-the-user-handoff\work\unified-mechanics-monograph\01 CORE BOOKS\Sources\A — A World of Distinctions.docx
MONOGRAPH,"01 CORE BOOKS/Sources/B1 — Universopedia, The Observational Standard.docx","MONOGRAPH/01 CORE BOOKS/Sources/B1 — Universopedia, The Observational Standard.docx",.docx,254140,2026-08-01T14:49:17.445824+00:00,3b0db48fcbfbbaf873a8b8ff361c2bf8dd61b5353a054b2c82ba8c376848c9c6,True,2,"MONOGRAPH/01 CORE BOOKS/Sources/B1 — Universopedia, The Observational Standard.docx","C:\Users\joesh\Documents\Codex\2026-08-02\files-mentioned-by-the-user-handoff\work\unified-mechanics-monograph\01 CORE BOOKS\Sources\B1 — Universopedia, The Observational Standard.docx"
MONOGRAPH,"01 CORE BOOKS/Sources/B2 — Universopedia, Systems of Interpretation.docx","MONOGRAPH/01 CORE BOOKS/Sources/B2 — Universopedia, Systems of Interpretation.docx",.docx,14971,2026-08-01T14:49:17.446803+00:00,bc5b5bdfb03560469ed0ba51818a17a82819d0b5af8696579e8bc3098cb92e2b,True,2,"MONOGRAPH/01 CORE BOOKS/Sources/B2 — Universopedia, Systems of Interpretation.docx","C:\Users\joesh\Documents\Codex\2026-08-02\files-mentioned-by-the-user-handoff\work\unified-mechanics-monograph\01 CORE BOOKS\Sources\B2 — Universopedia, Systems of Interpretation.docx"
MONOGRAPH,"01 CORE BOOKS/Sources/C — Unified Mechanics, The Formal Register.docx","MONOGRAPH/01 CORE BOOKS/Sources/C — Unified Mechanics, The Formal Register.docx",.docx,27282,2026-08-01T14:49:17.447804+00:00,3d540dc01d251ebf1a9fd58c1a576f5f36bd41712493fc9688c86aebe4eee910,True,1,"MONOGRAPH/01 CORE BOOKS/Sources/C — Unified Mechanics, The Formal Register.docx","C:\Users\joesh\Documents\Codex\2026-08-02\files-mentioned-by-the-user-handoff\work\unified-mechanics-monograph\01 CORE BOOKS\Sources\C — Unified Mechanics, The Formal Register.docx"
MONOGRAPH,02 TECHNICAL PAPERS/00 The Papers Index.docx,MONOGRAPH/02 TECHNICAL PAPERS/00 The Papers Index.docx,.docx,12850,2026-08-01T14:49:17.449304+00:00,891bd69339576f3f6d73cf21d52cb8c6fd66dd0510629c629dddb05701977518,True,1,MONOGRAPH/02 TECHNICAL PAPERS/00 The Papers Index.docx,C:\Users\joesh\Documents\Codex\2026-08-02\files-mentioned-by-the-user-handoff\work\unified-mechanics-monograph\02 TECHNICAL PAPERS\00 The Papers Index.docx
MONOGRAPH,02 TECHNICAL PAPERS/00 The Papers Index.pdf,MONOGRAPH/02 TECHNICAL PAPERS/00 The Papers Index.pdf,.pdf,132515,2026-08-01T14:49:17.450804+00:00,7b8268fd0686707de055e1ce91d868d466ba33816ee6b0aec1ed5e0b0766cd58,True,1,MONOGRAPH/02 TECHNICAL PAPERS/00 The Papers Index.pdf,C:\Users\joesh\Documents\Codex\2026-08-02\files-mentioned-by-the-user-handoff\work\unified-mechanics-monograph\02 TECHNICAL PAPERS\00 The Papers Index.pdf
MONOGRAPH,02 TECHNICAL PAPERS/04 The Realisation and Self-Description Principle.docx,MONOGRAPH/02 TECHNICAL PAPERS/04 The Realisation and Self-Description Principle.docx,.docx,37611,2026-08-01T14:49:17.453066+00:00,d661accc34baeb3bcb733bb60a888e2b423ba2c8cb234a3b280136bfd5f51f68,True,2,MONOGRAPH/02 TECHNICAL PAPERS/04 The Realisation and Self-Description Principle.docx,C:\Users\joesh\Documents\Codex\2026-08-02\files-mentioned-by-the-user-handoff\work\unified-mechanics-monograph\02 TECHNICAL PAPERS\04 The Realisation and Self-Description Principle.docx
MONOGRAPH,02 TECHNICAL PAPERS/04 The Realisation and Self-Description Principle.pdf,MONOGRAPH/02 TECHNICAL PAPERS/04 The Realisation and Self-Description Principle.pdf,.pdf,255461,2026-08-01T14:49:17.454992+00:00,7eea3cb72b9f4fab0b7301d5192e21536fe64ca6c1812108884ce4a20491ed89,True,1,MONOGRAPH/02 TECHNICAL PAPERS/04 The Realisation and Self-Description Principle.pdf,C:\Users\joesh\Documents\Codex\2026-08-02\files-mentioned-by-the-user-handoff\work\unified-mechanics-monograph\02 TECHNICAL PAPERS\04 The Realisation and Self-Description Principle.pdf
MONOGRAPH,02 TECHNICAL PAPERS/05 The Snowflake Realisation Closure Theorem.docx,MONOGRAPH/02 TECHNICAL PAPERS/05 The Snowflake Realisation Closure Theorem.docx,.docx,309152,2026-08-01T14:49:17.457085+00:00,d03f9de393c8c2bfb6a40261203053d3cb6c6bea52a33f8286c97e468ad12226,True,2,MONOGRAPH/02 TECHNICAL PAPERS/05 The Snowflake Realisation Closure Theorem.docx,C:\Users\joesh\Documents\Codex\2026-08-02\files-mentioned-by-the-user-handoff\work\unified-mechanics-monograph\02 TECHNICAL PAPERS\05 The Snowflake Realisation Closure Theorem.docx
MONOGRAPH,02 TECHNICAL PAPERS/05 The Snowflake Realisation Closure Theorem.pdf,MONOGRAPH/02 TECHNICAL PAPERS/05 The Snowflake Realisation Closure Theorem.pdf,.pdf,741901,2026-08-01T14:49:17.461086+00:00,65c3f2cefd954d00fc79d7161943972bb348a3143e8f865d3ad5654b0f52722e,True,1,MONOGRAPH/02 TECHNICAL PAPERS/05 The Snowflake Realisation Closure Theorem.pdf,C:\Users\joesh\Documents\Codex\2026-08-02\files-mentioned-by-the-user-handoff\work\unified-mechanics-monograph\02 TECHNICAL PAPERS\05 The Snowflake Realisation Closure Theorem.pdf
MONOGRAPH,02 TECHNICAL PAPERS/08 Research Notes — The Self-Dual Carrier and the Silver Interface.docx,MONOGRAPH/02 TECHNICAL PAPERS/08 Research Notes — The Self-Dual Carrier and the Silver Interface.docx,.docx,200363,2026-08-01T14:49:17.463349+00:00,2558ac874ef6d9d1d36eee50653d28fa3fdd242348f89039c0241182a4d97743,True,2,MONOGRAPH/02 TECHNICAL PAPERS/08 Research Notes — The Self-Dual Carrier and the Silver Interface.docx,C:\Users\joesh\Documents\Codex\2026-08-02\files-mentioned-by-the-user-handoff\work\unified-mechanics-monograph\02 TECHNICAL PAPERS\08 Research Notes — The Self-Dual Carrier and the Silver Interface.docx
MONOGRAPH,02 TECHNICAL PAPERS/08 Research Notes — The Self-Dual Carrier and the Silver Interface.pdf,MONOGRAPH/02 TECHNICAL PAPERS/08 Research Notes — The Self-Dual Carrier and the Silver Interface.pdf,.pdf,317087,2026-08-01T14:49:17.466362+00:00,9a0f4913112818c8cdc1f01afb0ccd144d6d72b08ab248fb3df6d6bdbb3c896b,True,1,MONOGRAPH/02 TECHNICAL PAPERS/08 Research Notes — The Self-Dual Carrier and the Silver Interface.pdf,C:\Users\joesh\Documents\Codex\2026-08-02\files-mentioned-by-the-user-handoff\work\unified-mechanics-monograph\02 TECHNICAL PAPERS\08 Research Notes — The Self-Dual Carrier and the Silver Interface.pdf
MONOGRAPH,02 TECHNICAL PAPERS/09 Interpretations — The Golden Skeleton of E8.docx,MONOGRAPH/02 TECHNICAL PAPERS/09 Interpretations — The Golden Skeleton of E8.docx,.docx,178893,2026-08-01T14:49:17.467865+00:00,304a50cd7ce06a03aff7df9a77cf802b0715d63fa5ef0d527c0274e8b1aa3bfc,True,2,MONOGRAPH/02 TECHNICAL PAPERS/09 Interpretations — The Golden Skeleton of E8.docx,C:\Users\joesh\Documents\Codex\2026-08-02\files-mentioned-by-the-user-handoff\work\unified-mechanics-monograph\02 TECHNICAL PAPERS\09 Interpretations — The Golden Skeleton of E8.docx
MONOGRAPH,02 TECHNICAL PAPERS/09 Interpretations — The Golden Skeleton of E8.pdf,MONOGRAPH/02 TECHNICAL PAPERS/09 Interpretations — The Golden Skeleton of E8.pdf,.pdf,269315,2026-08-01T14:49:17.470464+00:00,de520f6f8af2a3ec3b09434aded31f02954adcdff958a2ce415ea6522e6bbdab,True,1,MONOGRAPH/02 TECHNICAL PAPERS/09 Interpretations — The Golden Skeleton of E8.pdf,C:\Users\joesh\Documents\Codex\2026-08-02\files-mentioned-by-the-user-handoff\work\unified-mechanics-monograph\02 TECHNICAL PAPERS\09 Interpretations — The Golden Skeleton of E8.pdf
MONOGRAPH,02 TECHNICAL PAPERS/10 The Interface Work Integral — Settling the Root Three.docx,MONOGRAPH/02 TECHNICAL PAPERS/10 The Interface Work Integral — Settling the Root Three.docx,.docx,185239,2026-08-01T14:49:17.471633+00:00,bc205825529e4f47f292cee4eab594a01083b3cc23c3604b24a70b6941994a5c,True,2,MONOGRAPH/02 TECHNICAL PAPERS/10 The Interface Work Integral — Settling the Root Three.docx,C:\Users\joesh\Documents\Codex\2026-08-02\files-mentioned-by-the-user-handoff\work\unified-mechanics-monograph\02 TECHNICAL PAPERS\10 The Interface Work Integral — Settling the Root Three.docx
MONOGRAPH,02 TECHNICAL PAPERS/10 The Interface Work Integral — Settling the Root Three.pdf,MONOGRAPH/02 TECHNICAL PAPERS/10 The Interface Work Integral — Settling the Root Three.pdf,.pdf,296975,2026-08-01T14:49:17.473495+00:00,9e89058a3ec21cac54d3ac96756b5f9c1f9f62a5161f08e7dc8ac65417c51946,True,1,MONOGRAPH/02 TECHNICAL PAPERS/10 The Interface Work Integral — Settling the Root Three.pdf,C:\Users\joesh\Documents\Codex\2026-08-02\files-mentioned-by-the-user-handoff\work\unified-mechanics-monograph\02 TECHNICAL PAPERS\10 The Interface Work Integral — Settling the Root Three.pdf
MONOGRAPH,02 TECHNICAL PAPERS/11 End-to-End Interface Closure — The Theorem Queue.docx,MONOGRAPH/02 TECHNICAL PAPERS/11 End-to-End Interface Closure — The Theorem Queue.docx,.docx,231167,2026-08-01T14:49:17.475052+00:00,3f69cacf44e55e4d02e2fa06626a84c423717c918ea41de81fac472377da7232,True,2,MONOGRAPH/02 TECHNICAL PAPERS/11 End-to-End Interface Closure — The Theorem Queue.docx,C:\Users\joesh\Documents\Codex\2026-08-02\files-mentioned-by-the-user-handoff\work\unified-mechanics-monograph\02 TECHNICAL PAPERS\11 End-to-End Interface Closure — The Theorem Queue.docx
MONOGRAPH,02 TECHNICAL PAPERS/11 End-to-End Interface Closure — The Theorem Queue.pdf,MONOGRAPH/02 TECHNICAL PAPERS/11 End-to-End Interface Closure — The Theorem Queue.pdf,.pdf,480988,2026-08-01T14:49:17.478524+00:00,39296288ab216f1365390c1b9358bc27698ec4bd991d2933aeb2a20e9327212f,True,1,MONOGRAPH/02 TECHNICAL PAPERS/11 End-to-End Interface Closure — The Theorem Queue.pdf,C:\Users\joesh\Documents\Codex\2026-08-02\files-mentioned-by-the-user-handoff\work\unified-mechanics-monograph\02 TECHNICAL PAPERS\11 End-to-End Interface Closure — The Theorem Queue.pdf
MONOGRAPH,02 TECHNICAL PAPERS/12 Theorem Queue Proof Ledger.docx,MONOGRAPH/02 TECHNICAL PAPERS/12 Theorem Queue Proof Ledger.docx,.docx,31184,2026-08-01T14:49:17.479043+00:00,3743ffa544acca6169145d6d1121f905e552a34dd52ffce0eeb953538cc57893,True,2,MONOGRAPH/02 TECHNICAL PAPERS/12 Theorem Queue Proof Ledger.docx,C:\Users\joesh\Documents\Codex\2026-08-02\files-mentioned-by-the-user-handoff\work\unified-mechanics-monograph\02 TECHNICAL PAPERS\12 Theorem Queue Proof Ledger.docx
MONOGRAPH,02 TECHNICAL PAPERS/12 Theorem Queue Proof Ledger.pdf,MONOGRAPH/02 TECHNICAL PAPERS/12 Theorem Queue Proof Ledger.pdf,.pdf,197591,2026-08-01T14:49:17.481157+00:00,7dbf50066ba541ee573c5ce72abea2fe4611a6269b1ad762f8cfe62d65768a91,True,1,MONOGRAPH/02 TECHNICAL PAPERS/12 Theorem Queue Proof Ledger.pdf,C:\Users\joesh\Documents\Codex\2026-08-02\files-mentioned-by-the-user-handoff\work\unified-mechanics-monograph\02 TECHNICAL PAPERS\12 Theorem Queue Proof Ledger.pdf
MONOGRAPH,02 TECHNICAL PAPERS/13 The Logic of Physical Action (issued as Monograph II).docx,MONOGRAPH/02 TECHNICAL PAPERS/13 The Logic of Physical Action (issued as Monograph II).docx,.docx,92951,2026-08-01T14:49:17.482157+00:00,73a67259e18d06c78fa55bf4e2ecd41759949feed8a5fb6b1fd654dc584027bb,True,2,MONOGRAPH/02 TECHNICAL PAPERS/13 The Logic of Physical Action (issued as Monograph II).docx,C:\Users\joesh\Documents\Codex\2026-08-02\files-mentioned-by-the-user-handoff\work\unified-mechanics-monograph\02 TECHNICAL PAPERS\13 The Logic of Physical Action (issued as Monograph II).docx
MONOGRAPH,02 TECHNICAL PAPERS/13 The Logic of Physical Action (issued as Monograph II).pdf,MONOGRAPH/02 TECHNICAL PAPERS/13 The Logic of Physical Action (issued as Monograph II).pdf,.pdf,1219242,2026-08-01T14:49:17.487162+00:00,dde68f7a96e0bdf769d229438888f25c3cc5ca97bd0b9367e687207d7afec423,True,1,MONOGRAPH/02 TECHNICAL PAPERS/13 The Logic of Physical Action (issued as Monograph II).pdf,C:\Users\joesh\Documents\Codex\2026-08-02\files-mentioned-by-the-user-handoff\work\unified-mechanics-monograph\02 TECHNICAL PAPERS\13 The Logic of Physical Action (issued as Monograph II).pdf
MONOGRAPH,02 TECHNICAL PAPERS/14 Before the Form — Spencer-Brown and Traversal.docx,MONOGRAPH/02 TECHNICAL PAPERS/14 Before the Form — Spencer-Brown and Traversal.docx,.docx,43471,2026-08-01T14:49:17.488162+00:00,cd82c0c1b1deeedda89e3a28577799f3a85058fb6aadadce089b5dbc8285e3a8,True,2,MONOGRAPH/02 TECHNICAL PAPERS/14 Before the Form — Spencer-Brown and Traversal.docx,C:\Users\joesh\Documents\Codex\2026-08-02\files-mentioned-by-the-user-handoff\work\unified-mechanics-monograph\02 TECHNICAL PAPERS\14 Before the Form — Spencer-Brown and Traversal.docx
MONOGRAPH,02 TECHNICAL PAPERS/14 Before the Form — Spencer-Brown and Traversal.pdf,MONOGRAPH/02 TECHNICAL PAPERS/14 Before the Form — Spencer-Brown and Traversal.pdf,.pdf,272992,2026-08-01T14:49:17.490663+00:00,c9fa7113eb59e2278af608e9d33ae4cae0a2d04aa8c70a8cafcfa0449d0c70c4,True,1,MONOGRAPH/02 TECHNICAL PAPERS/14 Before the Form — Spencer-Brown and Traversal.pdf,C:\Users\joesh\Documents\Codex\2026-08-02\files-mentioned-by-the-user-handoff\work\unified-mechanics-monograph\02 TECHNICAL PAPERS\14 Before the Form — Spencer-Brown and Traversal.pdf
MONOGRAPH,02 TECHNICAL PAPERS/15 Bounded Possibility.docx,MONOGRAPH/02 TECHNICAL PAPERS/15 Bounded Possibility.docx,.docx,46777,2026-08-01T14:49:17.491163+00:00,48299c509c82860a92a2be9008d833b7512412d2e5975b167dec2e70360a11f0,True,2,MONOGRAPH/02 TECHNICAL PAPERS/15 Bounded Possibility.docx,C:\Users\joesh\Documents\Codex\2026-08-02\files-mentioned-by-the-user-handoff\work\unified-mechanics-monograph\02 TECHNICAL PAPERS\15 Bounded Possibility.docx
MONOGRAPH,02 TECHNICAL PAPERS/15 Bounded Possibility.pdf,MONOGRAPH/02 TECHNICAL PAPERS/15 Bounded Possibility.pdf,.pdf,285279,2026-08-01T14:49:17.493663+00:00,79699b231ae20dde83d6ae4fd05715d92d3e626fce5dc9b657f7db62a12253c0,True,1,MONOGRAPH/02 TECHNICAL PAPERS/15 Bounded Possibility.pdf,C:\Users\joesh\Documents\Codex\2026-08-02\files-mentioned-by-the-user-handoff\work\unified-mechanics-monograph\02 TECHNICAL PAPERS\15 Bounded Possibility.pdf
MONOGRAPH,02 TECHNICAL PAPERS/16 Principles of Observation and Mechanical Observation.docx,MONOGRAPH/02 TECHNICAL PAPERS/16 Principles of Observation and Mechanical Observation.docx,.docx,50639,2026-08-01T14:49:17.494952+00:00,fe30a24ff1e4b5a25d0ed8f5f729461d9c16971cae4ff10ccb25d8c2fdaf450f,True,2,MONOGRAPH/02 TECHNICAL PAPERS/16 Principles of Observation and Mechanical Observation.docx,C:\Users\joesh\Documents\Codex\2026-08-02\files-mentioned-by-the-user-handoff\work\unified-mechanics-monograph\02 TECHNICAL PAPERS\16 Principles of Observation and Mechanical Observation.docx
MONOGRAPH,02 TECHNICAL PAPERS/16 Principles of Observation and Mechanical Observation.pdf,MONOGRAPH/02 TECHNICAL PAPERS/16 Principles of Observation and Mechanical Observation.pdf,.pdf,375398,2026-08-01T14:49:17.497018+00:00,5c8c2d2a61f26451b9725ab2041dccf8c6a7afe520216bc2e95c56eb1946314e,True,1,MONOGRAPH/02 TECHNICAL PAPERS/16 Principles of Observation and Mechanical Observation.pdf,C:\Users\joesh\Documents\Codex\2026-08-02\files-mentioned-by-the-user-handoff\work\unified-mechanics-monograph\02 TECHNICAL PAPERS\16 Principles of Observation and Mechanical Observation.pdf
MONOGRAPH,02 TECHNICAL PAPERS/17 Field Assembly and Lossless Transcription.docx,MONOGRAPH/02 TECHNICAL PAPERS/17 Field Assembly and Lossless Transcription.docx,.docx,342365,2026-08-01T14:49:17.498578+00:00,d5748ff4b67fbfdc0545f4fad66fcd24852686eda19e187c66389c7af62834c1,True,2,MONOGRAPH/02 TECHNICAL PAPERS/17 Field Assembly and Lossless Transcription.docx,C:\Users\joesh\Documents\Codex\2026-08-02\files-mentioned-by-the-user-handoff\work\unified-mechanics-monograph\02 TECHNICAL PAPERS\17 Field Assembly and Lossless Transcription.docx
MONOGRAPH,02 TECHNICAL PAPERS/17 Field Assembly and Lossless Transcription.pdf,MONOGRAPH/02 TECHNICAL PAPERS/17 Field Assembly and Lossless Transcription.pdf,.pdf,615655,2026-08-01T14:49:17.502289+00:00,69a44f277d9930f15499fbd1c98e2aae802784eade11d505ff6edf5fce474c5a,True,1,MONOGRAPH/02 TECHNICAL PAPERS/17 Field Assembly and Lossless Transcription.pdf,C:\Users\joesh\Documents\Codex\2026-08-02\files-mentioned-by-the-user-handoff\work\unified-mechanics-monograph\02 TECHNICAL PAPERS\17 Field Assembly and Lossless Transcription.pdf
MONOGRAPH,02 TECHNICAL PAPERS/18 The Quantised Crossing and the Closure of the Open Ledger.docx,MONOGRAPH/02 TECHNICAL PAPERS/18 The Quantised Crossing and the Closure of the Open Ledger.docx,.docx,15752,2026-08-01T14:49:17.502800+00:00,0df516ae99936324219680c53b607bf446ebfd58501f63072bba66eb1366d6b8,True,2,MONOGRAPH/02 TECHNICAL PAPERS/18 The Quantised Crossing and the Closure of the Open Ledger.docx,C:\Users\joesh\Documents\Codex\2026-08-02\files-mentioned-by-the-user-handoff\work\unified-mechanics-monograph\02 TECHNICAL PAPERS\18 The Quantised Crossing and the Closure of the Open Ledger.docx
MONOGRAPH,02 TECHNICAL PAPERS/18 The Quantised Crossing and the Closure of the Open Ledger.pdf,MONOGRAPH/02 TECHNICAL PAPERS/18 The Quantised Crossing and the Closure of the Open Ledger.pdf,.pdf,118024,2026-08-01T14:49:17.503832+00:00,9375055578d2db98829e9471b6bd9607c57af4ef4816a48609f76cc9066701ee,True,1,MONOGRAPH/02 TECHNICAL PAPERS/18 The Quantised Crossing and the Closure of the Open Ledger.pdf,C:\Users\joesh\Documents\Codex\2026-08-02\files-mentioned-by-the-user-handoff\work\unified-mechanics-monograph\02 TECHNICAL PAPERS\18 The Quantised Crossing and the Closure of the Open Ledger.pdf
MONOGRAPH,02 TECHNICAL PAPERS/19 The Closing Ledger.docx,MONOGRAPH/02 TECHNICAL PAPERS/19 The Closing Ledger.docx,.docx,15463,2026-08-01T14:49:17.504875+00:00,abce6c244498ce90a1e14efa8e087644d86dab8986803feaf1d5c167b8c3683e,True,2,MONOGRAPH/02 TECHNICAL PAPERS/19 The Closing Ledger.docx,C:\Users\joesh\Documents\Codex\2026-08-02\files-mentioned-by-the-user-handoff\work\unified-mechanics-monograph\02 TECHNICAL PAPERS\19 The Closing Ledger.docx
MONOGRAPH,02 TECHNICAL PAPERS/19 The Closing Ledger.pdf,MONOGRAPH/02 TECHNICAL PAPERS/19 The Closing Ledger.pdf,.pdf,125635,2026-08-01T14:49:17.505905+00:00,d94af56fa81b98625bce1b219087b2445134b1b44abf9ae4cb3e909ddcee461a,True,1,MONOGRAPH/02 TECHNICAL PAPERS/19 The Closing Ledger.pdf,C:\Users\joesh\Documents\Codex\2026-08-02\files-mentioned-by-the-user-handoff\work\unified-mechanics-monograph\02 TECHNICAL PAPERS\19 The Closing Ledger.pdf
MONOGRAPH,02 TECHNICAL PAPERS/20 The Forward Closure.docx,MONOGRAPH/02 TECHNICAL PAPERS/20 The Forward Closure.docx,.docx,24106,2026-08-01T14:49:17.506943+00:00,987205b7043d27c0673b877367e26a2a2929c8141709947acaa1a8c8bd348ef7,True,2,MONOGRAPH/02 TECHNICAL PAPERS/20 The Forward Closure.docx,C:\Users\joesh\Documents\Codex\2026-08-02\files-mentioned-by-the-user-handoff\work\unified-mechanics-monograph\02 TECHNICAL PAPERS\20 The Forward Closure.docx
MONOGRAPH,02 TECHNICAL PAPERS/20 The Forward Closure.pdf,MONOGRAPH/02 TECHNICAL PAPERS/20 The Forward Closure.pdf,.pdf,204325,2026-08-01T14:49:17.508491+00:00,9c24c95a4ed78642fd8f4d7e7e3cc3052084ffedd4707938c1c90d779aa19190,True,1,MONOGRAPH/02 TECHNICAL PAPERS/20 The Forward Closure.pdf,C:\Users\joesh\Documents\Codex\2026-08-02\files-mentioned-by-the-user-handoff\work\unified-mechanics-monograph\02 TECHNICAL PAPERS\20 The Forward Closure.pdf
MONOGRAPH,02 TECHNICAL PAPERS/21 The Rank-Three Decay.docx,MONOGRAPH/02 TECHNICAL PAPERS/21 The Rank-Three Decay.docx,.docx,19204,2026-08-01T14:49:17.509002+00:00,c287003bce21147c1ac98e13ece3bbf17ee41c97f5cac99f1bb89c54b581c3e6,True,1,MONOGRAPH/02 TECHNICAL PAPERS/21 The Rank-Three Decay.docx,C:\Users\joesh\Documents\Codex\2026-08-02\files-mentioned-by-the-user-handoff\work\unified-mechanics-monograph\02 TECHNICAL PAPERS\21 The Rank-Three Decay.docx
MONOGRAPH,02 TECHNICAL PAPERS/21 The Rank-Three Decay.pdf,MONOGRAPH/02 TECHNICAL PAPERS/21 The Rank-Three Decay.pdf,.pdf,177359,2026-08-01T14:49:17.510712+00:00,11dc724074c96183379af2f05052a9230fc2e3dee930592bdd081569368e68d5,True,1,MONOGRAPH/02 TECHNICAL PAPERS/21 The Rank-Three Decay.pdf,C:\Users\joesh\Documents\Codex\2026-08-02\files-mentioned-by-the-user-handoff\work\unified-mechanics-monograph\02 TECHNICAL PAPERS\21 The Rank-Three Decay.pdf
MONOGRAPH,02 TECHNICAL PAPERS/22 Chirality from the Arrow.docx,MONOGRAPH/02 TECHNICAL PAPERS/22 Chirality from the Arrow.docx,.docx,16342,2026-08-01T14:49:17.511281+00:00,e869d362eb3433d6206b03ea2c1b1c3bd44a2c14e1ccf9847dcc47041c97ae7d,True,1,MONOGRAPH/02 TECHNICAL PAPERS/22 Chirality from the Arrow.docx,C:\Users\joesh\Documents\Codex\2026-08-02\files-mentioned-by-the-user-handoff\work\unified-mechanics-monograph\02 TECHNICAL PAPERS\22 Chirality from the Arrow.docx
MONOGRAPH,02 TECHNICAL PAPERS/22 Chirality from the Arrow.pdf,MONOGRAPH/02 TECHNICAL PAPERS/22 Chirality from the Arrow.pdf,.pdf,85197,2026-08-01T14:49:17.512335+00:00,26c8ec7f66cf5ff116505d5a4a0732bc4110c00b23204b85a3ce12cffbefcaec,True,1,MONOGRAPH/02 TECHNICAL PAPERS/22 Chirality from the Arrow.pdf,C:\Users\joesh\Documents\Codex\2026-08-02\files-mentioned-by-the-user-handoff\work\unified-mechanics-monograph\02 TECHNICAL PAPERS\22 Chirality from the Arrow.pdf
MONOGRAPH,02 TECHNICAL PAPERS/23 The Design Strength of the Carrier.docx,MONOGRAPH/02 TECHNICAL PAPERS/23 The Design Strength of the Carrier.docx,.docx,12849,2026-08-01T14:49:17.512848+00:00,019b4b12c7cb27e25d6394db5a0e84bd6482a805ec70274348467b4a1edd9c59,True,1,MONOGRAPH/02 TECHNICAL PAPERS/23 The Design Strength of the Carrier.docx,C:\Users\joesh\Documents\Codex\2026-08-02\files-mentioned-by-the-user-handoff\work\unified-mechanics-monograph\02 TECHNICAL PAPERS\23 The Design Strength of the Carrier.docx
MONOGRAPH,02 TECHNICAL PAPERS/23 The Design Strength of the Carrier.pdf,MONOGRAPH/02 TECHNICAL PAPERS/23 The Design Strength of the Carrier.pdf,.pdf,65273,2026-08-01T14:49:17.513893+00:00,be1812e5908ceeee90553e3b7dbf07fb5b2ecb26ee74e9dce1e52622ac97013f,True,1,MONOGRAPH/02 TECHNICAL PAPERS/23 The Design Strength of the Carrier.pdf,C:\Users\joesh\Documents\Codex\2026-08-02\files-mentioned-by-the-user-handoff\work\unified-mechanics-monograph\02 TECHNICAL PAPERS\23 The Design Strength of the Carrier.pdf
MONOGRAPH,"02 TECHNICAL PAPERS/24 What It Now Claims, and What Would End It.docx","MONOGRAPH/02 TECHNICAL PAPERS/24 What It Now Claims, and What Would End It.docx",.docx,18174,2026-08-01T14:49:17.514933+00:00,320b76deb620e985fef6afbecd237471ee77f8a9929897962e9fde3cfda099bb,True,1,"MONOGRAPH/02 TECHNICAL PAPERS/24 What It Now Claims, and What Would End It.docx","C:\Users\joesh\Documents\Codex\2026-08-02\files-mentioned-by-the-user-handoff\work\unified-mechanics-monograph\02 TECHNICAL PAPERS\24 What It Now Claims, and What Would End It.docx"
MONOGRAPH,"02 TECHNICAL PAPERS/24 What It Now Claims, and What Would End It.pdf","MONOGRAPH/02 TECHNICAL PAPERS/24 What It Now Claims, and What Would End It.pdf",.pdf,91334,2026-08-01T14:49:17.516185+00:00,39c9ddd32b6b4a26a5fc8814136c1af5721dcb55356109dd6b92c31e0b3e9f22,True,1,"MONOGRAPH/02 TECHNICAL PAPERS/24 What It Now Claims, and What Would End It.pdf","C:\Users\joesh\Documents\Codex\2026-08-02\files-mentioned-by-the-user-handoff\work\unified-mechanics-monograph\02 TECHNICAL PAPERS\24 What It Now Claims, and What Would End It.pdf"
MONOGRAPH,02 TECHNICAL PAPERS/25 The Matter Action.docx,MONOGRAPH/02 TECHNICAL PAPERS/25 The Matter Action.docx,.docx,14212,2026-08-01T14:49:17.516690+00:00,b562955f2ce28996a73673d25e265016e168c4ef921e3ca594b405c9c732f767,True,1,MONOGRAPH/02 TECHNICAL PAPERS/25 The Matter Action.docx,C:\Users\joesh\Documents\Codex\2026-08-02\files-mentioned-by-the-user-handoff\work\unified-mechanics-monograph\02 TECHNICAL PAPERS\25 The Matter Action.docx
MONOGRAPH,02 TECHNICAL PAPERS/25 The Matter Action.pdf,MONOGRAPH/02 TECHNICAL PAPERS/25 The Matter Action.pdf,.pdf,76135,2026-08-01T14:49:17.517715+00:00,a26ecf19c617b276fefb7e48dd8a3a131e30d5d220eed5f8a99ae9794d279c01,True,1,MONOGRAPH/02 TECHNICAL PAPERS/25 The Matter Action.pdf,C:\Users\joesh\Documents\Codex\2026-08-02\files-mentioned-by-the-user-handoff\work\unified-mechanics-monograph\02 TECHNICAL PAPERS\25 The Matter Action.pdf
MONOGRAPH,02 TECHNICAL PAPERS/26 Forcing the Rest.docx,MONOGRAPH/02 TECHNICAL PAPERS/26 Forcing the Rest.docx,.docx,14412,2026-08-01T14:49:17.518237+00:00,a8c5dc44bb3c925d58a94cabe505fb20e3200e742ed044f77fe73fe6c41f00c6,True,1,MONOGRAPH/02 TECHNICAL PAPERS/26 Forcing the Rest.docx,C:\Users\joesh\Documents\Codex\2026-08-02\files-mentioned-by-the-user-handoff\work\unified-mechanics-monograph\02 TECHNICAL PAPERS\26 Forcing the Rest.docx
MONOGRAPH,02 TECHNICAL PAPERS/26 Forcing the Rest.pdf,MONOGRAPH/02 TECHNICAL PAPERS/26 Forcing the Rest.pdf,.pdf,77105,2026-08-01T14:49:17.519261+00:00,728098ccc0d222e56b7bf58877331eb18d60eda1a1fdd310b769910118c476c4,True,1,MONOGRAPH/02 TECHNICAL PAPERS/26 Forcing the Rest.pdf,C:\Users\joesh\Documents\Codex\2026-08-02\files-mentioned-by-the-user-handoff\work\unified-mechanics-monograph\02 TECHNICAL PAPERS\26 Forcing the Rest.pdf
MONOGRAPH,03 COMPANION/Companion 1 — The Semantic Word System.pdf,MONOGRAPH/03 COMPANION/Companion 1 — The Semantic Word System.pdf,.pdf,785392,2026-08-01T14:49:17.523429+00:00,15126a66e437433fd18d035545e1ad772a84559e5a2d3eb9029690989162a2db,True,2,MONOGRAPH/03 COMPANION/Companion 1 — The Semantic Word System.pdf,C:\Users\joesh\Documents\Codex\2026-08-02\files-mentioned-by-the-user-handoff\work\unified-mechanics-monograph\03 COMPANION\Companion 1 — The Semantic Word System.pdf
MONOGRAPH,03 COMPANION/Companion 2 — The Snowflake Observatory (interactive).html,MONOGRAPH/03 COMPANION/Companion 2 — The Snowflake Observatory (interactive).html,.html,35973,2026-08-01T14:49:17.523930+00:00,a769bf38765cd6da7b621ed3a200f368192846f0c1d736eb1887b411c92543a7,True,2,MONOGRAPH/03 COMPANION/Companion 2 — The Snowflake Observatory (interactive).html,C:\Users\joesh\Documents\Codex\2026-08-02\files-mentioned-by-the-user-handoff\work\unified-mechanics-monograph\03 COMPANION\Companion 2 — The Snowflake Observatory (interactive).html
MONOGRAPH,03 COMPANION/Companion 3 — A Sentence Describing Itself (interactive).html,MONOGRAPH/03 COMPANION/Companion 3 — A Sentence Describing Itself (interactive).html,.html,36928,2026-08-01T14:49:17.525224+00:00,acebf72e39ef5203b51482747ea5eda082d4853e93dc7b52961123441332c3a2,True,2,MONOGRAPH/03 COMPANION/Companion 3 — A Sentence Describing Itself (interactive).html,C:\Users\joesh\Documents\Codex\2026-08-02\files-mentioned-by-the-user-handoff\work\unified-mechanics-monograph\03 COMPANION\Companion 3 — A Sentence Describing Itself (interactive).html
MONOGRAPH,03 COMPANION/Companion 4 — A World of Distinctions (interactive monograph).html,MONOGRAPH/03 COMPANION/Companion 4 — A World of Distinctions (interactive monograph).html,.html,227563,2026-08-01T14:49:17.526225+00:00,cb95cbf286022a45d91564c3faa0cd7d8ee9b582a97de0546455492e18bf207a,True,2,MONOGRAPH/03 COMPANION/Companion 4 — A World of Distinctions (interactive monograph).html,C:\Users\joesh\Documents\Codex\2026-08-02\files-mentioned-by-the-user-handoff\work\unified-mechanics-monograph\03 COMPANION\Companion 4 — A World of Distinctions (interactive monograph).html
MONOGRAPH,03 COMPANION/The Bubble Field/00 Paper/The_Bubble_Field_Mathematical_Field_Edition_Joseph_Shields.docx,MONOGRAPH/03 COMPANION/The Bubble Field/00 Paper/The_Bubble_Field_Mathematical_Field_Edition_Joseph_Shields.docx,.docx,595980,2026-08-01T14:49:17.529339+00:00,ec0b4b78e23c67dfa5ddf17a3a829df12fd5446e93ade1afb6dc6d5016f6e0bf,False,5,MONOGRAPH/06 HELICAL RELATIVITY/01 THE FIELD/The_Bubble_Field_Mathematical_Field_Edition_Joseph_Shields.docx,C:\Users\joesh\Documents\Codex\2026-08-02\files-mentioned-by-the-user-handoff\work\unified-mechanics-monograph\03 COMPANION\The Bubble Field\00 Paper\The_Bubble_Field_Mathematical_Field_Edition_Joseph_Shields.docx
MONOGRAPH,03 COMPANION/The Bubble Field/00 STANDING ACCOUNT.md,MONOGRAPH/03 COMPANION/The Bubble Field/00 STANDING ACCOUNT.md,.md,11270,2026-08-01T14:49:17.530409+00:00,f4aa93eb323d7e686173374d2f5ae94390ed31eb31aef5db2ad55a70e3460bfa,True,1,MONOGRAPH/03 COMPANION/The Bubble Field/00 STANDING ACCOUNT.md,C:\Users\joesh\Documents\Codex\2026-08-02\files-mentioned-by-the-user-handoff\work\unified-mechanics-monograph\03 COMPANION\The Bubble Field\00 STANDING ACCOUNT.md
MONOGRAPH,03 COMPANION/The Bubble Field/01 Computations/15_the_bubble_field.json,MONOGRAPH/03 COMPANION/The Bubble Field/01 Computations/15_the_bubble_field.json,.json,2900,2026-08-01T14:49:17.531476+00:00,34b66873f00c8c9247fdb186a5ca3d27c39bee9bae708fa41c8655484dd4ccc5,True,1,MONOGRAPH/03 COMPANION/The Bubble Field/01 Computations/15_the_bubble_field.json,C:\Users\joesh\Documents\Codex\2026-08-02\files-mentioned-by-the-user-handoff\work\unified-mechanics-monograph\03 COMPANION\The Bubble Field\01 Computations\15_the_bubble_field.json
MONOGRAPH,03 COMPANION/The Bubble Field/01 Computations/audit_closure_attack.py,MONOGRAPH/03 COMPANION/The Bubble Field/01 Computations/audit_closure_attack.py,.py,14186,2026-08-01T14:49:17.531987+00:00,aad79524d925f873cea06d57a0403036f662a83ef9680144c2bda8bc1ee3ba7f,False,2,MONOGRAPH/06 HELICAL RELATIVITY/02 COMPUTATIONS/audit_closure_attack.py,C:\Users\joesh\Documents\Codex\2026-08-02\files-mentioned-by-the-user-handoff\work\unified-mechanics-monograph\03 COMPANION\The Bubble Field\01 Computations\audit_closure_attack.py
MONOGRAPH,03 COMPANION/The Bubble Field/01 Computations/audit_closure_attack_results.json,MONOGRAPH/03 COMPANION/The Bubble Field/01 Computations/audit_closure_attack_results.json,.json,2110,2026-08-01T14:49:17.532532+00:00,4757f38f65b6ec1bbd1e39620c6ed3e0484d9da36087a73c73ecada714b5af15,True,1,MONOGRAPH/03 COMPANION/The Bubble Field/01 Computations/audit_closure_attack_results.json,C:\Users\joesh\Documents\Codex\2026-08-02\files-mentioned-by-the-user-handoff\work\unified-mechanics-monograph\03 COMPANION\The Bubble Field\01 Computations\audit_closure_attack_results.json
MONOGRAPH,03 COMPANION/The Bubble Field/01 Computations/bubble_field.py,MONOGRAPH/03 COMPANION/The Bubble Field/01 Computations/bubble_field.py,.py,19311,2026-08-01T14:49:17.533045+00:00,e38d3e3fc2051010dc14d3e2da92ff7cb8b7251dd71fd54cc608237fb53f5063,True,1,MONOGRAPH/03 COMPANION/The Bubble Field/01 Computations/bubble_field.py,C:\Users\joesh\Documents\Codex\2026-08-02\files-mentioned-by-the-user-handoff\work\unified-mechanics-monograph\03 COMPANION\The Bubble Field\01 Computations\bubble_field.py
MONOGRAPH,03 COMPANION/The Bubble Field/01 Computations/bubble_field_closure_attack.py,MONOGRAPH/03 COMPANION/The Bubble Field/01 Computations/bubble_field_closure_attack.py,.py,21666,2026-08-01T14:49:17.535080+00:00,0fd213ef2b5886921a14fc099000f71b3fd1d4c88ce51143eec0b0d28b36e2bd,False,2,MONOGRAPH/06 HELICAL RELATIVITY/02 COMPUTATIONS/bubble_field_closure_attack.py,C:\Users\joesh\Documents\Codex\2026-08-02\files-mentioned-by-the-user-handoff\work\unified-mechanics-monograph\03 COMPANION\The Bubble Field\01 Computations\bubble_field_closure_attack.py
MONOGRAPH,03 COMPANION/The Bubble Field/01 Computations/bubble_field_closure_attack_results.json,MONOGRAPH/03 COMPANION/The Bubble Field/01 Computations/bubble_field_closure_attack_results.json,.json,8782,2026-08-01T14:49:17.536109+00:00,2ba53bbcc230ef42f1fdf03209045c1b6fb721df0946aa986b98676e2fbd5d30,True,1,MONOGRAPH/03 COMPANION/The Bubble Field/01 Computations/bubble_field_closure_attack_results.json,C:\Users\joesh\Documents\Codex\2026-08-02\files-mentioned-by-the-user-handoff\work\unified-mechanics-monograph\03 COMPANION\The Bubble Field\01 Computations\bubble_field_closure_attack_results.json
MONOGRAPH,03 COMPANION/The Bubble Field/01 Computations/bubble_field_compression_boundary.py,MONOGRAPH/03 COMPANION/The Bubble Field/01 Computations/bubble_field_compression_boundary.py,.py,14668,2026-08-01T14:49:17.536624+00:00,4387ccb3a925f11184c7b43eb01da12be8d11ae3ee5918d53b4e155656cd776e,False,5,MONOGRAPH/06 HELICAL RELATIVITY/02 COMPUTATIONS/bubble_field_compression_boundary.py,C:\Users\joesh\Documents\Codex\2026-08-02\files-mentioned-by-the-user-handoff\work\unified-mechanics-monograph\03 COMPANION\The Bubble Field\01 Computations\bubble_field_compression_boundary.py
MONOGRAPH,03 COMPANION/The Bubble Field/01 Computations/bubble_field_compression_boundary_map.png,MONOGRAPH/03 COMPANION/The Bubble Field/01 Computations/bubble_field_compression_boundary_map.png,.png,175885,2026-08-01T14:49:17.538166+00:00,256da9b3f31827826ee694d877628648f167bd00cbeb34cc42cc526022de7be3,False,5,MONOGRAPH/06 HELICAL RELATIVITY/02 COMPUTATIONS/bubble_field_compression_boundary_map.png,C:\Users\joesh\Documents\Codex\2026-08-02\files-mentioned-by-the-user-handoff\work\unified-mechanics-monograph\03 COMPANION\The Bubble Field\01 Computations\bubble_field_compression_boundary_map.png
MONOGRAPH,03 COMPANION/The Bubble Field/01 Computations/bubble_field_compression_boundary_results.json,MONOGRAPH/03 COMPANION/The Bubble Field/01 Computations/bubble_field_compression_boundary_results.json,.json,7528,2026-08-01T14:49:17.538696+00:00,a094545536dd57f5da0ebe23802bd34319727a1d2de26561797c62dbd16cd73c,False,5,MONOGRAPH/06 HELICAL RELATIVITY/02 COMPUTATIONS/bubble_field_compression_boundary_results.json,C:\Users\joesh\Documents\Codex\2026-08-02\files-mentioned-by-the-user-handoff\work\unified-mechanics-monograph\03 COMPANION\The Bubble Field\01 Computations\bubble_field_compression_boundary_results.json
MONOGRAPH,03 COMPANION/The Bubble Field/01 Computations/bubble_field_G_bridge.png,MONOGRAPH/03 COMPANION/The Bubble Field/01 Computations/bubble_field_G_bridge.png,.png,65652,2026-08-01T14:49:17.534572+00:00,0503db834c9e35d0ec0855b7f204b4cec81c5533af230717516caeb3f5871638,False,5,MONOGRAPH/06 HELICAL RELATIVITY/02 COMPUTATIONS/bubble_field_G_bridge.png,C:\Users\joesh\Documents\Codex\2026-08-02\files-mentioned-by-the-user-handoff\work\unified-mechanics-monograph\03 COMPANION\The Bubble Field\01 Computations\bubble_field_G_bridge.png
MONOGRAPH,03 COMPANION/The Bubble Field/01 Computations/bubble_field_lepton_candidate.png,MONOGRAPH/03 COMPANION/The Bubble Field/01 Computations/bubble_field_lepton_candidate.png,.png,38442,2026-08-01T14:49:17.539740+00:00,4dc10afe3a10c03070c8787dfcd4915ddafe985aea92602aab5ee2ff56b8b4c5,False,5,MONOGRAPH/06 HELICAL RELATIVITY/02 COMPUTATIONS/bubble_field_lepton_candidate.png,C:\Users\joesh\Documents\Codex\2026-08-02\files-mentioned-by-the-user-handoff\work\unified-mechanics-monograph\03 COMPANION\The Bubble Field\01 Computations\bubble_field_lepton_candidate.png
MONOGRAPH,03 COMPANION/The Bubble Field/01 Computations/bubble_field_recovery_ledger.png,MONOGRAPH/03 COMPANION/The Bubble Field/01 Computations/bubble_field_recovery_ledger.png,.png,152913,2026-08-01T14:49:17.541372+00:00,6ac10317ee8d87e07f8e179cf7854aaece12655cc4b79e0fa1169d14dfbd1371,False,5,MONOGRAPH/06 HELICAL RELATIVITY/02 COMPUTATIONS/bubble_field_recovery_ledger.png,C:\Users\joesh\Documents\Codex\2026-08-02\files-mentioned-by-the-user-handoff\work\unified-mechanics-monograph\03 COMPANION\The Bubble Field\01 Computations\bubble_field_recovery_ledger.png
MONOGRAPH,03 COMPANION/The Bubble Field/01 Computations/bubble_field_results.json,MONOGRAPH/03 COMPANION/The Bubble Field/01 Computations/bubble_field_results.json,.json,2900,2026-08-01T14:49:17.541898+00:00,7f0c5050aee92785246298a5b53b22d7c2f1f590992ff264e27c78e96498f44e,True,1,MONOGRAPH/03 COMPANION/The Bubble Field/01 Computations/bubble_field_results.json,C:\Users\joesh\Documents\Codex\2026-08-02\files-mentioned-by-the-user-handoff\work\unified-mechanics-monograph\03 COMPANION\The Bubble Field\01 Computations\bubble_field_results.json
MONOGRAPH,03 COMPANION/The Bubble Field/01 Computations/bubble_field_rigorous.py,MONOGRAPH/03 COMPANION/The Bubble Field/01 Computations/bubble_field_rigorous.py,.py,14771,2026-08-01T14:49:17.542407+00:00,b1d99021645b90a427dec0dc595ade0d3ca9ddb198ba83974a0cba403456d210,False,2,MONOGRAPH/06 HELICAL RELATIVITY/02 COMPUTATIONS/bubble_field_rigorous.py,C:\Users\joesh\Documents\Codex\2026-08-02\files-mentioned-by-the-user-handoff\work\unified-mechanics-monograph\03 COMPANION\The Bubble Field\01 Computations\bubble_field_rigorous.py
MONOGRAPH,03 COMPANION/The Bubble Field/01 Computations/bubble_field_rigorous_profiles.png,MONOGRAPH/03 COMPANION/The Bubble Field/01 Computations/bubble_field_rigorous_profiles.png,.png,195810,2026-08-01T14:49:17.544488+00:00,bd9508075c616ae4b477874ef231e14b0ef51a7ba96150a824fee70a0407a32a,False,5,MONOGRAPH/06 HELICAL RELATIVITY/02 COMPUTATIONS/bubble_field_rigorous_profiles.png,C:\Users\joesh\Documents\Codex\2026-08-02\files-mentioned-by-the-user-handoff\work\unified-mechanics-monograph\03 COMPANION\The Bubble Field\01 Computations\bubble_field_rigorous_profiles.png
MONOGRAPH,03 COMPANION/The Bubble Field/01 Computations/bubble_field_rigorous_results.json,MONOGRAPH/03 COMPANION/The Bubble Field/01 Computations/bubble_field_rigorous_results.json,.json,3581,2026-08-01T14:49:17.545013+00:00,3758b09d5b963c1325e71360e7c4342a75663bbef2b99c66e5f23d6a95ec5d74,True,1,MONOGRAPH/03 COMPANION/The Bubble Field/01 Computations/bubble_field_rigorous_results.json,C:\Users\joesh\Documents\Codex\2026-08-02\files-mentioned-by-the-user-handoff\work\unified-mechanics-monograph\03 COMPANION\The Bubble Field\01 Computations\bubble_field_rigorous_results.json
MONOGRAPH,03 COMPANION/The Bubble Field/01 Computations/bubble_field_scale_ladder.png,MONOGRAPH/03 COMPANION/The Bubble Field/01 Computations/bubble_field_scale_ladder.png,.png,73466,2026-08-01T14:49:17.546142+00:00,0e8cb5ef0330eed23b3ba970da5a1819c27a43f5f6b31714584d0981fe917dbf,False,5,MONOGRAPH/06 HELICAL RELATIVITY/02 COMPUTATIONS/bubble_field_scale_ladder.png,C:\Users\joesh\Documents\Codex\2026-08-02\files-mentioned-by-the-user-handoff\work\unified-mechanics-monograph\03 COMPANION\The Bubble Field\01 Computations\bubble_field_scale_ladder.png
MONOGRAPH,03 COMPANION/The Bubble Field/01 Computations/bubble_field_source_profiles.png,MONOGRAPH/03 COMPANION/The Bubble Field/01 Computations/bubble_field_source_profiles.png,.png,125049,2026-08-01T14:49:17.547162+00:00,fdbc1ca8fcfe69b8d241fca24f13d6cc7eb4d7d0238d966a71c3cfb4b775384a,False,5,MONOGRAPH/06 HELICAL RELATIVITY/02 COMPUTATIONS/bubble_field_source_profiles.png,C:\Users\joesh\Documents\Codex\2026-08-02\files-mentioned-by-the-user-handoff\work\unified-mechanics-monograph\03 COMPANION\The Bubble Field\01 Computations\bubble_field_source_profiles.png
MONOGRAPH,03 COMPANION/The Bubble Field/01 Computations/exercising_the_field.py,MONOGRAPH/03 COMPANION/The Bubble Field/01 Computations/exercising_the_field.py,.py,16862,2026-08-01T14:49:17.547680+00:00,eeca900db45fabce40fa34bccb91bea044e870f2ab9c616a98f744b243ad8241,False,2,MONOGRAPH/06 HELICAL RELATIVITY/02 COMPUTATIONS/exercising_the_field.py,C:\Users\joesh\Documents\Codex\2026-08-02\files-mentioned-by-the-user-handoff\work\unified-mechanics-monograph\03 COMPANION\The Bubble Field\01 Computations\exercising_the_field.py
MONOGRAPH,03 COMPANION/The Bubble Field/01 Computations/exercising_the_field_results.json,MONOGRAPH/03 COMPANION/The Bubble Field/01 Computations/exercising_the_field_results.json,.json,2925,2026-08-01T14:49:17.548713+00:00,d202078c4715eba7c676d18175ad0c6914236aaf8197250907800aad4c5e216d,True,1,MONOGRAPH/03 COMPANION/The Bubble Field/01 Computations/exercising_the_field_results.json,C:\Users\joesh\Documents\Codex\2026-08-02\files-mentioned-by-the-user-handoff\work\unified-mechanics-monograph\03 COMPANION\The Bubble Field\01 Computations\exercising_the_field_results.json
MONOGRAPH,03 COMPANION/The Bubble Field/01 Computations/three_part_bubble.py,MONOGRAPH/03 COMPANION/The Bubble Field/01 Computations/three_part_bubble.py,.py,11511,2026-08-01T14:49:17.549239+00:00,552e8023a5f78d6588aebbd987d6f40b8fc7f23ddbb2c9b7ddcac9b41d4c66b8,False,2,MONOGRAPH/06 HELICAL RELATIVITY/02 COMPUTATIONS/three_part_bubble.py,C:\Users\joesh\Documents\Codex\2026-08-02\files-mentioned-by-the-user-handoff\work\unified-mechanics-monograph\03 COMPANION\The Bubble Field\01 Computations\three_part_bubble.py
MONOGRAPH,03 COMPANION/The Bubble Field/01 Computations/three_part_bubble_results.json,MONOGRAPH/03 COMPANION/The Bubble Field/01 Computations/three_part_bubble_results.json,.json,2652,2026-08-01T14:49:17.550285+00:00,f04ce30b1a1b7d8ab98426fcdc3896a7e5ddd94fd476dab674d7d254a1307d35,True,1,MONOGRAPH/03 COMPANION/The Bubble Field/01 Computations/three_part_bubble_results.json,C:\Users\joesh\Documents\Codex\2026-08-02\files-mentioned-by-the-user-handoff\work\unified-mechanics-monograph\03 COMPANION\The Bubble Field\01 Computations\three_part_bubble_results.json
MONOGRAPH,03 COMPANION/The Bubble Field/01 Computations/verify_review.py,MONOGRAPH/03 COMPANION/The Bubble Field/01 Computations/verify_review.py,.py,10872,2026-08-01T14:49:17.550785+00:00,470e5289b5387f0b7dc18ba5507c710a17a73c18671a3cada640796da3960030,False,2,MONOGRAPH/06 HELICAL RELATIVITY/02 COMPUTATIONS/verify_review.py,C:\Users\joesh\Documents\Codex\2026-08-02\files-mentioned-by-the-user-handoff\work\unified-mechanics-monograph\03 COMPANION\The Bubble Field\01 Computations\verify_review.py
MONOGRAPH,03 COMPANION/The Bubble Field/01 Computations/verify_review_results.json,MONOGRAPH/03 COMPANION/The Bubble Field/01 Computations/verify_review_results.json,.json,2360,2026-08-01T14:49:17.551395+00:00,d2699a5c802c0f76adfb7b7dbc617256431ab35990c5ce15f28d7da7decfd8a9,True,1,MONOGRAPH/03 COMPANION/The Bubble Field/01 Computations/verify_review_results.json,C:\Users\joesh\Documents\Codex\2026-08-02\files-mentioned-by-the-user-handoff\work\unified-mechanics-monograph\03 COMPANION\The Bubble Field\01 Computations\verify_review_results.json
MONOGRAPH,03 COMPANION/The Bubble Field/02 Interactive/universal-field-exoplanet-lab.html,MONOGRAPH/03 COMPANION/The Bubble Field/02 Interactive/universal-field-exoplanet-lab.html,.html,32120,2026-08-01T14:49:17.552490+00:00,7698af2f17e1afc7755f6cdd6f89c94660134d8517fce2ed88d12698b3a4a3a7,True,1,MONOGRAPH/03 COMPANION/The Bubble Field/02 Interactive/universal-field-exoplanet-lab.html,C:\Users\joesh\Documents\Codex\2026-08-02\files-mentioned-by-the-user-handoff\work\unified-mechanics-monograph\03 COMPANION\The Bubble Field\02 Interactive\universal-field-exoplanet-lab.html
MONOGRAPH,03 COMPANION/The Bubble Field/02 Interactive/universal-field-exoplanet-lab.zip,MONOGRAPH/03 COMPANION/The Bubble Field/02 Interactive/universal-field-exoplanet-lab.zip,.zip,12931,2026-08-01T14:49:17.553022+00:00,09ab0b6c94a1e29e4362147394c7601aa5f49d1c4aadc39fe52dead73192c9cf,True,3,MONOGRAPH/03 COMPANION/The Bubble Field/02 Interactive/universal-field-exoplanet-lab.zip,C:\Users\joesh\Documents\Codex\2026-08-02\files-mentioned-by-the-user-handoff\work\unified-mechanics-monograph\03 COMPANION\The Bubble Field\02 Interactive\universal-field-exoplanet-lab.zip
MONOGRAPH,03 COMPANION/The Bubble Field/02 Interactive/universal-field-solar-system.html,MONOGRAPH/03 COMPANION/The Bubble Field/02 Interactive/universal-field-solar-system.html,.html,45788,2026-08-01T14:49:17.554051+00:00,82ad0f238e7f30b468be1223d82252e890b9299c3b02dfbfc00c1eb1f44c24cd,True,1,MONOGRAPH/03 COMPANION/The Bubble Field/02 Interactive/universal-field-solar-system.html,C:\Users\joesh\Documents\Codex\2026-08-02\files-mentioned-by-the-user-handoff\work\unified-mechanics-monograph\03 COMPANION\The Bubble Field\02 Interactive\universal-field-solar-system.html
MONOGRAPH,03 COMPANION/The Bubble Field/02 Interactive/universal-field-solar-system.zip,MONOGRAPH/03 COMPANION/The Bubble Field/02 Interactive/universal-field-solar-system.zip,.zip,15740,2026-08-01T14:49:17.554574+00:00,dec35cba7413ac793a52e03d961fbe2c3171fd9c7a914a32e77d535ff1903720,True,3,MONOGRAPH/03 COMPANION/The Bubble Field/02 Interactive/universal-field-solar-system.zip,C:\Users\joesh\Documents\Codex\2026-08-02\files-mentioned-by-the-user-handoff\work\unified-mechanics-monograph\03 COMPANION\The Bubble Field\02 Interactive\universal-field-solar-system.zip
MONOGRAPH,03 COMPANION/The Bubble Field/03 Figures/bubble_architecture.png,MONOGRAPH/03 COMPANION/The Bubble Field/03 Figures/bubble_architecture.png,.png,194891,2026-08-01T14:49:17.556653+00:00,8e77662ed39e664bdf74950548d7c311eaf23d0dd7c0c37cc8e7bdf731343444,False,5,MONOGRAPH/06 HELICAL RELATIVITY/05 FIGURES/bubble_architecture.png,C:\Users\joesh\Documents\Codex\2026-08-02\files-mentioned-by-the-user-handoff\work\unified-mechanics-monograph\03 COMPANION\The Bubble Field\03 Figures\bubble_architecture.png
MONOGRAPH,03 COMPANION/The Bubble Field/03 Figures/bubble_closure_chain.png,MONOGRAPH/03 COMPANION/The Bubble Field/03 Figures/bubble_closure_chain.png,.png,43456,2026-08-01T14:49:17.557164+00:00,45593d2dff3e9da3920fe48d56f9d0f16b820d89084930fd3f4c75896500fe3d,False,5,MONOGRAPH/06 HELICAL RELATIVITY/05 FIGURES/bubble_closure_chain.png,C:\Users\joesh\Documents\Codex\2026-08-02\files-mentioned-by-the-user-handoff\work\unified-mechanics-monograph\03 COMPANION\The Bubble Field\03 Figures\bubble_closure_chain.png
MONOGRAPH,03 COMPANION/The Bubble Field/03 Figures/bubble_field_compression_boundary_map.png,MONOGRAPH/03 COMPANION/The Bubble Field/03 Figures/bubble_field_compression_boundary_map.png,.png,210668,2026-08-01T14:49:17.560315+00:00,6f12621bc5d85c645d6ee9488835c068feb8f2ded00e0fe6223e1f2336dce1d5,False,5,MONOGRAPH/06 HELICAL RELATIVITY/05 FIGURES/bubble_field_compression_boundary_map.png,C:\Users\joesh\Documents\Codex\2026-08-02\files-mentioned-by-the-user-handoff\work\unified-mechanics-monograph\03 COMPANION\The Bubble Field\03 Figures\bubble_field_compression_boundary_map.png
MONOGRAPH,03 COMPANION/The Bubble Field/03 Figures/bubble_field_G_bridge.png,MONOGRAPH/03 COMPANION/The Bubble Field/03 Figures/bubble_field_G_bridge.png,.png,78914,2026-08-01T14:49:17.558216+00:00,4248a812a538e37f697990ddc22f13af9fd768fd43224896ecfd96a1536108d2,False,5,MONOGRAPH/06 HELICAL RELATIVITY/05 FIGURES/bubble_field_G_bridge.png,C:\Users\joesh\Documents\Codex\2026-08-02\files-mentioned-by-the-user-handoff\work\unified-mechanics-monograph\03 COMPANION\The Bubble Field\03 Figures\bubble_field_G_bridge.png
MONOGRAPH,03 COMPANION/The Bubble Field/03 Figures/bubble_field_lepton_candidate.png,MONOGRAPH/03 COMPANION/The Bubble Field/03 Figures/bubble_field_lepton_candidate.png,.png,47026,2026-08-01T14:49:17.560830+00:00,2a130f8c9a2ca61cd02f1d1b46c704fff852daff6d75f5b58cdd857ebaf58996,False,5,MONOGRAPH/06 HELICAL RELATIVITY/05 FIGURES/bubble_field_lepton_candidate.png,C:\Users\joesh\Documents\Codex\2026-08-02\files-mentioned-by-the-user-handoff\work\unified-mechanics-monograph\03 COMPANION\The Bubble Field\03 Figures\bubble_field_lepton_candidate.png
MONOGRAPH,03 COMPANION/The Bubble Field/03 Figures/bubble_field_recovery_ledger.png,MONOGRAPH/03 COMPANION/The Bubble Field/03 Figures/bubble_field_recovery_ledger.png,.png,205527,2026-08-01T14:49:17.562378+00:00,eabd8e916e5d2c0bfedb7a58f2a3a4333de2899f5769d825c4a57ff6d433e1e6,False,5,MONOGRAPH/06 HELICAL RELATIVITY/05 FIGURES/bubble_field_recovery_ledger.png,C:\Users\joesh\Documents\Codex\2026-08-02\files-mentioned-by-the-user-handoff\work\unified-mechanics-monograph\03 COMPANION\The Bubble Field\03 Figures\bubble_field_recovery_ledger.png
MONOGRAPH,03 COMPANION/The Bubble Field/03 Figures/bubble_field_rigorous_profiles.png,MONOGRAPH/03 COMPANION/The Bubble Field/03 Figures/bubble_field_rigorous_profiles.png,.png,196929,2026-08-01T14:49:17.564038+00:00,6c9f73aa66b41ed35a6e07f1e8706da7676ab6cc8b7163c559616292d34d51d2,False,5,MONOGRAPH/06 HELICAL RELATIVITY/05 FIGURES/bubble_field_rigorous_profiles.png,C:\Users\joesh\Documents\Codex\2026-08-02\files-mentioned-by-the-user-handoff\work\unified-mechanics-monograph\03 COMPANION\The Bubble Field\03 Figures\bubble_field_rigorous_profiles.png
MONOGRAPH,03 COMPANION/The Bubble Field/03 Figures/bubble_field_scale_ladder.png,MONOGRAPH/03 COMPANION/The Bubble Field/03 Figures/bubble_field_scale_ladder.png,.png,90773,2026-08-01T14:49:17.565615+00:00,932641087c76db2fb9806dc64300de29609f3a04ddc2d79a28bf666525f7679f,False,5,MONOGRAPH/06 HELICAL RELATIVITY/05 FIGURES/bubble_field_scale_ladder.png,C:\Users\joesh\Documents\Codex\2026-08-02\files-mentioned-by-the-user-handoff\work\unified-mechanics-monograph\03 COMPANION\The Bubble Field\03 Figures\bubble_field_scale_ladder.png
MONOGRAPH,03 COMPANION/The Bubble Field/03 Figures/bubble_field_source_profiles.png,MONOGRAPH/03 COMPANION/The Bubble Field/03 Figures/bubble_field_source_profiles.png,.png,144414,2026-08-01T14:49:17.566717+00:00,2271624471e9f6665ef3b8474bc0386e3c87585979c0e2b1d5b5cf5ec699ed78,False,5,MONOGRAPH/06 HELICAL RELATIVITY/05 FIGURES/bubble_field_source_profiles.png,C:\Users\joesh\Documents\Codex\2026-08-02\files-mentioned-by-the-user-handoff\work\unified-mechanics-monograph\03 COMPANION\The Bubble Field\03 Figures\bubble_field_source_profiles.png
MONOGRAPH,03 COMPANION/The Bubble Field/03 Figures/bubble_source_sector.png,MONOGRAPH/03 COMPANION/The Bubble Field/03 Figures/bubble_source_sector.png,.png,36467,2026-08-01T14:49:17.567754+00:00,728445b9ccdc4f97dc6f798e4da5cf678ea7c94f7f64809882846c9fb3c80362,False,5,MONOGRAPH/06 HELICAL RELATIVITY/05 FIGURES/bubble_source_sector.png,C:\Users\joesh\Documents\Codex\2026-08-02\files-mentioned-by-the-user-handoff\work\unified-mechanics-monograph\03 COMPANION\The Bubble Field\03 Figures\bubble_source_sector.png
MONOGRAPH,03 COMPANION/The Bubble Field/03 Figures/bubble_status.png,MONOGRAPH/03 COMPANION/The Bubble Field/03 Figures/bubble_status.png,.png,158410,2026-08-01T14:49:17.569301+00:00,22f15115bc11fbb96525bbe9184fcd3509647e452c174247e3ea328aae1090c5,False,5,MONOGRAPH/06 HELICAL RELATIVITY/05 FIGURES/bubble_status.png,C:\Users\joesh\Documents\Codex\2026-08-02\files-mentioned-by-the-user-handoff\work\unified-mechanics-monograph\03 COMPANION\The Bubble Field\03 Figures\bubble_status.png
MONOGRAPH,03 COMPANION/The Bubble Field/03 Figures/cef_codistinction.png,MONOGRAPH/03 COMPANION/The Bubble Field/03 Figures/cef_codistinction.png,.png,42271,2026-08-01T14:49:17.570331+00:00,93b85dcab8e94bfb5685fac82bb74fb439fb8903e66c9a0640beb715823d7530,False,5,MONOGRAPH/06 HELICAL RELATIVITY/05 FIGURES/cef_codistinction.png,C:\Users\joesh\Documents\Codex\2026-08-02\files-mentioned-by-the-user-handoff\work\unified-mechanics-monograph\03 COMPANION\The Bubble Field\03 Figures\cef_codistinction.png
MONOGRAPH,03 COMPANION/The Bubble Field/03 Figures/cef_field_architecture.png,MONOGRAPH/03 COMPANION/The Bubble Field/03 Figures/cef_field_architecture.png,.png,160429,2026-08-01T14:49:17.571881+00:00,876d7ebb8261fdbafa10a88bcdb4a0421c18c151a4c3892ee95bd661ad88ff8c,False,5,MONOGRAPH/06 HELICAL RELATIVITY/05 FIGURES/cef_field_architecture.png,C:\Users\joesh\Documents\Codex\2026-08-02\files-mentioned-by-the-user-handoff\work\unified-mechanics-monograph\03 COMPANION\The Bubble Field\03 Figures\cef_field_architecture.png
MONOGRAPH,03 COMPANION/The Bubble Field/03 Figures/cef_internal_cycle.png,MONOGRAPH/03 COMPANION/The Bubble Field/03 Figures/cef_internal_cycle.png,.png,96180,2026-08-01T14:49:17.572910+00:00,8a127f0c93ccc67c6a9b5161120ca302975ebc85888ccdf5e93ac3ffa253d1e3,False,5,MONOGRAPH/06 HELICAL RELATIVITY/05 FIGURES/cef_internal_cycle.png,C:\Users\joesh\Documents\Codex\2026-08-02\files-mentioned-by-the-user-handoff\work\unified-mechanics-monograph\03 COMPANION\The Bubble Field\03 Figures\cef_internal_cycle.png
MONOGRAPH,03 COMPANION/The Bubble Field/03 Figures/cef_interrogative_loop.png,MONOGRAPH/03 COMPANION/The Bubble Field/03 Figures/cef_interrogative_loop.png,.png,48991,2026-08-01T14:49:17.573419+00:00,435369ccc41d5466fbd5c06cdf8dab4eff1ae02ae1331c582026e679b27d8561,False,5,MONOGRAPH/06 HELICAL RELATIVITY/05 FIGURES/cef_interrogative_loop.png,C:\Users\joesh\Documents\Codex\2026-08-02\files-mentioned-by-the-user-handoff\work\unified-mechanics-monograph\03 COMPANION\The Bubble Field\03 Figures\cef_interrogative_loop.png
MONOGRAPH,03 COMPANION/The Bubble Field/03 Figures/exoplanet_lab_plots.png,MONOGRAPH/03 COMPANION/The Bubble Field/03 Figures/exoplanet_lab_plots.png,.png,378276,2026-08-01T14:49:17.576522+00:00,c4c363099cbb8a4fcdc0ea947431d1f839d7f483eedc6122a9ce9e9061615d00,False,5,MONOGRAPH/06 HELICAL RELATIVITY/05 FIGURES/exoplanet_lab_plots.png,C:\Users\joesh\Documents\Codex\2026-08-02\files-mentioned-by-the-user-handoff\work\unified-mechanics-monograph\03 COMPANION\The Bubble Field\03 Figures\exoplanet_lab_plots.png
MONOGRAPH,03 COMPANION/The Bubble Field/03 Figures/interactive_scalar_field_map_visualization.png,MONOGRAPH/03 COMPANION/The Bubble Field/03 Figures/interactive_scalar_field_map_visualization.png,.png,1667819,2026-08-01T14:49:17.581831+00:00,ada2ed7dbf4163c4cbe60afdc30bf4a6ea6e6602cb47392944c885ef9a14bbbe,True,3,MONOGRAPH/03 COMPANION/The Bubble Field/03 Figures/interactive_scalar_field_map_visualization.png,C:\Users\joesh\Documents\Codex\2026-08-02\files-mentioned-by-the-user-handoff\work\unified-mechanics-monograph\03 COMPANION\The Bubble Field\03 Figures\interactive_scalar_field_map_visualization.png
MONOGRAPH,03 COMPANION/The Bubble Field/03 Figures/universal_field_of_least_action_diagram.png,MONOGRAPH/03 COMPANION/The Bubble Field/03 Figures/universal_field_of_least_action_diagram.png,.png,1515747,2026-08-01T14:49:17.587014+00:00,7d012d4a27098aa746f443740ce0cd0f87de3388fc44be9d63f60e844c3eed3b,True,3,MONOGRAPH/03 COMPANION/The Bubble Field/03 Figures/universal_field_of_least_action_diagram.png,C:\Users\joesh\Documents\Codex\2026-08-02\files-mentioned-by-the-user-handoff\work\unified-mechanics-monograph\03 COMPANION\The Bubble Field\03 Figures\universal_field_of_least_action_diagram.png
MONOGRAPH,03 COMPANION/The Bubble Field/03 Figures/visual_scalar_field_system_diagram.png,MONOGRAPH/03 COMPANION/The Bubble Field/03 Figures/visual_scalar_field_system_diagram.png,.png,1422622,2026-08-01T14:49:17.592048+00:00,2321dd62d4ecf3f1d09e29150c556dc4b83fb6a9ad99f95bc3ac6cd6102bda87,True,3,MONOGRAPH/03 COMPANION/The Bubble Field/03 Figures/visual_scalar_field_system_diagram.png,C:\Users\joesh\Documents\Codex\2026-08-02\files-mentioned-by-the-user-handoff\work\unified-mechanics-monograph\03 COMPANION\The Bubble Field\03 Figures\visual_scalar_field_system_diagram.png
MONOGRAPH,03 COMPANION/The Bubble Field/04 Foundations/Least_Cost_Holonomy_and_CoDistinction_Fields_Joseph_Shields_FORMALISED.docx,MONOGRAPH/03 COMPANION/The Bubble Field/04 Foundations/Least_Cost_Holonomy_and_CoDistinction_Fields_Joseph_Shields_FORMALISED.docx,.docx,1823502,2026-08-01T14:49:17.600145+00:00,04c31a0877803aeb6c9203754f42b70963b53993e88abbc78eb751ea3ec5e3f4,False,7,MONOGRAPH/05 TRAVERSAL PAPERS/04 Least-Cost Holonomy and Co-Distinction Fields.docx,C:\Users\joesh\Documents\Codex\2026-08-02\files-mentioned-by-the-user-handoff\work\unified-mechanics-monograph\03 COMPANION\The Bubble Field\04 Foundations\Least_Cost_Holonomy_and_CoDistinction_Fields_Joseph_Shields_FORMALISED.docx
MONOGRAPH,03 COMPANION/The Bubble Field/04 Foundations/The Bubble Field(1).md,MONOGRAPH/03 COMPANION/The Bubble Field/04 Foundations/The Bubble Field(1).md,.md,18540,2026-08-01T14:49:17.601177+00:00,4d4c993918b0d4f394339add9f9228c03ea1a62d62df298158f38f4ab97fe32f,False,4,MONOGRAPH/06 HELICAL RELATIVITY/01 THE FIELD/The Bubble Field(1).md,C:\Users\joesh\Documents\Codex\2026-08-02\files-mentioned-by-the-user-handoff\work\unified-mechanics-monograph\03 COMPANION\The Bubble Field\04 Foundations\The Bubble Field(1).md
MONOGRAPH,03 COMPANION/The Bubble Field/04 Foundations/Universal_Field_of_Least_Action_Complete_Programme_Joseph_Shields.docx,MONOGRAPH/03 COMPANION/The Bubble Field/04 Foundations/Universal_Field_of_Least_Action_Complete_Programme_Joseph_Shields.docx,.docx,3897332,2026-08-01T14:49:17.609707+00:00,6aa342f52f2fa0c26497520043297384b26a77786e71a549ce4153becb2efeea,False,5,MONOGRAPH/06 HELICAL RELATIVITY/01 THE FIELD/Universal_Field_of_Least_Action_Complete_Programme_Joseph_Shields.docx,C:\Users\joesh\Documents\Codex\2026-08-02\files-mentioned-by-the-user-handoff\work\unified-mechanics-monograph\03 COMPANION\The Bubble Field\04 Foundations\Universal_Field_of_Least_Action_Complete_Programme_Joseph_Shields.docx
MONOGRAPH,03 COMPANION/The Bubble Field/05 History/00 First draft - The Bubble Field.md,MONOGRAPH/03 COMPANION/The Bubble Field/05 History/00 First draft - The Bubble Field.md,.md,18540,2026-08-01T14:49:17.610777+00:00,4d4c993918b0d4f394339add9f9228c03ea1a62d62df298158f38f4ab97fe32f,False,4,MONOGRAPH/06 HELICAL RELATIVITY/01 THE FIELD/The Bubble Field(1).md,C:\Users\joesh\Documents\Codex\2026-08-02\files-mentioned-by-the-user-handoff\work\unified-mechanics-monograph\03 COMPANION\The Bubble Field\05 History\00 First draft - The Bubble Field.md
MONOGRAPH,03 COMPANION/The Bubble Field/05 History/Bubble_Field_Closure_Attack_G_Source_Weak_Leptons_Joseph_Shields.docx,MONOGRAPH/03 COMPANION/The Bubble Field/05 History/Bubble_Field_Closure_Attack_G_Source_Weak_Leptons_Joseph_Shields.docx,.docx,432720,2026-08-01T14:49:17.613001+00:00,bb6be69eabfa6c3bbcdd8ee9bbc79d2310acce371bc15b1e3cc95e7fa3eefe1d,False,5,MONOGRAPH/06 HELICAL RELATIVITY/90 HISTORY/Bubble_Field_Closure_Attack_G_Source_Weak_Leptons_Joseph_Shields.docx,C:\Users\joesh\Documents\Codex\2026-08-02\files-mentioned-by-the-user-handoff\work\unified-mechanics-monograph\03 COMPANION\The Bubble Field\05 History\Bubble_Field_Closure_Attack_G_Source_Weak_Leptons_Joseph_Shields.docx
MONOGRAPH,03 COMPANION/The Bubble Field/05 History/Bubble_Field_Closure_Attack_G_Source_Weak_Leptons_Joseph_Shields.pdf,MONOGRAPH/03 COMPANION/The Bubble Field/05 History/Bubble_Field_Closure_Attack_G_Source_Weak_Leptons_Joseph_Shields.pdf,.pdf,688393,2026-08-01T14:49:17.616657+00:00,3b7dc8a5b6a2d9f9eb01c2f288ac533f4a3aa685657689d2457e57840b43c486,False,5,MONOGRAPH/06 HELICAL RELATIVITY/90 HISTORY/Bubble_Field_Closure_Attack_G_Source_Weak_Leptons_Joseph_Shields.pdf,C:\Users\joesh\Documents\Codex\2026-08-02\files-mentioned-by-the-user-handoff\work\unified-mechanics-monograph\03 COMPANION\The Bubble Field\05 History\Bubble_Field_Closure_Attack_G_Source_Weak_Leptons_Joseph_Shields.pdf
MONOGRAPH,03 COMPANION/The Bubble Field/05 History/The_Bubble_Field_Compression_Boundary_Closure_Joseph_Shields.docx,MONOGRAPH/03 COMPANION/The Bubble Field/05 History/The_Bubble_Field_Compression_Boundary_Closure_Joseph_Shields.docx,.docx,595380,2026-08-01T14:49:17.618747+00:00,bfd20642585796fce447d8031a890259455194d95e69ca8e826b8986a17dc010,False,5,MONOGRAPH/06 HELICAL RELATIVITY/90 HISTORY/The_Bubble_Field_Compression_Boundary_Closure_Joseph_Shields.docx,C:\Users\joesh\Documents\Codex\2026-08-02\files-mentioned-by-the-user-handoff\work\unified-mechanics-monograph\03 COMPANION\The Bubble Field\05 History\The_Bubble_Field_Compression_Boundary_Closure_Joseph_Shields.docx
MONOGRAPH,03 COMPANION/The Bubble Field/05 History/The_Bubble_Field_Compression_Boundary_Closure_Joseph_Shields.pdf,MONOGRAPH/03 COMPANION/The Bubble Field/05 History/The_Bubble_Field_Compression_Boundary_Closure_Joseph_Shields.pdf,.pdf,842900,2026-08-01T14:49:17.622983+00:00,449f92368667d9dc4734dfad930af8a608a970340c52951828cb6ca3c58c80ef,False,5,MONOGRAPH/06 HELICAL RELATIVITY/90 HISTORY/The_Bubble_Field_Compression_Boundary_Closure_Joseph_Shields.pdf,C:\Users\joesh\Documents\Codex\2026-08-02\files-mentioned-by-the-user-handoff\work\unified-mechanics-monograph\03 COMPANION\The Bubble Field\05 History\The_Bubble_Field_Compression_Boundary_Closure_Joseph_Shields.pdf
MONOGRAPH,03 COMPANION/The Bubble Field/05 History/The_Bubble_Field_Compression_Boundary_Closure_Joseph_Shields_REFERENT_PRINCIPLE.docx,MONOGRAPH/03 COMPANION/The Bubble Field/05 History/The_Bubble_Field_Compression_Boundary_Closure_Joseph_Shields_REFERENT_PRINCIPLE.docx,.docx,596506,2026-08-01T14:49:17.625056+00:00,86b795f22bb01ee39ac6df9e45dc37d84b3680f9396ae21fd11fcbf7551f24d9,False,5,MONOGRAPH/06 HELICAL RELATIVITY/90 HISTORY/The_Bubble_Field_Compression_Boundary_Closure_Joseph_Shields_REFERENT_PRINCIPLE.docx,C:\Users\joesh\Documents\Codex\2026-08-02\files-mentioned-by-the-user-handoff\work\unified-mechanics-monograph\03 COMPANION\The Bubble Field\05 History\The_Bubble_Field_Compression_Boundary_Closure_Joseph_Shields_REFERENT_PRINCIPLE.docx
MONOGRAPH,03 COMPANION/The Bubble Field/05 History/The_Bubble_Field_Rigorous_Formulation_Joseph_Shields.docx,MONOGRAPH/03 COMPANION/The Bubble Field/05 History/The_Bubble_Field_Rigorous_Formulation_Joseph_Shields.docx,.docx,2333310,2026-08-01T14:49:17.631702+00:00,cfe602f13364d52d3b5e1b83e5c2e9476c9a18d60584b7a2137b551ebc5789fd,False,5,MONOGRAPH/06 HELICAL RELATIVITY/90 HISTORY/The_Bubble_Field_Rigorous_Formulation_Joseph_Shields.docx,C:\Users\joesh\Documents\Codex\2026-08-02\files-mentioned-by-the-user-handoff\work\unified-mechanics-monograph\03 COMPANION\The Bubble Field\05 History\The_Bubble_Field_Rigorous_Formulation_Joseph_Shields.docx
MONOGRAPH,04 REPRODUCIBILITY/application notes/Application 01 — The Realisation Compiler (Stellar Carbon–Oxygen Example).pdf,MONOGRAPH/04 REPRODUCIBILITY/application notes/Application 01 — The Realisation Compiler (Stellar Carbon–Oxygen Example).pdf,.pdf,494684,2026-08-01T14:49:17.634589+00:00,58cef29bba58c4e124988a11cb7d7f10f22b5f33bb16dc184a17beb1b385c315,True,1,MONOGRAPH/04 REPRODUCIBILITY/application notes/Application 01 — The Realisation Compiler (Stellar Carbon–Oxygen Example).pdf,C:\Users\joesh\Documents\Codex\2026-08-02\files-mentioned-by-the-user-handoff\work\unified-mechanics-monograph\04 REPRODUCIBILITY\application notes\Application 01 — The Realisation Compiler (Stellar Carbon–Oxygen Example).pdf
MONOGRAPH,04 REPRODUCIBILITY/application notes/Application 02 — The Processing-Machine Motif and a Neuronal Test.docx,MONOGRAPH/04 REPRODUCIBILITY/application notes/Application 02 — The Processing-Machine Motif and a Neuronal Test.docx,.docx,119309,2026-08-01T14:49:17.636231+00:00,c14fdc6ebc3d9397480c6f46fd3fb91c8d15c6510a27a73cbe2a3ab8e99213ec,True,2,MONOGRAPH/04 REPRODUCIBILITY/application notes/Application 02 — The Processing-Machine Motif and a Neuronal Test.docx,C:\Users\joesh\Documents\Codex\2026-08-02\files-mentioned-by-the-user-handoff\work\unified-mechanics-monograph\04 REPRODUCIBILITY\application notes\Application 02 — The Processing-Machine Motif and a Neuronal Test.docx
MONOGRAPH,04 REPRODUCIBILITY/application notes/Application 02 — The Processing-Machine Motif and a Neuronal Test.pdf,MONOGRAPH/04 REPRODUCIBILITY/application notes/Application 02 — The Processing-Machine Motif and a Neuronal Test.pdf,.pdf,273015,2026-08-01T14:49:17.638731+00:00,73bccee62a49c6434394cc75d259944ecfe7de8378f5ec3d86e90eac13fa7c26,True,1,MONOGRAPH/04 REPRODUCIBILITY/application notes/Application 02 — The Processing-Machine Motif and a Neuronal Test.pdf,C:\Users\joesh\Documents\Codex\2026-08-02\files-mentioned-by-the-user-handoff\work\unified-mechanics-monograph\04 REPRODUCIBILITY\application notes\Application 02 — The Processing-Machine Motif and a Neuronal Test.pdf
MONOGRAPH,04 REPRODUCIBILITY/application notes/Application 03 — The Accumulating-History Extraction (Cortical Neurogenesis).docx,MONOGRAPH/04 REPRODUCIBILITY/application notes/Application 03 — The Accumulating-History Extraction (Cortical Neurogenesis).docx,.docx,168619,2026-08-01T14:49:17.640596+00:00,c21a8a0e1dcc54b1b3fca2e728a46ac719ad2f92db4b7d3f31f876f51cba0ea5,True,1,MONOGRAPH/04 REPRODUCIBILITY/application notes/Application 03 — The Accumulating-History Extraction (Cortical Neurogenesis).docx,C:\Users\joesh\Documents\Codex\2026-08-02\files-mentioned-by-the-user-handoff\work\unified-mechanics-monograph\04 REPRODUCIBILITY\application notes\Application 03 — The Accumulating-History Extraction (Cortical Neurogenesis).docx
MONOGRAPH,04 REPRODUCIBILITY/application notes/Application 03 — The Accumulating-History Extraction (Cortical Neurogenesis).pdf,MONOGRAPH/04 REPRODUCIBILITY/application notes/Application 03 — The Accumulating-History Extraction (Cortical Neurogenesis).pdf,.pdf,274604,2026-08-01T14:49:17.642643+00:00,251ab455edded5716bb5750434a87757757806d97c9e797e52309b99f5eb677c,True,1,MONOGRAPH/04 REPRODUCIBILITY/application notes/Application 03 — The Accumulating-History Extraction (Cortical Neurogenesis).pdf,C:\Users\joesh\Documents\Codex\2026-08-02\files-mentioned-by-the-user-handoff\work\unified-mechanics-monograph\04 REPRODUCIBILITY\application notes\Application 03 — The Accumulating-History Extraction (Cortical Neurogenesis).pdf
MONOGRAPH,04 REPRODUCIBILITY/application notes/Application 04 — The Balanced-Turnover Test (Subgranular Zone).docx,MONOGRAPH/04 REPRODUCIBILITY/application notes/Application 04 — The Balanced-Turnover Test (Subgranular Zone).docx,.docx,90525,2026-08-01T14:49:17.643811+00:00,d0d04f86d54d44cf3d0bc40d635f7123f607b3f435496d0b79ae7f6ca71ec4f3,True,2,MONOGRAPH/04 REPRODUCIBILITY/application notes/Application 04 — The Balanced-Turnover Test (Subgranular Zone).docx,C:\Users\joesh\Documents\Codex\2026-08-02\files-mentioned-by-the-user-handoff\work\unified-mechanics-monograph\04 REPRODUCIBILITY\application notes\Application 04 — The Balanced-Turnover Test (Subgranular Zone).docx
MONOGRAPH,04 REPRODUCIBILITY/application notes/Application 04 — The Balanced-Turnover Test (Subgranular Zone).pdf,MONOGRAPH/04 REPRODUCIBILITY/application notes/Application 04 — The Balanced-Turnover Test (Subgranular Zone).pdf,.pdf,192700,2026-08-01T14:49:17.645534+00:00,e532b9d926e896904bb84fbdb34e3031b9089effd9da1855a52d585292f25c3b,True,1,MONOGRAPH/04 REPRODUCIBILITY/application notes/Application 04 — The Balanced-Turnover Test (Subgranular Zone).pdf,C:\Users\joesh\Documents\Codex\2026-08-02\files-mentioned-by-the-user-handoff\work\unified-mechanics-monograph\04 REPRODUCIBILITY\application notes\Application 04 — The Balanced-Turnover Test (Subgranular Zone).pdf
MONOGRAPH,04 REPRODUCIBILITY/certificates/chirality_certificate.json,MONOGRAPH/04 REPRODUCIBILITY/certificates/chirality_certificate.json,.json,713,2026-08-01T14:49:17.646662+00:00,3af0e340be4d2e33cbfb7d80fa5e68e75d496b6776b3ee7358ba6f9753d15a16,True,1,MONOGRAPH/04 REPRODUCIBILITY/certificates/chirality_certificate.json,C:\Users\joesh\Documents\Codex\2026-08-02\files-mentioned-by-the-user-handoff\work\unified-mechanics-monograph\04 REPRODUCIBILITY\certificates\chirality_certificate.json
MONOGRAPH,04 REPRODUCIBILITY/certificates/design_strength_certificate.json,MONOGRAPH/04 REPRODUCIBILITY/certificates/design_strength_certificate.json,.json,322,2026-08-01T14:49:17.646662+00:00,fc1eff3eb26e323e747b6a05eaffbce029b05600647c73c6576298f4f36cea48,True,1,MONOGRAPH/04 REPRODUCIBILITY/certificates/design_strength_certificate.json,C:\Users\joesh\Documents\Codex\2026-08-02\files-mentioned-by-the-user-handoff\work\unified-mechanics-monograph\04 REPRODUCIBILITY\certificates\design_strength_certificate.json
MONOGRAPH,04 REPRODUCIBILITY/certificates/families_certificate.json,MONOGRAPH/04 REPRODUCIBILITY/certificates/families_certificate.json,.json,414,2026-08-01T14:49:17.648166+00:00,3f85ec8e2bfe0b941ca10f2788d71441f502acd2f17da21f0287c9264d5b67f5,True,1,MONOGRAPH/04 REPRODUCIBILITY/certificates/families_certificate.json,C:\Users\joesh\Documents\Codex\2026-08-02\files-mentioned-by-the-user-handoff\work\unified-mechanics-monograph\04 REPRODUCIBILITY\certificates\families_certificate.json
MONOGRAPH,04 REPRODUCIBILITY/certificates/forcing_certificate.json,MONOGRAPH/04 REPRODUCIBILITY/certificates/forcing_certificate.json,.json,716,2026-08-01T14:49:17.648768+00:00,fa55480ab1a022aec0e377db0271eb65a60679f4a01b10099103089f360a5353,True,1,MONOGRAPH/04 REPRODUCIBILITY/certificates/forcing_certificate.json,C:\Users\joesh\Documents\Codex\2026-08-02\files-mentioned-by-the-user-handoff\work\unified-mechanics-monograph\04 REPRODUCIBILITY\certificates\forcing_certificate.json
MONOGRAPH,04 REPRODUCIBILITY/certificates/graph_certificate.json,MONOGRAPH/04 REPRODUCIBILITY/certificates/graph_certificate.json,.json,1985,2026-08-01T14:49:17.649768+00:00,d3c331c0959bd5b8cbd34bc71705d24236b66e6855123cb1e70bcc028b60d69a,True,1,MONOGRAPH/04 REPRODUCIBILITY/certificates/graph_certificate.json,C:\Users\joesh\Documents\Codex\2026-08-02\files-mentioned-by-the-user-handoff\work\unified-mechanics-monograph\04 REPRODUCIBILITY\certificates\graph_certificate.json
MONOGRAPH,04 REPRODUCIBILITY/certificates/hydrogen_certificate.json,MONOGRAPH/04 REPRODUCIBILITY/certificates/hydrogen_certificate.json,.json,2209,2026-08-01T14:49:17.650624+00:00,d13d53ef7f9174a3978c199da0722d1b81b18e0f084149f18ac0dab749f40d30,True,1,MONOGRAPH/04 REPRODUCIBILITY/certificates/hydrogen_certificate.json,C:\Users\joesh\Documents\Codex\2026-08-02\files-mentioned-by-the-user-handoff\work\unified-mechanics-monograph\04 REPRODUCIBILITY\certificates\hydrogen_certificate.json
MONOGRAPH,04 REPRODUCIBILITY/certificates/lagrangian_certificate.json,MONOGRAPH/04 REPRODUCIBILITY/certificates/lagrangian_certificate.json,.json,748,2026-08-01T14:49:17.651545+00:00,8ef31dfdfdd6d112b4129ffa9640fc8afbd9fee04d9f3f1241805c13af88a48e,True,1,MONOGRAPH/04 REPRODUCIBILITY/certificates/lagrangian_certificate.json,C:\Users\joesh\Documents\Codex\2026-08-02\files-mentioned-by-the-user-handoff\work\unified-mechanics-monograph\04 REPRODUCIBILITY\certificates\lagrangian_certificate.json
MONOGRAPH,04 REPRODUCIBILITY/certificates/matter_action_certificate.json,MONOGRAPH/04 REPRODUCIBILITY/certificates/matter_action_certificate.json,.json,2396,2026-08-01T14:49:17.652045+00:00,4eec0ee05c987b1798d75ad524647242e5379a52d90eb36a30366b82180cdea7,True,1,MONOGRAPH/04 REPRODUCIBILITY/certificates/matter_action_certificate.json,C:\Users\joesh\Documents\Codex\2026-08-02\files-mentioned-by-the-user-handoff\work\unified-mechanics-monograph\04 REPRODUCIBILITY\certificates\matter_action_certificate.json
MONOGRAPH,04 REPRODUCIBILITY/certificates/o1_closure_certificate.json,MONOGRAPH/04 REPRODUCIBILITY/certificates/o1_closure_certificate.json,.json,515,2026-08-01T14:49:17.653268+00:00,e3d7599e033b280c08d492ef810ad70071ab7293a2efded2eee17c9b0b206ab1,True,1,MONOGRAPH/04 REPRODUCIBILITY/certificates/o1_closure_certificate.json,C:\Users\joesh\Documents\Codex\2026-08-02\files-mentioned-by-the-user-handoff\work\unified-mechanics-monograph\04 REPRODUCIBILITY\certificates\o1_closure_certificate.json
MONOGRAPH,04 REPRODUCIBILITY/certificates/o1_o3_certificate.json,MONOGRAPH/04 REPRODUCIBILITY/certificates/o1_o3_certificate.json,.json,485,2026-08-01T14:49:17.654486+00:00,65c21fe0db5c69d26b9f277d01b8b3b6fe07576e47be3621f3555962a5ff356d,True,1,MONOGRAPH/04 REPRODUCIBILITY/certificates/o1_o3_certificate.json,C:\Users\joesh\Documents\Codex\2026-08-02\files-mentioned-by-the-user-handoff\work\unified-mechanics-monograph\04 REPRODUCIBILITY\certificates\o1_o3_certificate.json
MONOGRAPH,04 REPRODUCIBILITY/certificates/o2_certificate.json,MONOGRAPH/04 REPRODUCIBILITY/certificates/o2_certificate.json,.json,1526,2026-08-01T14:49:17.655116+00:00,161e446f759ba1bfceb4e47e8d43f5da20d0bdb3751270b58231346cebc54283,True,1,MONOGRAPH/04 REPRODUCIBILITY/certificates/o2_certificate.json,C:\Users\joesh\Documents\Codex\2026-08-02\files-mentioned-by-the-user-handoff\work\unified-mechanics-monograph\04 REPRODUCIBILITY\certificates\o2_certificate.json
MONOGRAPH,04 REPRODUCIBILITY/certificates/o2_elimination_certificate.json,MONOGRAPH/04 REPRODUCIBILITY/certificates/o2_elimination_certificate.json,.json,2346,2026-08-01T14:49:17.656155+00:00,10a7b54c267a60cd360f0cc709e790ac16ad0916d2944e0b17984e7577b50c65,True,1,MONOGRAPH/04 REPRODUCIBILITY/certificates/o2_elimination_certificate.json,C:\Users\joesh\Documents\Codex\2026-08-02\files-mentioned-by-the-user-handoff\work\unified-mechanics-monograph\04 REPRODUCIBILITY\certificates\o2_elimination_certificate.json
MONOGRAPH,04 REPRODUCIBILITY/certificates/o4_certificate.json,MONOGRAPH/04 REPRODUCIBILITY/certificates/o4_certificate.json,.json,1722,2026-08-01T14:49:17.656889+00:00,7fec939c348efcaf09f7fef2f08e1037b4b50b0ae8c71069c08fe54f18af096a,True,1,MONOGRAPH/04 REPRODUCIBILITY/certificates/o4_certificate.json,C:\Users\joesh\Documents\Codex\2026-08-02\files-mentioned-by-the-user-handoff\work\unified-mechanics-monograph\04 REPRODUCIBILITY\certificates\o4_certificate.json
MONOGRAPH,04 REPRODUCIBILITY/certificates/o4_closure_witness.json,MONOGRAPH/04 REPRODUCIBILITY/certificates/o4_closure_witness.json,.json,18321,2026-08-01T14:49:17.658079+00:00,269989053714ee3b7d8384008fcee9caf55e9ffbc49463d3daa75078b45a2790,True,1,MONOGRAPH/04 REPRODUCIBILITY/certificates/o4_closure_witness.json,C:\Users\joesh\Documents\Codex\2026-08-02\files-mentioned-by-the-user-handoff\work\unified-mechanics-monograph\04 REPRODUCIBILITY\certificates\o4_closure_witness.json
MONOGRAPH,04 REPRODUCIBILITY/certificates/o5_o6_certificate.json,MONOGRAPH/04 REPRODUCIBILITY/certificates/o5_o6_certificate.json,.json,1108,2026-08-01T14:49:17.659079+00:00,57a3017961dd917e9a1bf4360f6cb16ac3c596fe4245e7581d1e00e2084936bb,True,1,MONOGRAPH/04 REPRODUCIBILITY/certificates/o5_o6_certificate.json,C:\Users\joesh\Documents\Codex\2026-08-02\files-mentioned-by-the-user-handoff\work\unified-mechanics-monograph\04 REPRODUCIBILITY\certificates\o5_o6_certificate.json
MONOGRAPH,04 REPRODUCIBILITY/certificates/o6_dark_energy_certificate.json,MONOGRAPH/04 REPRODUCIBILITY/certificates/o6_dark_energy_certificate.json,.json,1716,2026-08-01T14:49:17.660080+00:00,4521bcdc4de74e51fe604ab3f98a24c4cf9aa6aa997b743b790d6d6f0f7b3e90,True,1,MONOGRAPH/04 REPRODUCIBILITY/certificates/o6_dark_energy_certificate.json,C:\Users\joesh\Documents\Codex\2026-08-02\files-mentioned-by-the-user-handoff\work\unified-mechanics-monograph\04 REPRODUCIBILITY\certificates\o6_dark_energy_certificate.json
MONOGRAPH,04 REPRODUCIBILITY/certificates/run_manifest.json,MONOGRAPH/04 REPRODUCIBILITY/certificates/run_manifest.json,.json,22955,2026-08-01T14:49:17.661080+00:00,2fe982714a87bd55ef20acc4648468bb8fc2cb74f564cdd77c792e19f648b234,True,1,MONOGRAPH/04 REPRODUCIBILITY/certificates/run_manifest.json,C:\Users\joesh\Documents\Codex\2026-08-02\files-mentioned-by-the-user-handoff\work\unified-mechanics-monograph\04 REPRODUCIBILITY\certificates\run_manifest.json
MONOGRAPH,04 REPRODUCIBILITY/data/SPARC/MassModels_Lelli2016c.mrt,MONOGRAPH/04 REPRODUCIBILITY/data/SPARC/MassModels_Lelli2016c.mrt,.mrt,269518,2026-08-01T14:49:17.663331+00:00,9108994b12cc401b94a1768beca61c53ec354779385c9c9cc571049f3043244c,True,2,MONOGRAPH/04 REPRODUCIBILITY/data/SPARC/MassModels_Lelli2016c.mrt,C:\Users\joesh\Documents\Codex\2026-08-02\files-mentioned-by-the-user-handoff\work\unified-mechanics-monograph\04 REPRODUCIBILITY\data\SPARC\MassModels_Lelli2016c.mrt
MONOGRAPH,04 REPRODUCIBILITY/data/SPARC/RAR.mrt,MONOGRAPH/04 REPRODUCIBILITY/data/SPARC/RAR.mrt,.mrt,70842,2026-08-01T14:49:17.664881+00:00,826828a505ad4e51791dbd9c419dcf7a22a41589f33d5370107eb5eae6bb8992,True,2,MONOGRAPH/04 REPRODUCIBILITY/data/SPARC/RAR.mrt,C:\Users\joesh\Documents\Codex\2026-08-02\files-mentioned-by-the-user-handoff\work\unified-mechanics-monograph\04 REPRODUCIBILITY\data\SPARC\RAR.mrt
MONOGRAPH,04 REPRODUCIBILITY/data/SPARC/RARbins.mrt,MONOGRAPH/04 REPRODUCIBILITY/data/SPARC/RARbins.mrt,.mrt,1229,2026-08-01T14:49:17.665926+00:00,24c69234cc018d8064bd0f737ab8f02d99f388970b1de9f6390d462a25b8e8ce,True,2,MONOGRAPH/04 REPRODUCIBILITY/data/SPARC/RARbins.mrt,C:\Users\joesh\Documents\Codex\2026-08-02\files-mentioned-by-the-user-handoff\work\unified-mechanics-monograph\04 REPRODUCIBILITY\data\SPARC\RARbins.mrt
MONOGRAPH,04 REPRODUCIBILITY/data/SPARC/SPARC_Lelli2016c.mrt,MONOGRAPH/04 REPRODUCIBILITY/data/SPARC/SPARC_Lelli2016c.mrt,.mrt,28532,2026-08-01T14:49:17.666852+00:00,119d91f07aa8bf4c9be003ea2e836f45f28d7cb88f65dc3dabe87269f95be74a,True,2,MONOGRAPH/04 REPRODUCIBILITY/data/SPARC/SPARC_Lelli2016c.mrt,C:\Users\joesh\Documents\Codex\2026-08-02\files-mentioned-by-the-user-handoff\work\unified-mechanics-monograph\04 REPRODUCIBILITY\data\SPARC\SPARC_Lelli2016c.mrt
MONOGRAPH,04 REPRODUCIBILITY/data_manifest.csv,MONOGRAPH/04 REPRODUCIBILITY/data_manifest.csv,.csv,1744,2026-08-01T14:49:17.667370+00:00,18ae375a38887a8a6b7aee721af87f4547349adc72e8266ae38df525c394345a,True,1,MONOGRAPH/04 REPRODUCIBILITY/data_manifest.csv,C:\Users\joesh\Documents\Codex\2026-08-02\files-mentioned-by-the-user-handoff\work\unified-mechanics-monograph\04 REPRODUCIBILITY\data_manifest.csv
MONOGRAPH,04 REPRODUCIBILITY/dependencies.csv,MONOGRAPH/04 REPRODUCIBILITY/dependencies.csv,.csv,5220,2026-08-01T14:49:17.668371+00:00,7af88e77c53687da4d53b1fe780b3c43debb2dca1e500eaec9b3f696b77c55f5,True,1,MONOGRAPH/04 REPRODUCIBILITY/dependencies.csv,C:\Users\joesh\Documents\Codex\2026-08-02\files-mentioned-by-the-user-handoff\work\unified-mechanics-monograph\04 REPRODUCIBILITY\dependencies.csv
MONOGRAPH,04 REPRODUCIBILITY/figures/dev_screen.png,MONOGRAPH/04 REPRODUCIBILITY/figures/dev_screen.png,.png,155567,2026-08-01T14:49:17.670699+00:00,4f0411bf4c670fa0650d43532e4c656f732e1256c4b96412126d67049403f02a,True,2,MONOGRAPH/04 REPRODUCIBILITY/figures/dev_screen.png,C:\Users\joesh\Documents\Codex\2026-08-02\files-mentioned-by-the-user-handoff\work\unified-mechanics-monograph\04 REPRODUCIBILITY\figures\dev_screen.png
MONOGRAPH,04 REPRODUCIBILITY/figures/golden_skeleton.png,MONOGRAPH/04 REPRODUCIBILITY/figures/golden_skeleton.png,.png,167053,2026-08-01T14:49:17.672699+00:00,246d8d6ea3ba659eef474881280d561d7636730c8ab8109e2bb33770234411ae,True,2,MONOGRAPH/04 REPRODUCIBILITY/figures/golden_skeleton.png,C:\Users\joesh\Documents\Codex\2026-08-02\files-mentioned-by-the-user-handoff\work\unified-mechanics-monograph\04 REPRODUCIBILITY\figures\golden_skeleton.png
MONOGRAPH,04 REPRODUCIBILITY/figures/interface_settled.png,MONOGRAPH/04 REPRODUCIBILITY/figures/interface_settled.png,.png,174011,2026-08-01T14:49:17.674741+00:00,c529cc8582b2779059763d8ec87c96e56bf0da69f039185fc4ff9ba40baecba7,True,2,MONOGRAPH/04 REPRODUCIBILITY/figures/interface_settled.png,C:\Users\joesh\Documents\Codex\2026-08-02\files-mentioned-by-the-user-handoff\work\unified-mechanics-monograph\04 REPRODUCIBILITY\figures\interface_settled.png
MONOGRAPH,04 REPRODUCIBILITY/figures/neuro_screen.png,MONOGRAPH/04 REPRODUCIBILITY/figures/neuro_screen.png,.png,107226,2026-08-01T14:49:17.676244+00:00,56e69e4ebeebe9a3163b8bf1cb327e5179dc4c542d36f9e52780480c1835c6f6,True,2,MONOGRAPH/04 REPRODUCIBILITY/figures/neuro_screen.png,C:\Users\joesh\Documents\Codex\2026-08-02\files-mentioned-by-the-user-handoff\work\unified-mechanics-monograph\04 REPRODUCIBILITY\figures\neuro_screen.png
MONOGRAPH,04 REPRODUCIBILITY/figures/sgz_screen.png,MONOGRAPH/04 REPRODUCIBILITY/figures/sgz_screen.png,.png,80087,2026-08-01T14:49:17.677699+00:00,40ed3b3fc120e808da2145925009d3755ebeb4181173abf779f2562efe501771,True,2,MONOGRAPH/04 REPRODUCIBILITY/figures/sgz_screen.png,C:\Users\joesh\Documents\Codex\2026-08-02\files-mentioned-by-the-user-handoff\work\unified-mechanics-monograph\04 REPRODUCIBILITY\figures\sgz_screen.png
MONOGRAPH,04 REPRODUCIBILITY/figures/sparc_rar.png,MONOGRAPH/04 REPRODUCIBILITY/figures/sparc_rar.png,.png,187153,2026-08-01T14:49:17.680384+00:00,dcf80bd493fd7045061f05ab3606853756bbe9c8bdf331fa62362f4c0920a2d6,True,1,MONOGRAPH/04 REPRODUCIBILITY/figures/sparc_rar.png,C:\Users\joesh\Documents\Codex\2026-08-02\files-mentioned-by-the-user-handoff\work\unified-mechanics-monograph\04 REPRODUCIBILITY\figures\sparc_rar.png
MONOGRAPH,04 REPRODUCIBILITY/nodes.csv,MONOGRAPH/04 REPRODUCIBILITY/nodes.csv,.csv,3730,2026-08-01T14:49:17.681386+00:00,7eb191e7322a1fdfa573bee0fb5ef5d7d99592f8deadefed0c28c27fb16b67fd,True,1,MONOGRAPH/04 REPRODUCIBILITY/nodes.csv,C:\Users\joesh\Documents\Codex\2026-08-02\files-mentioned-by-the-user-handoff\work\unified-mechanics-monograph\04 REPRODUCIBILITY\nodes.csv
MONOGRAPH,04 REPRODUCIBILITY/requirements.txt,MONOGRAPH/04 REPRODUCIBILITY/requirements.txt,.txt,297,2026-08-01T14:49:17.682386+00:00,1e42ae5551a93f32b390ddaf9e94c776444a762f0ddd7a937070cdb6b0b69b60,True,1,MONOGRAPH/04 REPRODUCIBILITY/requirements.txt,C:\Users\joesh\Documents\Codex\2026-08-02\files-mentioned-by-the-user-handoff\work\unified-mechanics-monograph\04 REPRODUCIBILITY\requirements.txt
MONOGRAPH,04 REPRODUCIBILITY/results/dev_cross.json,MONOGRAPH/04 REPRODUCIBILITY/results/dev_cross.json,.json,53,2026-08-01T14:49:17.683389+00:00,0a6e02f6cb6025356177380207144058b769df5af1b773d05cfd1f5313af0ad8,True,2,MONOGRAPH/04 REPRODUCIBILITY/results/dev_cross.json,C:\Users\joesh\Documents\Codex\2026-08-02\files-mentioned-by-the-user-handoff\work\unified-mechanics-monograph\04 REPRODUCIBILITY\results\dev_cross.json
MONOGRAPH,04 REPRODUCIBILITY/results/dev_result.json,MONOGRAPH/04 REPRODUCIBILITY/results/dev_result.json,.json,1082,2026-08-01T14:49:17.684391+00:00,71e255d28fa11d96310dd7f24b94583a784cb955d53fbfff43945641123a29b9,True,2,MONOGRAPH/04 REPRODUCIBILITY/results/dev_result.json,C:\Users\joesh\Documents\Codex\2026-08-02\files-mentioned-by-the-user-handoff\work\unified-mechanics-monograph\04 REPRODUCIBILITY\results\dev_result.json
MONOGRAPH,04 REPRODUCIBILITY/results/interface_results.json,MONOGRAPH/04 REPRODUCIBILITY/results/interface_results.json,.json,936,2026-08-01T14:49:17.685391+00:00,f5f9f844b5d3015ddd4079343d4297ca3c64a578fa33efb149304467cf10889d,True,1,MONOGRAPH/04 REPRODUCIBILITY/results/interface_results.json,C:\Users\joesh\Documents\Codex\2026-08-02\files-mentioned-by-the-user-handoff\work\unified-mechanics-monograph\04 REPRODUCIBILITY\results\interface_results.json
MONOGRAPH,04 REPRODUCIBILITY/results/neuro_result.json,MONOGRAPH/04 REPRODUCIBILITY/results/neuro_result.json,.json,5275,2026-08-01T14:49:17.686334+00:00,6e63a1fe7a7771fdfc50d6c0d3f7709caf99f43fa3dadb524f63c1143f295dd7,True,2,MONOGRAPH/04 REPRODUCIBILITY/results/neuro_result.json,C:\Users\joesh\Documents\Codex\2026-08-02\files-mentioned-by-the-user-handoff\work\unified-mechanics-monograph\04 REPRODUCIBILITY\results\neuro_result.json
MONOGRAPH,04 REPRODUCIBILITY/results/sgz_result.json,MONOGRAPH/04 REPRODUCIBILITY/results/sgz_result.json,.json,265,2026-08-01T14:49:17.687478+00:00,e6a67fb401e2159ec93d8d128a23e69ff9540bb8c49d90caef6a52427199bddf,True,2,MONOGRAPH/04 REPRODUCIBILITY/results/sgz_result.json,C:\Users\joesh\Documents\Codex\2026-08-02\files-mentioned-by-the-user-handoff\work\unified-mechanics-monograph\04 REPRODUCIBILITY\results\sgz_result.json
MONOGRAPH,04 REPRODUCIBILITY/results/sparc_results.json,MONOGRAPH/04 REPRODUCIBILITY/results/sparc_results.json,.json,1032,2026-08-01T14:49:17.688575+00:00,0fbebbfee12579fd340114c323f79532488d424cc42955f3b1004021dbfeed5a,True,1,MONOGRAPH/04 REPRODUCIBILITY/results/sparc_results.json,C:\Users\joesh\Documents\Codex\2026-08-02\files-mentioned-by-the-user-handoff\work\unified-mechanics-monograph\04 REPRODUCIBILITY\results\sparc_results.json
MONOGRAPH,04 REPRODUCIBILITY/run_all.py,MONOGRAPH/04 REPRODUCIBILITY/run_all.py,.py,5640,2026-08-01T14:49:17.689735+00:00,70f1ba3471ae603b821eed02811332570463da5536f156d5900b40fde6386d93,True,1,MONOGRAPH/04 REPRODUCIBILITY/run_all.py,C:\Users\joesh\Documents\Codex\2026-08-02\files-mentioned-by-the-user-handoff\work\unified-mechanics-monograph\04 REPRODUCIBILITY\run_all.py
MONOGRAPH,04 REPRODUCIBILITY/scripts/chirality.py,MONOGRAPH/04 REPRODUCIBILITY/scripts/chirality.py,.py,6941,2026-08-01T14:49:17.690735+00:00,ab8f33fc8cd794235b71208aa3881e631c519089c1c4f47a559187217f5bea34,True,1,MONOGRAPH/04 REPRODUCIBILITY/scripts/chirality.py,C:\Users\joesh\Documents\Codex\2026-08-02\files-mentioned-by-the-user-handoff\work\unified-mechanics-monograph\04 REPRODUCIBILITY\scripts\chirality.py
MONOGRAPH,04 REPRODUCIBILITY/scripts/chirality_certificate.json,MONOGRAPH/04 REPRODUCIBILITY/scripts/chirality_certificate.json,.json,713,2026-08-01T14:49:17.691736+00:00,8af8883b5d69f1c72489e5ea38810b9df351b2f2e370e185b3edb6cd33f50bce,True,1,MONOGRAPH/04 REPRODUCIBILITY/scripts/chirality_certificate.json,C:\Users\joesh\Documents\Codex\2026-08-02\files-mentioned-by-the-user-handoff\work\unified-mechanics-monograph\04 REPRODUCIBILITY\scripts\chirality_certificate.json
MONOGRAPH,04 REPRODUCIBILITY/scripts/design_strength.py,MONOGRAPH/04 REPRODUCIBILITY/scripts/design_strength.py,.py,3158,2026-08-01T14:49:17.692735+00:00,a85a8914b253aa70dc24b30878e4b9c3a7161d1f5421d04d582be9f4a648996f,True,1,MONOGRAPH/04 REPRODUCIBILITY/scripts/design_strength.py,C:\Users\joesh\Documents\Codex\2026-08-02\files-mentioned-by-the-user-handoff\work\unified-mechanics-monograph\04 REPRODUCIBILITY\scripts\design_strength.py
MONOGRAPH,04 REPRODUCIBILITY/scripts/dev_neurogenesis_test.py,MONOGRAPH/04 REPRODUCIBILITY/scripts/dev_neurogenesis_test.py,.py,2199,2026-08-01T14:49:17.693854+00:00,c2d04cd7b8e2115f9ef5cdd3bcb505905c26be1bd35ac95466e77a7fe82dd549,True,1,MONOGRAPH/04 REPRODUCIBILITY/scripts/dev_neurogenesis_test.py,C:\Users\joesh\Documents\Codex\2026-08-02\files-mentioned-by-the-user-handoff\work\unified-mechanics-monograph\04 REPRODUCIBILITY\scripts\dev_neurogenesis_test.py
MONOGRAPH,04 REPRODUCIBILITY/scripts/distance_from_the_line.py,MONOGRAPH/04 REPRODUCIBILITY/scripts/distance_from_the_line.py,.py,2772,2026-08-01T14:49:17.694511+00:00,d2a4fd17d5b503af85a0af98b4d3220691681038912b3c66fbf010e1a484ac60,True,1,MONOGRAPH/04 REPRODUCIBILITY/scripts/distance_from_the_line.py,C:\Users\joesh\Documents\Codex\2026-08-02\files-mentioned-by-the-user-handoff\work\unified-mechanics-monograph\04 REPRODUCIBILITY\scripts\distance_from_the_line.py
MONOGRAPH,04 REPRODUCIBILITY/scripts/e8_golden_tests.py,MONOGRAPH/04 REPRODUCIBILITY/scripts/e8_golden_tests.py,.py,4158,2026-08-01T14:49:17.695512+00:00,b58b8502ccc29e4be2d45f725a5085ba8ff65d8440f41de3f36dd8b9b94da42c,True,1,MONOGRAPH/04 REPRODUCIBILITY/scripts/e8_golden_tests.py,C:\Users\joesh\Documents\Codex\2026-08-02\files-mentioned-by-the-user-handoff\work\unified-mechanics-monograph\04 REPRODUCIBILITY\scripts\e8_golden_tests.py
MONOGRAPH,04 REPRODUCIBILITY/scripts/families.py,MONOGRAPH/04 REPRODUCIBILITY/scripts/families.py,.py,5168,2026-08-01T14:49:17.696512+00:00,01810f9be0ee873c78ca540ce2122bcb29fbf1f10dbd62eec47e5a902783f5bd,True,1,MONOGRAPH/04 REPRODUCIBILITY/scripts/families.py,C:\Users\joesh\Documents\Codex\2026-08-02\files-mentioned-by-the-user-handoff\work\unified-mechanics-monograph\04 REPRODUCIBILITY\scripts\families.py
MONOGRAPH,04 REPRODUCIBILITY/scripts/forcing_the_rest.py,MONOGRAPH/04 REPRODUCIBILITY/scripts/forcing_the_rest.py,.py,8110,2026-08-01T14:49:17.697414+00:00,82ca09666f8c6f67d72a11ea461f34acb961cc6fe67eab3ed1cf8b362ce69fd6,True,1,MONOGRAPH/04 REPRODUCIBILITY/scripts/forcing_the_rest.py,C:\Users\joesh\Documents\Codex\2026-08-02\files-mentioned-by-the-user-handoff\work\unified-mechanics-monograph\04 REPRODUCIBILITY\scripts\forcing_the_rest.py
MONOGRAPH,04 REPRODUCIBILITY/scripts/hydrogen_closure.py,MONOGRAPH/04 REPRODUCIBILITY/scripts/hydrogen_closure.py,.py,4096,2026-08-01T14:49:17.698927+00:00,eb8f51916d9908066032107e62bfa59ea1b0351dd9918c13f72d5c33d9218187,True,1,MONOGRAPH/04 REPRODUCIBILITY/scripts/hydrogen_closure.py,C:\Users\joesh\Documents\Codex\2026-08-02\files-mentioned-by-the-user-handoff\work\unified-mechanics-monograph\04 REPRODUCIBILITY\scripts\hydrogen_closure.py
MONOGRAPH,04 REPRODUCIBILITY/scripts/interface_integral_test.py,MONOGRAPH/04 REPRODUCIBILITY/scripts/interface_integral_test.py,.py,3469,2026-08-01T14:49:17.699462+00:00,256cf4457e26182af1025a8511bfa7f27c6be5fe7ba5c545d902672ee0d875a0,True,1,MONOGRAPH/04 REPRODUCIBILITY/scripts/interface_integral_test.py,C:\Users\joesh\Documents\Codex\2026-08-02\files-mentioned-by-the-user-handoff\work\unified-mechanics-monograph\04 REPRODUCIBILITY\scripts\interface_integral_test.py
MONOGRAPH,04 REPRODUCIBILITY/scripts/lagrangian.py,MONOGRAPH/04 REPRODUCIBILITY/scripts/lagrangian.py,.py,4940,2026-08-01T14:49:17.700463+00:00,2e6267fce3fdba686912839d89cb5c3a00889328ebe1fca5a4f769aa46c7889d,True,1,MONOGRAPH/04 REPRODUCIBILITY/scripts/lagrangian.py,C:\Users\joesh\Documents\Codex\2026-08-02\files-mentioned-by-the-user-handoff\work\unified-mechanics-monograph\04 REPRODUCIBILITY\scripts\lagrangian.py
MONOGRAPH,04 REPRODUCIBILITY/scripts/matter_action.py,MONOGRAPH/04 REPRODUCIBILITY/scripts/matter_action.py,.py,10215,2026-08-01T14:49:17.701462+00:00,1e0cc1d54c574b31d5b5f0183804cbd90eac9fe94f7295f940599ffd239cba3c,True,1,MONOGRAPH/04 REPRODUCIBILITY/scripts/matter_action.py,C:\Users\joesh\Documents\Codex\2026-08-02\files-mentioned-by-the-user-handoff\work\unified-mechanics-monograph\04 REPRODUCIBILITY\scripts\matter_action.py
MONOGRAPH,04 REPRODUCIBILITY/scripts/neuro_avalanche_test.py,MONOGRAPH/04 REPRODUCIBILITY/scripts/neuro_avalanche_test.py,.py,2460,2026-08-01T14:49:17.702463+00:00,152be0f6bc91af9afcf3db4ed419aaf3e24910e5307495591c1a0fc95e3602bf,True,1,MONOGRAPH/04 REPRODUCIBILITY/scripts/neuro_avalanche_test.py,C:\Users\joesh\Documents\Codex\2026-08-02\files-mentioned-by-the-user-handoff\work\unified-mechanics-monograph\04 REPRODUCIBILITY\scripts\neuro_avalanche_test.py
MONOGRAPH,04 REPRODUCIBILITY/scripts/o1_closure.py,MONOGRAPH/04 REPRODUCIBILITY/scripts/o1_closure.py,.py,7142,2026-08-01T14:49:17.702962+00:00,72d43905e3d0739937a73e27c61070129281390b37ae0e9c98fe5e577919ebab,True,1,MONOGRAPH/04 REPRODUCIBILITY/scripts/o1_closure.py,C:\Users\joesh\Documents\Codex\2026-08-02\files-mentioned-by-the-user-handoff\work\unified-mechanics-monograph\04 REPRODUCIBILITY\scripts\o1_closure.py
MONOGRAPH,04 REPRODUCIBILITY/scripts/o1_o3_representation.py,MONOGRAPH/04 REPRODUCIBILITY/scripts/o1_o3_representation.py,.py,5592,2026-08-01T14:49:17.703963+00:00,79df9eea7ca4dc8ca9b2199049afe85f72e2a931267e8eaf76f04fea4305b936,True,1,MONOGRAPH/04 REPRODUCIBILITY/scripts/o1_o3_representation.py,C:\Users\joesh\Documents\Codex\2026-08-02\files-mentioned-by-the-user-handoff\work\unified-mechanics-monograph\04 REPRODUCIBILITY\scripts\o1_o3_representation.py
MONOGRAPH,04 REPRODUCIBILITY/scripts/o2_elimination.py,MONOGRAPH/04 REPRODUCIBILITY/scripts/o2_elimination.py,.py,5532,2026-08-01T14:49:17.704463+00:00,8c9ca1537f3c0fa6c8879b52f6566f33dda38d6848459f370793696337a99e6b,True,1,MONOGRAPH/04 REPRODUCIBILITY/scripts/o2_elimination.py,C:\Users\joesh\Documents\Codex\2026-08-02\files-mentioned-by-the-user-handoff\work\unified-mechanics-monograph\04 REPRODUCIBILITY\scripts\o2_elimination.py
MONOGRAPH,04 REPRODUCIBILITY/scripts/o2_surviving_block.py,MONOGRAPH/04 REPRODUCIBILITY/scripts/o2_surviving_block.py,.py,6162,2026-08-01T14:49:17.706029+00:00,f3eee84bcf146564d3cb32732c6c4e77415f3cbddf376850781d0cb8d38af9ff,True,1,MONOGRAPH/04 REPRODUCIBILITY/scripts/o2_surviving_block.py,C:\Users\joesh\Documents\Codex\2026-08-02\files-mentioned-by-the-user-handoff\work\unified-mechanics-monograph\04 REPRODUCIBILITY\scripts\o2_surviving_block.py
MONOGRAPH,04 REPRODUCIBILITY/scripts/o4_carrier_closure.py,MONOGRAPH/04 REPRODUCIBILITY/scripts/o4_carrier_closure.py,.py,6437,2026-08-01T14:49:17.707179+00:00,0d24c463fc890d9d01f7d55c82263b21298f0d5a56a32db5ae45288880a03194,True,1,MONOGRAPH/04 REPRODUCIBILITY/scripts/o4_carrier_closure.py,C:\Users\joesh\Documents\Codex\2026-08-02\files-mentioned-by-the-user-handoff\work\unified-mechanics-monograph\04 REPRODUCIBILITY\scripts\o4_carrier_closure.py
MONOGRAPH,04 REPRODUCIBILITY/scripts/o5_o6_cosmology.py,MONOGRAPH/04 REPRODUCIBILITY/scripts/o5_o6_cosmology.py,.py,5398,2026-08-01T14:49:17.707678+00:00,1d99d934284f15f50f2d792622b85b31c008bf61bf0e0d682639526555da5399,True,1,MONOGRAPH/04 REPRODUCIBILITY/scripts/o5_o6_cosmology.py,C:\Users\joesh\Documents\Codex\2026-08-02\files-mentioned-by-the-user-handoff\work\unified-mechanics-monograph\04 REPRODUCIBILITY\scripts\o5_o6_cosmology.py
MONOGRAPH,04 REPRODUCIBILITY/scripts/o6_dark_energy_audit.py,MONOGRAPH/04 REPRODUCIBILITY/scripts/o6_dark_energy_audit.py,.py,5116,2026-08-01T14:49:17.708679+00:00,a12c5368bef803a06bd9b87050cbd057d40cdb975b1c899282b14e888cdc9feb,True,1,MONOGRAPH/04 REPRODUCIBILITY/scripts/o6_dark_energy_audit.py,C:\Users\joesh\Documents\Codex\2026-08-02\files-mentioned-by-the-user-handoff\work\unified-mechanics-monograph\04 REPRODUCIBILITY\scripts\o6_dark_energy_audit.py
MONOGRAPH,04 REPRODUCIBILITY/scripts/sgz_balanced_turnover_test.py,MONOGRAPH/04 REPRODUCIBILITY/scripts/sgz_balanced_turnover_test.py,.py,1528,2026-08-01T14:49:17.709178+00:00,2bfd2586b3919c1e74a1511fedd602f9796af7b9413110c857dd1981d54a88c9,True,1,MONOGRAPH/04 REPRODUCIBILITY/scripts/sgz_balanced_turnover_test.py,C:\Users\joesh\Documents\Codex\2026-08-02\files-mentioned-by-the-user-handoff\work\unified-mechanics-monograph\04 REPRODUCIBILITY\scripts\sgz_balanced_turnover_test.py
MONOGRAPH,04 REPRODUCIBILITY/scripts/sparc_test.py,MONOGRAPH/04 REPRODUCIBILITY/scripts/sparc_test.py,.py,7743,2026-08-01T14:49:17.710178+00:00,04ca5598352e86053bfc3cf1c9aaacce139fd17527f1c96136bb05dddb6989a3,True,1,MONOGRAPH/04 REPRODUCIBILITY/scripts/sparc_test.py,C:\Users\joesh\Documents\Codex\2026-08-02\files-mentioned-by-the-user-handoff\work\unified-mechanics-monograph\04 REPRODUCIBILITY\scripts\sparc_test.py
MONOGRAPH,04 REPRODUCIBILITY/scripts/validate_dependencies.py,MONOGRAPH/04 REPRODUCIBILITY/scripts/validate_dependencies.py,.py,6407,2026-08-01T14:49:17.711484+00:00,c429e4dd9babcd63ad539e5e2b872eea78a07e6cbf087baf9fed7d6b16963b12,True,1,MONOGRAPH/04 REPRODUCIBILITY/scripts/validate_dependencies.py,C:\Users\joesh\Documents\Codex\2026-08-02\files-mentioned-by-the-user-handoff\work\unified-mechanics-monograph\04 REPRODUCIBILITY\scripts\validate_dependencies.py
MONOGRAPH,05 TRAVERSAL PAPERS/00 The Retained Fraction and the Discarded Half.docx,MONOGRAPH/05 TRAVERSAL PAPERS/00 The Retained Fraction and the Discarded Half.docx,.docx,14560,2026-08-01T14:49:17.712595+00:00,79db23a673b6df9c9bd262ba225c1b05a0d892fcefe99876b705b08613d3ddf8,True,1,MONOGRAPH/05 TRAVERSAL PAPERS/00 The Retained Fraction and the Discarded Half.docx,C:\Users\joesh\Documents\Codex\2026-08-02\files-mentioned-by-the-user-handoff\work\unified-mechanics-monograph\05 TRAVERSAL PAPERS\00 The Retained Fraction and the Discarded Half.docx
MONOGRAPH,05 TRAVERSAL PAPERS/00 The Retained Fraction and the Discarded Half.pdf,MONOGRAPH/05 TRAVERSAL PAPERS/00 The Retained Fraction and the Discarded Half.pdf,.pdf,75389,2026-08-01T14:49:17.714100+00:00,4d83a08442d56e28a18d5d8eed73706f160f0683468459eea0a51d3ebe3f7f2b,True,1,MONOGRAPH/05 TRAVERSAL PAPERS/00 The Retained Fraction and the Discarded Half.pdf,C:\Users\joesh\Documents\Codex\2026-08-02\files-mentioned-by-the-user-handoff\work\unified-mechanics-monograph\05 TRAVERSAL PAPERS\00 The Retained Fraction and the Discarded Half.pdf
MONOGRAPH,05 TRAVERSAL PAPERS/01 The Depth of Traversal (Consolidated).docx,MONOGRAPH/05 TRAVERSAL PAPERS/01 The Depth of Traversal (Consolidated).docx,.docx,224147,2026-08-01T14:49:17.715600+00:00,c3cd55df595ff92f86e74aa68873d0bebac160b3e1ffcb2a626e05104e44113d,True,2,MONOGRAPH/05 TRAVERSAL PAPERS/01 The Depth of Traversal (Consolidated).docx,C:\Users\joesh\Documents\Codex\2026-08-02\files-mentioned-by-the-user-handoff\work\unified-mechanics-monograph\05 TRAVERSAL PAPERS\01 The Depth of Traversal (Consolidated).docx
MONOGRAPH,05 TRAVERSAL PAPERS/01 The Depth of Traversal (Consolidated).pdf,MONOGRAPH/05 TRAVERSAL PAPERS/01 The Depth of Traversal (Consolidated).pdf,.pdf,315494,2026-08-01T14:49:17.717600+00:00,ceaf95e27b4962ec68380c508c7d3eefb3bef1ee27aadee9f65447dae68efa13,True,1,MONOGRAPH/05 TRAVERSAL PAPERS/01 The Depth of Traversal (Consolidated).pdf,C:\Users\joesh\Documents\Codex\2026-08-02\files-mentioned-by-the-user-handoff\work\unified-mechanics-monograph\05 TRAVERSAL PAPERS\01 The Depth of Traversal (Consolidated).pdf
MONOGRAPH,05 TRAVERSAL PAPERS/02 The Rate Across the Scale.docx,MONOGRAPH/05 TRAVERSAL PAPERS/02 The Rate Across the Scale.docx,.docx,429475,2026-08-01T14:49:17.719807+00:00,dbbff3bf2383704fe81e0a25b1414bbaa2a3ca34914c005a1fe47492a37cb559,True,2,MONOGRAPH/05 TRAVERSAL PAPERS/02 The Rate Across the Scale.docx,C:\Users\joesh\Documents\Codex\2026-08-02\files-mentioned-by-the-user-handoff\work\unified-mechanics-monograph\05 TRAVERSAL PAPERS\02 The Rate Across the Scale.docx
MONOGRAPH,05 TRAVERSAL PAPERS/02 The Rate Across the Scale.pdf,MONOGRAPH/05 TRAVERSAL PAPERS/02 The Rate Across the Scale.pdf,.pdf,569875,2026-08-01T14:49:17.723644+00:00,7a7212b8b5e215ffafdadec8ee36ed4bcd54396edb23fab4137891f61a8f4675,True,1,MONOGRAPH/05 TRAVERSAL PAPERS/02 The Rate Across the Scale.pdf,C:\Users\joesh\Documents\Codex\2026-08-02\files-mentioned-by-the-user-handoff\work\unified-mechanics-monograph\05 TRAVERSAL PAPERS\02 The Rate Across the Scale.pdf
MONOGRAPH,05 TRAVERSAL PAPERS/03 From Chiral Wave Evolution to the Principle of Logical Action.docx,MONOGRAPH/05 TRAVERSAL PAPERS/03 From Chiral Wave Evolution to the Principle of Logical Action.docx,.docx,142817,2026-08-01T14:49:17.724936+00:00,63bc9eb09444c9faa5b57a59a7a2f43d6150cd5254dcf90b36274c3cd704d814,True,2,MONOGRAPH/05 TRAVERSAL PAPERS/03 From Chiral Wave Evolution to the Principle of Logical Action.docx,C:\Users\joesh\Documents\Codex\2026-08-02\files-mentioned-by-the-user-handoff\work\unified-mechanics-monograph\05 TRAVERSAL PAPERS\03 From Chiral Wave Evolution to the Principle of Logical Action.docx
MONOGRAPH,05 TRAVERSAL PAPERS/03 From Chiral Wave Evolution to the Principle of Logical Action.pdf,MONOGRAPH/05 TRAVERSAL PAPERS/03 From Chiral Wave Evolution to the Principle of Logical Action.pdf,.pdf,258733,2026-08-01T14:49:17.726784+00:00,86cbdba9016dd58508c9b08c3296cd64fc8f4c38358af22612cfab5f44dae27d,True,1,MONOGRAPH/05 TRAVERSAL PAPERS/03 From Chiral Wave Evolution to the Principle of Logical Action.pdf,C:\Users\joesh\Documents\Codex\2026-08-02\files-mentioned-by-the-user-handoff\work\unified-mechanics-monograph\05 TRAVERSAL PAPERS\03 From Chiral Wave Evolution to the Principle of Logical Action.pdf
MONOGRAPH,05 TRAVERSAL PAPERS/04 Least-Cost Holonomy and Co-Distinction Fields.docx,MONOGRAPH/05 TRAVERSAL PAPERS/04 Least-Cost Holonomy and Co-Distinction Fields.docx,.docx,1823502,2026-08-01T14:49:17.731878+00:00,04c31a0877803aeb6c9203754f42b70963b53993e88abbc78eb751ea3ec5e3f4,True,7,MONOGRAPH/05 TRAVERSAL PAPERS/04 Least-Cost Holonomy and Co-Distinction Fields.docx,C:\Users\joesh\Documents\Codex\2026-08-02\files-mentioned-by-the-user-handoff\work\unified-mechanics-monograph\05 TRAVERSAL PAPERS\04 Least-Cost Holonomy and Co-Distinction Fields.docx
MONOGRAPH,05 TRAVERSAL PAPERS/04 Least-Cost Holonomy and Co-Distinction Fields.pdf,MONOGRAPH/05 TRAVERSAL PAPERS/04 Least-Cost Holonomy and Co-Distinction Fields.pdf,.pdf,736431,2026-08-01T14:49:17.736396+00:00,2e3956593058d8b020942c8b72497539da15add5c851950900d93f779a3f8bc6,True,1,MONOGRAPH/05 TRAVERSAL PAPERS/04 Least-Cost Holonomy and Co-Distinction Fields.pdf,C:\Users\joesh\Documents\Codex\2026-08-02\files-mentioned-by-the-user-handoff\work\unified-mechanics-monograph\05 TRAVERSAL PAPERS\04 Least-Cost Holonomy and Co-Distinction Fields.pdf
MONOGRAPH,05 TRAVERSAL PAPERS/05 The Source Sector.docx,MONOGRAPH/05 TRAVERSAL PAPERS/05 The Source Sector.docx,.docx,23368,2026-08-01T14:49:17.736896+00:00,1dc635ea1167a3f3314f8c4913c70c7cfe77e12687ae11829ece17d045d45d7e,True,2,MONOGRAPH/05 TRAVERSAL PAPERS/05 The Source Sector.docx,C:\Users\joesh\Documents\Codex\2026-08-02\files-mentioned-by-the-user-handoff\work\unified-mechanics-monograph\05 TRAVERSAL PAPERS\05 The Source Sector.docx
MONOGRAPH,05 TRAVERSAL PAPERS/05 The Source Sector.pdf,MONOGRAPH/05 TRAVERSAL PAPERS/05 The Source Sector.pdf,.pdf,131198,2026-08-01T14:49:17.738396+00:00,cb608005ec8f2a6401f57cec17c189f5c902c20d61b9ad62f868efce322e5e4e,True,1,MONOGRAPH/05 TRAVERSAL PAPERS/05 The Source Sector.pdf,C:\Users\joesh\Documents\Codex\2026-08-02\files-mentioned-by-the-user-handoff\work\unified-mechanics-monograph\05 TRAVERSAL PAPERS\05 The Source Sector.pdf
MONOGRAPH,05 TRAVERSAL PAPERS/Superseded drafts/Geometric Lift of Negative Holographic Evolution.docx,MONOGRAPH/05 TRAVERSAL PAPERS/Superseded drafts/Geometric Lift of Negative Holographic Evolution.docx,.docx,143638,2026-08-01T14:49:17.739896+00:00,528803ede7701f98c0aebe41ee8892e8ced8fb1b1f48a0efad2518d418e74186,False,8,MONOGRAPH/06 HELICAL RELATIVITY/01 THE FIELD/Geometric_Lift_of_Negative_Holographic_Evolution_Joseph_Shields.docx,C:\Users\joesh\Documents\Codex\2026-08-02\files-mentioned-by-the-user-handoff\work\unified-mechanics-monograph\05 TRAVERSAL PAPERS\Superseded drafts\Geometric Lift of Negative Holographic Evolution.docx
MONOGRAPH,"05 TRAVERSAL PAPERS/Superseded drafts/The Depth of Traversal (original, Godel only).docx","MONOGRAPH/05 TRAVERSAL PAPERS/Superseded drafts/The Depth of Traversal (original, Godel only).docx",.docx,150605,2026-08-01T14:49:17.741397+00:00,235e1f4e25eebe20e67ba2144e1abfc38425dcd77b7fa65e8852c8bf16531b6b,False,2,SCI/dl papers/The_Depth_of_Traversal_Joseph_Shields.docx,"C:\Users\joesh\Documents\Codex\2026-08-02\files-mentioned-by-the-user-handoff\work\unified-mechanics-monograph\05 TRAVERSAL PAPERS\Superseded drafts\The Depth of Traversal (original, Godel only).docx"
MONOGRAPH,05 TRAVERSAL PAPERS/Superseded drafts/Traversal Depth Across the AdS-CFT Domain.docx,MONOGRAPH/05 TRAVERSAL PAPERS/Superseded drafts/Traversal Depth Across the AdS-CFT Domain.docx,.docx,149790,2026-08-01T14:49:17.742449+00:00,b110f68a0d2d0e5c40db2459c03579b8fe75e76d83940d8a5e9c05e78c175c31,False,2,SCI/dl papers/Traversal_Depth_Across_AdS_CFT_Joseph_Shields_Revised.docx,C:\Users\joesh\Documents\Codex\2026-08-02\files-mentioned-by-the-user-handoff\work\unified-mechanics-monograph\05 TRAVERSAL PAPERS\Superseded drafts\Traversal Depth Across the AdS-CFT Domain.docx
MONOGRAPH,06 HELICAL RELATIVITY/00 START HERE/01 README.md,MONOGRAPH/06 HELICAL RELATIVITY/00 START HERE/01 README.md,.md,3084,2026-08-01T14:49:17.743501+00:00,f6abf5322ac7d9faa4ed1d04e3d5be28dda9a4675463310166a2da8ee7f7e29c,True,1,MONOGRAPH/06 HELICAL RELATIVITY/00 START HERE/01 README.md,C:\Users\joesh\Documents\Codex\2026-08-02\files-mentioned-by-the-user-handoff\work\unified-mechanics-monograph\06 HELICAL RELATIVITY\00 START HERE\01 README.md
MONOGRAPH,06 HELICAL RELATIVITY/00 START HERE/02 STANDING ACCOUNT.md,MONOGRAPH/06 HELICAL RELATIVITY/00 START HERE/02 STANDING ACCOUNT.md,.md,15158,2026-08-01T14:49:17.744000+00:00,9d8ba77fac84386ff91439c4fa5c4096d61dc7ca7aa2035361c12d42541d7c5b,True,4,MONOGRAPH/06 HELICAL RELATIVITY/00 START HERE/02 STANDING ACCOUNT.md,C:\Users\joesh\Documents\Codex\2026-08-02\files-mentioned-by-the-user-handoff\work\unified-mechanics-monograph\06 HELICAL RELATIVITY\00 START HERE\02 STANDING ACCOUNT.md
MONOGRAPH,06 HELICAL RELATIVITY/00 START HERE/03 OPEN LEDGER ADDITIONS.md,MONOGRAPH/06 HELICAL RELATIVITY/00 START HERE/03 OPEN LEDGER ADDITIONS.md,.md,6941,2026-08-01T14:49:17.745181+00:00,7ac0bae35c3f244a7bc38ab44984b4c2b8f0b587e568e89e26bf0d833b7715a1,True,1,MONOGRAPH/06 HELICAL RELATIVITY/00 START HERE/03 OPEN LEDGER ADDITIONS.md,C:\Users\joesh\Documents\Codex\2026-08-02\files-mentioned-by-the-user-handoff\work\unified-mechanics-monograph\06 HELICAL RELATIVITY\00 START HERE\03 OPEN LEDGER ADDITIONS.md
MONOGRAPH,06 HELICAL RELATIVITY/00 START HERE/04 SHA256SUMS.txt,MONOGRAPH/06 HELICAL RELATIVITY/00 START HERE/04 SHA256SUMS.txt,.txt,30252,2026-08-01T14:49:17.745181+00:00,f8ae94237899e324fcf39ab651853f6fc92135f285014c6447ef9b8158442766,True,2,MONOGRAPH/06 HELICAL RELATIVITY/00 START HERE/04 SHA256SUMS.txt,C:\Users\joesh\Documents\Codex\2026-08-02\files-mentioned-by-the-user-handoff\work\unified-mechanics-monograph\06 HELICAL RELATIVITY\00 START HERE\04 SHA256SUMS.txt
MONOGRAPH,06 HELICAL RELATIVITY/00 START HERE/05 LEAN BUILD NOTE.md,MONOGRAPH/06 HELICAL RELATIVITY/00 START HERE/05 LEAN BUILD NOTE.md,.md,2802,2026-08-01T14:49:17.746684+00:00,639824ff285e8c416f8ab41f127e27de230e82d6d2ee0da27cdc221b5d7186b9,True,1,MONOGRAPH/06 HELICAL RELATIVITY/00 START HERE/05 LEAN BUILD NOTE.md,C:\Users\joesh\Documents\Codex\2026-08-02\files-mentioned-by-the-user-handoff\work\unified-mechanics-monograph\06 HELICAL RELATIVITY\00 START HERE\05 LEAN BUILD NOTE.md
MONOGRAPH,06 HELICAL RELATIVITY/01 THE FIELD/Geometric_Lift_of_Negative_Holographic_Evolution_Joseph_Shields.docx,MONOGRAPH/06 HELICAL RELATIVITY/01 THE FIELD/Geometric_Lift_of_Negative_Holographic_Evolution_Joseph_Shields.docx,.docx,143638,2026-08-01T14:49:17.748184+00:00,528803ede7701f98c0aebe41ee8892e8ced8fb1b1f48a0efad2518d418e74186,True,8,MONOGRAPH/06 HELICAL RELATIVITY/01 THE FIELD/Geometric_Lift_of_Negative_Holographic_Evolution_Joseph_Shields.docx,C:\Users\joesh\Documents\Codex\2026-08-02\files-mentioned-by-the-user-handoff\work\unified-mechanics-monograph\06 HELICAL RELATIVITY\01 THE FIELD\Geometric_Lift_of_Negative_Holographic_Evolution_Joseph_Shields.docx
MONOGRAPH,06 HELICAL RELATIVITY/01 THE FIELD/Least_Cost_Holonomy_and_CoDistinction_Fields_Joseph_Shields_FORMALISED.docx,MONOGRAPH/06 HELICAL RELATIVITY/01 THE FIELD/Least_Cost_Holonomy_and_CoDistinction_Fields_Joseph_Shields_FORMALISED.docx,.docx,1823502,2026-08-01T14:49:17.753185+00:00,04c31a0877803aeb6c9203754f42b70963b53993e88abbc78eb751ea3ec5e3f4,False,7,MONOGRAPH/05 TRAVERSAL PAPERS/04 Least-Cost Holonomy and Co-Distinction Fields.docx,C:\Users\joesh\Documents\Codex\2026-08-02\files-mentioned-by-the-user-handoff\work\unified-mechanics-monograph\06 HELICAL RELATIVITY\01 THE FIELD\Least_Cost_Holonomy_and_CoDistinction_Fields_Joseph_Shields_FORMALISED.docx
MONOGRAPH,06 HELICAL RELATIVITY/01 THE FIELD/The Bubble Field(1).md,MONOGRAPH/06 HELICAL RELATIVITY/01 THE FIELD/The Bubble Field(1).md,.md,18540,2026-08-01T14:49:17.754252+00:00,4d4c993918b0d4f394339add9f9228c03ea1a62d62df298158f38f4ab97fe32f,True,4,MONOGRAPH/06 HELICAL RELATIVITY/01 THE FIELD/The Bubble Field(1).md,C:\Users\joesh\Documents\Codex\2026-08-02\files-mentioned-by-the-user-handoff\work\unified-mechanics-monograph\06 HELICAL RELATIVITY\01 THE FIELD\The Bubble Field(1).md
MONOGRAPH,06 HELICAL RELATIVITY/01 THE FIELD/The_Bubble_Field_Mathematical_Field_Edition_Joseph_Shields.docx,MONOGRAPH/06 HELICAL RELATIVITY/01 THE FIELD/The_Bubble_Field_Mathematical_Field_Edition_Joseph_Shields.docx,.docx,595980,2026-08-01T14:49:17.756656+00:00,ec0b4b78e23c67dfa5ddf17a3a829df12fd5446e93ade1afb6dc6d5016f6e0bf,True,5,MONOGRAPH/06 HELICAL RELATIVITY/01 THE FIELD/The_Bubble_Field_Mathematical_Field_Edition_Joseph_Shields.docx,C:\Users\joesh\Documents\Codex\2026-08-02\files-mentioned-by-the-user-handoff\work\unified-mechanics-monograph\06 HELICAL RELATIVITY\01 THE FIELD\The_Bubble_Field_Mathematical_Field_Edition_Joseph_Shields.docx
MONOGRAPH,06 HELICAL RELATIVITY/01 THE FIELD/Universal_Field_of_Least_Action_Complete_Programme_Joseph_Shields.docx,MONOGRAPH/06 HELICAL RELATIVITY/01 THE FIELD/Universal_Field_of_Least_Action_Complete_Programme_Joseph_Shields.docx,.docx,3897332,2026-08-01T14:49:17.767330+00:00,6aa342f52f2fa0c26497520043297384b26a77786e71a549ce4153becb2efeea,True,5,MONOGRAPH/06 HELICAL RELATIVITY/01 THE FIELD/Universal_Field_of_Least_Action_Complete_Programme_Joseph_Shields.docx,C:\Users\joesh\Documents\Codex\2026-08-02\files-mentioned-by-the-user-handoff\work\unified-mechanics-monograph\06 HELICAL RELATIVITY\01 THE FIELD\Universal_Field_of_Least_Action_Complete_Programme_Joseph_Shields.docx
MONOGRAPH,06 HELICAL RELATIVITY/02 COMPUTATIONS/audit_closure_attack.py,MONOGRAPH/06 HELICAL RELATIVITY/02 COMPUTATIONS/audit_closure_attack.py,.py,14186,2026-08-01T14:49:17.769404+00:00,aad79524d925f873cea06d57a0403036f662a83ef9680144c2bda8bc1ee3ba7f,True,2,MONOGRAPH/06 HELICAL RELATIVITY/02 COMPUTATIONS/audit_closure_attack.py,C:\Users\joesh\Documents\Codex\2026-08-02\files-mentioned-by-the-user-handoff\work\unified-mechanics-monograph\06 HELICAL RELATIVITY\02 COMPUTATIONS\audit_closure_attack.py
MONOGRAPH,06 HELICAL RELATIVITY/02 COMPUTATIONS/audit_closure_attack_results.json,MONOGRAPH/06 HELICAL RELATIVITY/02 COMPUTATIONS/audit_closure_attack_results.json,.json,2110,2026-08-01T14:49:17.770300+00:00,b5d7480d40c8f73e2702518ba64baea833d7b3dd46848c917f2e17b9fb946022,True,2,MONOGRAPH/06 HELICAL RELATIVITY/02 COMPUTATIONS/audit_closure_attack_results.json,C:\Users\joesh\Documents\Codex\2026-08-02\files-mentioned-by-the-user-handoff\work\unified-mechanics-monograph\06 HELICAL RELATIVITY\02 COMPUTATIONS\audit_closure_attack_results.json
MONOGRAPH,06 HELICAL RELATIVITY/02 COMPUTATIONS/bubble_field.py,MONOGRAPH/06 HELICAL RELATIVITY/02 COMPUTATIONS/bubble_field.py,.py,19312,2026-08-01T14:49:17.771801+00:00,cf2e3c3f1b2c1c07494795b07b0e77a2a93d92678f91505cfa1765d7459d59b2,True,4,MONOGRAPH/06 HELICAL RELATIVITY/02 COMPUTATIONS/bubble_field.py,C:\Users\joesh\Documents\Codex\2026-08-02\files-mentioned-by-the-user-handoff\work\unified-mechanics-monograph\06 HELICAL RELATIVITY\02 COMPUTATIONS\bubble_field.py
MONOGRAPH,06 HELICAL RELATIVITY/02 COMPUTATIONS/bubble_field_closure_attack.py,MONOGRAPH/06 HELICAL RELATIVITY/02 COMPUTATIONS/bubble_field_closure_attack.py,.py,21666,2026-08-01T14:49:17.773801+00:00,0fd213ef2b5886921a14fc099000f71b3fd1d4c88ce51143eec0b0d28b36e2bd,True,2,MONOGRAPH/06 HELICAL RELATIVITY/02 COMPUTATIONS/bubble_field_closure_attack.py,C:\Users\joesh\Documents\Codex\2026-08-02\files-mentioned-by-the-user-handoff\work\unified-mechanics-monograph\06 HELICAL RELATIVITY\02 COMPUTATIONS\bubble_field_closure_attack.py
MONOGRAPH,06 HELICAL RELATIVITY/02 COMPUTATIONS/bubble_field_closure_attack_results.json,MONOGRAPH/06 HELICAL RELATIVITY/02 COMPUTATIONS/bubble_field_closure_attack_results.json,.json,8878,2026-08-01T14:49:17.774870+00:00,37cffae7f669de33605fe309aa9feff9c3d67b422bc95dcae436cedc7d805da7,True,2,MONOGRAPH/06 HELICAL RELATIVITY/02 COMPUTATIONS/bubble_field_closure_attack_results.json,C:\Users\joesh\Documents\Codex\2026-08-02\files-mentioned-by-the-user-handoff\work\unified-mechanics-monograph\06 HELICAL RELATIVITY\02 COMPUTATIONS\bubble_field_closure_attack_results.json
MONOGRAPH,06 HELICAL RELATIVITY/02 COMPUTATIONS/bubble_field_compression_boundary.py,MONOGRAPH/06 HELICAL RELATIVITY/02 COMPUTATIONS/bubble_field_compression_boundary.py,.py,14668,2026-08-01T14:49:17.775369+00:00,4387ccb3a925f11184c7b43eb01da12be8d11ae3ee5918d53b4e155656cd776e,True,5,MONOGRAPH/06 HELICAL RELATIVITY/02 COMPUTATIONS/bubble_field_compression_boundary.py,C:\Users\joesh\Documents\Codex\2026-08-02\files-mentioned-by-the-user-handoff\work\unified-mechanics-monograph\06 HELICAL RELATIVITY\02 COMPUTATIONS\bubble_field_compression_boundary.py
MONOGRAPH,06 HELICAL RELATIVITY/02 COMPUTATIONS/bubble_field_compression_boundary_map.png,MONOGRAPH/06 HELICAL RELATIVITY/02 COMPUTATIONS/bubble_field_compression_boundary_map.png,.png,175885,2026-08-01T14:49:17.777032+00:00,256da9b3f31827826ee694d877628648f167bd00cbeb34cc42cc526022de7be3,True,5,MONOGRAPH/06 HELICAL RELATIVITY/02 COMPUTATIONS/bubble_field_compression_boundary_map.png,C:\Users\joesh\Documents\Codex\2026-08-02\files-mentioned-by-the-user-handoff\work\unified-mechanics-monograph\06 HELICAL RELATIVITY\02 COMPUTATIONS\bubble_field_compression_boundary_map.png
MONOGRAPH,06 HELICAL RELATIVITY/02 COMPUTATIONS/bubble_field_compression_boundary_results.json,MONOGRAPH/06 HELICAL RELATIVITY/02 COMPUTATIONS/bubble_field_compression_boundary_results.json,.json,7528,2026-08-01T14:49:17.777555+00:00,a094545536dd57f5da0ebe23802bd34319727a1d2de26561797c62dbd16cd73c,True,5,MONOGRAPH/06 HELICAL RELATIVITY/02 COMPUTATIONS/bubble_field_compression_boundary_results.json,C:\Users\joesh\Documents\Codex\2026-08-02\files-mentioned-by-the-user-handoff\work\unified-mechanics-monograph\06 HELICAL RELATIVITY\02 COMPUTATIONS\bubble_field_compression_boundary_results.json
MONOGRAPH,06 HELICAL RELATIVITY/02 COMPUTATIONS/bubble_field_G_bridge.png,MONOGRAPH/06 HELICAL RELATIVITY/02 COMPUTATIONS/bubble_field_G_bridge.png,.png,65652,2026-08-01T14:49:17.773301+00:00,0503db834c9e35d0ec0855b7f204b4cec81c5533af230717516caeb3f5871638,True,5,MONOGRAPH/06 HELICAL RELATIVITY/02 COMPUTATIONS/bubble_field_G_bridge.png,C:\Users\joesh\Documents\Codex\2026-08-02\files-mentioned-by-the-user-handoff\work\unified-mechanics-monograph\06 HELICAL RELATIVITY\02 COMPUTATIONS\bubble_field_G_bridge.png
MONOGRAPH,06 HELICAL RELATIVITY/02 COMPUTATIONS/bubble_field_lepton_candidate.png,MONOGRAPH/06 HELICAL RELATIVITY/02 COMPUTATIONS/bubble_field_lepton_candidate.png,.png,38442,2026-08-01T14:49:17.779125+00:00,4dc10afe3a10c03070c8787dfcd4915ddafe985aea92602aab5ee2ff56b8b4c5,True,5,MONOGRAPH/06 HELICAL RELATIVITY/02 COMPUTATIONS/bubble_field_lepton_candidate.png,C:\Users\joesh\Documents\Codex\2026-08-02\files-mentioned-by-the-user-handoff\work\unified-mechanics-monograph\06 HELICAL RELATIVITY\02 COMPUTATIONS\bubble_field_lepton_candidate.png
MONOGRAPH,06 HELICAL RELATIVITY/02 COMPUTATIONS/bubble_field_recovery_ledger.png,MONOGRAPH/06 HELICAL RELATIVITY/02 COMPUTATIONS/bubble_field_recovery_ledger.png,.png,152913,2026-08-01T14:49:17.780626+00:00,6ac10317ee8d87e07f8e179cf7854aaece12655cc4b79e0fa1169d14dfbd1371,True,5,MONOGRAPH/06 HELICAL RELATIVITY/02 COMPUTATIONS/bubble_field_recovery_ledger.png,C:\Users\joesh\Documents\Codex\2026-08-02\files-mentioned-by-the-user-handoff\work\unified-mechanics-monograph\06 HELICAL RELATIVITY\02 COMPUTATIONS\bubble_field_recovery_ledger.png
MONOGRAPH,06 HELICAL RELATIVITY/02 COMPUTATIONS/bubble_field_results.json,MONOGRAPH/06 HELICAL RELATIVITY/02 COMPUTATIONS/bubble_field_results.json,.json,2900,2026-08-01T14:49:17.781658+00:00,9b251287a266bf09b958202f02774c2cf01df6f05debc61dc0e6e8574739c890,True,2,MONOGRAPH/06 HELICAL RELATIVITY/02 COMPUTATIONS/bubble_field_results.json,C:\Users\joesh\Documents\Codex\2026-08-02\files-mentioned-by-the-user-handoff\work\unified-mechanics-monograph\06 HELICAL RELATIVITY\02 COMPUTATIONS\bubble_field_results.json
MONOGRAPH,06 HELICAL RELATIVITY/02 COMPUTATIONS/bubble_field_rigorous.py,MONOGRAPH/06 HELICAL RELATIVITY/02 COMPUTATIONS/bubble_field_rigorous.py,.py,14771,2026-08-01T14:49:17.782158+00:00,b1d99021645b90a427dec0dc595ade0d3ca9ddb198ba83974a0cba403456d210,True,2,MONOGRAPH/06 HELICAL RELATIVITY/02 COMPUTATIONS/bubble_field_rigorous.py,C:\Users\joesh\Documents\Codex\2026-08-02\files-mentioned-by-the-user-handoff\work\unified-mechanics-monograph\06 HELICAL RELATIVITY\02 COMPUTATIONS\bubble_field_rigorous.py
MONOGRAPH,06 HELICAL RELATIVITY/02 COMPUTATIONS/bubble_field_rigorous_profiles.png,MONOGRAPH/06 HELICAL RELATIVITY/02 COMPUTATIONS/bubble_field_rigorous_profiles.png,.png,195810,2026-08-01T14:49:17.784216+00:00,bd9508075c616ae4b477874ef231e14b0ef51a7ba96150a824fee70a0407a32a,True,5,MONOGRAPH/06 HELICAL RELATIVITY/02 COMPUTATIONS/bubble_field_rigorous_profiles.png,C:\Users\joesh\Documents\Codex\2026-08-02\files-mentioned-by-the-user-handoff\work\unified-mechanics-monograph\06 HELICAL RELATIVITY\02 COMPUTATIONS\bubble_field_rigorous_profiles.png
MONOGRAPH,06 HELICAL RELATIVITY/02 COMPUTATIONS/bubble_field_rigorous_results.json,MONOGRAPH/06 HELICAL RELATIVITY/02 COMPUTATIONS/bubble_field_rigorous_results.json,.json,3581,2026-08-01T14:49:17.784744+00:00,3d3886c903bc3091559b0be6b1f56588c48fd4d690e9bf2153584051c46169e8,True,2,MONOGRAPH/06 HELICAL RELATIVITY/02 COMPUTATIONS/bubble_field_rigorous_results.json,C:\Users\joesh\Documents\Codex\2026-08-02\files-mentioned-by-the-user-handoff\work\unified-mechanics-monograph\06 HELICAL RELATIVITY\02 COMPUTATIONS\bubble_field_rigorous_results.json
MONOGRAPH,06 HELICAL RELATIVITY/02 COMPUTATIONS/bubble_field_scale_ladder.png,MONOGRAPH/06 HELICAL RELATIVITY/02 COMPUTATIONS/bubble_field_scale_ladder.png,.png,73466,2026-08-01T14:49:17.786281+00:00,0e8cb5ef0330eed23b3ba970da5a1819c27a43f5f6b31714584d0981fe917dbf,True,5,MONOGRAPH/06 HELICAL RELATIVITY/02 COMPUTATIONS/bubble_field_scale_ladder.png,C:\Users\joesh\Documents\Codex\2026-08-02\files-mentioned-by-the-user-handoff\work\unified-mechanics-monograph\06 HELICAL RELATIVITY\02 COMPUTATIONS\bubble_field_scale_ladder.png
MONOGRAPH,06 HELICAL RELATIVITY/02 COMPUTATIONS/bubble_field_source_profiles.png,MONOGRAPH/06 HELICAL RELATIVITY/02 COMPUTATIONS/bubble_field_source_profiles.png,.png,125049,2026-08-01T14:49:17.787832+00:00,fdbc1ca8fcfe69b8d241fca24f13d6cc7eb4d7d0238d966a71c3cfb4b775384a,True,5,MONOGRAPH/06 HELICAL RELATIVITY/02 COMPUTATIONS/bubble_field_source_profiles.png,C:\Users\joesh\Documents\Codex\2026-08-02\files-mentioned-by-the-user-handoff\work\unified-mechanics-monograph\06 HELICAL RELATIVITY\02 COMPUTATIONS\bubble_field_source_profiles.png
MONOGRAPH,06 HELICAL RELATIVITY/02 COMPUTATIONS/colour_field_closure.py,MONOGRAPH/06 HELICAL RELATIVITY/02 COMPUTATIONS/colour_field_closure.py,.py,16440,2026-08-01T14:49:17.788879+00:00,8e57ca1457ce46bebff29fb54a7000ed1921738b5acab70e1286438340b87559,True,4,MONOGRAPH/06 HELICAL RELATIVITY/02 COMPUTATIONS/colour_field_closure.py,C:\Users\joesh\Documents\Codex\2026-08-02\files-mentioned-by-the-user-handoff\work\unified-mechanics-monograph\06 HELICAL RELATIVITY\02 COMPUTATIONS\colour_field_closure.py
MONOGRAPH,06 HELICAL RELATIVITY/02 COMPUTATIONS/colour_field_closure_results.json,MONOGRAPH/06 HELICAL RELATIVITY/02 COMPUTATIONS/colour_field_closure_results.json,.json,4617,2026-08-01T14:49:17.789439+00:00,da2bc849ebb70f0e490b1d46e7973ee41eb52b02e63a0794265f01ded1227365,True,2,MONOGRAPH/06 HELICAL RELATIVITY/02 COMPUTATIONS/colour_field_closure_results.json,C:\Users\joesh\Documents\Codex\2026-08-02\files-mentioned-by-the-user-handoff\work\unified-mechanics-monograph\06 HELICAL RELATIVITY\02 COMPUTATIONS\colour_field_closure_results.json
MONOGRAPH,06 HELICAL RELATIVITY/02 COMPUTATIONS/exercising_the_field.py,MONOGRAPH/06 HELICAL RELATIVITY/02 COMPUTATIONS/exercising_the_field.py,.py,16862,2026-08-01T14:49:17.790780+00:00,eeca900db45fabce40fa34bccb91bea044e870f2ab9c616a98f744b243ad8241,True,2,MONOGRAPH/06 HELICAL RELATIVITY/02 COMPUTATIONS/exercising_the_field.py,C:\Users\joesh\Documents\Codex\2026-08-02\files-mentioned-by-the-user-handoff\work\unified-mechanics-monograph\06 HELICAL RELATIVITY\02 COMPUTATIONS\exercising_the_field.py
MONOGRAPH,06 HELICAL RELATIVITY/02 COMPUTATIONS/exercising_the_field_results.json,MONOGRAPH/06 HELICAL RELATIVITY/02 COMPUTATIONS/exercising_the_field_results.json,.json,2925,2026-08-01T14:49:17.791931+00:00,070b4538a616ba02dd575f98ff3f88b0627e9bae6a2cea5f90e3eda8807aee0d,True,2,MONOGRAPH/06 HELICAL RELATIVITY/02 COMPUTATIONS/exercising_the_field_results.json,C:\Users\joesh\Documents\Codex\2026-08-02\files-mentioned-by-the-user-handoff\work\unified-mechanics-monograph\06 HELICAL RELATIVITY\02 COMPUTATIONS\exercising_the_field_results.json
MONOGRAPH,06 HELICAL RELATIVITY/02 COMPUTATIONS/mass_operator.py,MONOGRAPH/06 HELICAL RELATIVITY/02 COMPUTATIONS/mass_operator.py,.py,14085,2026-08-01T14:49:17.792740+00:00,76e85816eaebd860938613ab2f6e47190a61aab2eede7107561caaa0b7aa94d5,True,4,MONOGRAPH/06 HELICAL RELATIVITY/02 COMPUTATIONS/mass_operator.py,C:\Users\joesh\Documents\Codex\2026-08-02\files-mentioned-by-the-user-handoff\work\unified-mechanics-monograph\06 HELICAL RELATIVITY\02 COMPUTATIONS\mass_operator.py
MONOGRAPH,06 HELICAL RELATIVITY/02 COMPUTATIONS/mass_operator_results.json,MONOGRAPH/06 HELICAL RELATIVITY/02 COMPUTATIONS/mass_operator_results.json,.json,2499,2026-08-01T14:49:17.793397+00:00,b97f96f10829c065f9ae049bb14c09cf1fd6783e0f42b54f5ef2ae796db99697,True,2,MONOGRAPH/06 HELICAL RELATIVITY/02 COMPUTATIONS/mass_operator_results.json,C:\Users\joesh\Documents\Codex\2026-08-02\files-mentioned-by-the-user-handoff\work\unified-mechanics-monograph\06 HELICAL RELATIVITY\02 COMPUTATIONS\mass_operator_results.json
MONOGRAPH,06 HELICAL RELATIVITY/02 COMPUTATIONS/three_part_bubble.py,MONOGRAPH/06 HELICAL RELATIVITY/02 COMPUTATIONS/three_part_bubble.py,.py,11511,2026-08-01T14:49:17.794413+00:00,552e8023a5f78d6588aebbd987d6f40b8fc7f23ddbb2c9b7ddcac9b41d4c66b8,True,2,MONOGRAPH/06 HELICAL RELATIVITY/02 COMPUTATIONS/three_part_bubble.py,C:\Users\joesh\Documents\Codex\2026-08-02\files-mentioned-by-the-user-handoff\work\unified-mechanics-monograph\06 HELICAL RELATIVITY\02 COMPUTATIONS\three_part_bubble.py
MONOGRAPH,06 HELICAL RELATIVITY/02 COMPUTATIONS/three_part_bubble_results.json,MONOGRAPH/06 HELICAL RELATIVITY/02 COMPUTATIONS/three_part_bubble_results.json,.json,2652,2026-08-01T14:49:17.795413+00:00,1c082b7e25e0a74fe7aa3e7289c6ed0a571b2083b3935dd95fc07e956d46b7ea,True,2,MONOGRAPH/06 HELICAL RELATIVITY/02 COMPUTATIONS/three_part_bubble_results.json,C:\Users\joesh\Documents\Codex\2026-08-02\files-mentioned-by-the-user-handoff\work\unified-mechanics-monograph\06 HELICAL RELATIVITY\02 COMPUTATIONS\three_part_bubble_results.json
MONOGRAPH,06 HELICAL RELATIVITY/02 COMPUTATIONS/verify_review.py,MONOGRAPH/06 HELICAL RELATIVITY/02 COMPUTATIONS/verify_review.py,.py,10872,2026-08-01T14:49:17.796952+00:00,470e5289b5387f0b7dc18ba5507c710a17a73c18671a3cada640796da3960030,True,2,MONOGRAPH/06 HELICAL RELATIVITY/02 COMPUTATIONS/verify_review.py,C:\Users\joesh\Documents\Codex\2026-08-02\files-mentioned-by-the-user-handoff\work\unified-mechanics-monograph\06 HELICAL RELATIVITY\02 COMPUTATIONS\verify_review.py
MONOGRAPH,06 HELICAL RELATIVITY/02 COMPUTATIONS/verify_review_results.json,MONOGRAPH/06 HELICAL RELATIVITY/02 COMPUTATIONS/verify_review_results.json,.json,2360,2026-08-01T14:49:17.797952+00:00,f0beb661f7924ef1d563726b63b309cdf86e299d57b25a1b5fb25255607ca1f3,True,2,MONOGRAPH/06 HELICAL RELATIVITY/02 COMPUTATIONS/verify_review_results.json,C:\Users\joesh\Documents\Codex\2026-08-02\files-mentioned-by-the-user-handoff\work\unified-mechanics-monograph\06 HELICAL RELATIVITY\02 COMPUTATIONS\verify_review_results.json
MONOGRAPH,06 HELICAL RELATIVITY/03 COLOUR FIELD.zip,MONOGRAPH/06 HELICAL RELATIVITY/03 COLOUR FIELD.zip,.zip,6884881,2026-08-01T14:49:17.829787+00:00,f725b849e75a6c6f1b665fa60de4db5935d5ad49da1ec6fa1c70d8bf63de7ee8,True,2,MONOGRAPH/06 HELICAL RELATIVITY/03 COLOUR FIELD.zip,C:\Users\joesh\Documents\Codex\2026-08-02\files-mentioned-by-the-user-handoff\work\unified-mechanics-monograph\06 HELICAL RELATIVITY\03 COLOUR FIELD.zip
MONOGRAPH,06 HELICAL RELATIVITY/04 HELICAL FIELD.zip,MONOGRAPH/06 HELICAL RELATIVITY/04 HELICAL FIELD.zip,.zip,9963741,2026-08-01T14:49:17.869398+00:00,569c7cb3740772d38c09d727aed5a4c3586d3b46c57be51002977f67477c2a7b,True,2,MONOGRAPH/06 HELICAL RELATIVITY/04 HELICAL FIELD.zip,C:\Users\joesh\Documents\Codex\2026-08-02\files-mentioned-by-the-user-handoff\work\unified-mechanics-monograph\06 HELICAL RELATIVITY\04 HELICAL FIELD.zip
MONOGRAPH,06 HELICAL RELATIVITY/05 FIGURES/bubble_architecture.png,MONOGRAPH/06 HELICAL RELATIVITY/05 FIGURES/bubble_architecture.png,.png,194891,2026-08-01T14:49:17.872933+00:00,8e77662ed39e664bdf74950548d7c311eaf23d0dd7c0c37cc8e7bdf731343444,True,5,MONOGRAPH/06 HELICAL RELATIVITY/05 FIGURES/bubble_architecture.png,C:\Users\joesh\Documents\Codex\2026-08-02\files-mentioned-by-the-user-handoff\work\unified-mechanics-monograph\06 HELICAL RELATIVITY\05 FIGURES\bubble_architecture.png
MONOGRAPH,06 HELICAL RELATIVITY/05 FIGURES/bubble_closure_chain.png,MONOGRAPH/06 HELICAL RELATIVITY/05 FIGURES/bubble_closure_chain.png,.png,43456,2026-08-01T14:49:17.874032+00:00,45593d2dff3e9da3920fe48d56f9d0f16b820d89084930fd3f4c75896500fe3d,True,5,MONOGRAPH/06 HELICAL RELATIVITY/05 FIGURES/bubble_closure_chain.png,C:\Users\joesh\Documents\Codex\2026-08-02\files-mentioned-by-the-user-handoff\work\unified-mechanics-monograph\06 HELICAL RELATIVITY\05 FIGURES\bubble_closure_chain.png
MONOGRAPH,06 HELICAL RELATIVITY/05 FIGURES/bubble_field_compression_boundary_map.png,MONOGRAPH/06 HELICAL RELATIVITY/05 FIGURES/bubble_field_compression_boundary_map.png,.png,210668,2026-08-01T14:49:17.877235+00:00,6f12621bc5d85c645d6ee9488835c068feb8f2ded00e0fe6223e1f2336dce1d5,True,5,MONOGRAPH/06 HELICAL RELATIVITY/05 FIGURES/bubble_field_compression_boundary_map.png,C:\Users\joesh\Documents\Codex\2026-08-02\files-mentioned-by-the-user-handoff\work\unified-mechanics-monograph\06 HELICAL RELATIVITY\05 FIGURES\bubble_field_compression_boundary_map.png
MONOGRAPH,06 HELICAL RELATIVITY/05 FIGURES/bubble_field_G_bridge.png,MONOGRAPH/06 HELICAL RELATIVITY/05 FIGURES/bubble_field_G_bridge.png,.png,78914,2026-08-01T14:49:17.875213+00:00,4248a812a538e37f697990ddc22f13af9fd768fd43224896ecfd96a1536108d2,True,5,MONOGRAPH/06 HELICAL RELATIVITY/05 FIGURES/bubble_field_G_bridge.png,C:\Users\joesh\Documents\Codex\2026-08-02\files-mentioned-by-the-user-handoff\work\unified-mechanics-monograph\06 HELICAL RELATIVITY\05 FIGURES\bubble_field_G_bridge.png
MONOGRAPH,06 HELICAL RELATIVITY/05 FIGURES/bubble_field_lepton_candidate.png,MONOGRAPH/06 HELICAL RELATIVITY/05 FIGURES/bubble_field_lepton_candidate.png,.png,47026,2026-08-01T14:49:17.878272+00:00,2a130f8c9a2ca61cd02f1d1b46c704fff852daff6d75f5b58cdd857ebaf58996,True,5,MONOGRAPH/06 HELICAL RELATIVITY/05 FIGURES/bubble_field_lepton_candidate.png,C:\Users\joesh\Documents\Codex\2026-08-02\files-mentioned-by-the-user-handoff\work\unified-mechanics-monograph\06 HELICAL RELATIVITY\05 FIGURES\bubble_field_lepton_candidate.png
MONOGRAPH,06 HELICAL RELATIVITY/05 FIGURES/bubble_field_recovery_ledger.png,MONOGRAPH/06 HELICAL RELATIVITY/05 FIGURES/bubble_field_recovery_ledger.png,.png,205527,2026-08-01T14:49:17.880750+00:00,eabd8e916e5d2c0bfedb7a58f2a3a4333de2899f5769d825c4a57ff6d433e1e6,True,5,MONOGRAPH/06 HELICAL RELATIVITY/05 FIGURES/bubble_field_recovery_ledger.png,C:\Users\joesh\Documents\Codex\2026-08-02\files-mentioned-by-the-user-handoff\work\unified-mechanics-monograph\06 HELICAL RELATIVITY\05 FIGURES\bubble_field_recovery_ledger.png
MONOGRAPH,06 HELICAL RELATIVITY/05 FIGURES/bubble_field_rigorous_profiles.png,MONOGRAPH/06 HELICAL RELATIVITY/05 FIGURES/bubble_field_rigorous_profiles.png,.png,196929,2026-08-01T14:49:17.882804+00:00,6c9f73aa66b41ed35a6e07f1e8706da7676ab6cc8b7163c559616292d34d51d2,True,5,MONOGRAPH/06 HELICAL RELATIVITY/05 FIGURES/bubble_field_rigorous_profiles.png,C:\Users\joesh\Documents\Codex\2026-08-02\files-mentioned-by-the-user-handoff\work\unified-mechanics-monograph\06 HELICAL RELATIVITY\05 FIGURES\bubble_field_rigorous_profiles.png
MONOGRAPH,06 HELICAL RELATIVITY/05 FIGURES/bubble_field_scale_ladder.png,MONOGRAPH/06 HELICAL RELATIVITY/05 FIGURES/bubble_field_scale_ladder.png,.png,90773,2026-08-01T14:49:17.884309+00:00,932641087c76db2fb9806dc64300de29609f3a04ddc2d79a28bf666525f7679f,True,5,MONOGRAPH/06 HELICAL RELATIVITY/05 FIGURES/bubble_field_scale_ladder.png,C:\Users\joesh\Documents\Codex\2026-08-02\files-mentioned-by-the-user-handoff\work\unified-mechanics-monograph\06 HELICAL RELATIVITY\05 FIGURES\bubble_field_scale_ladder.png
MONOGRAPH,06 HELICAL RELATIVITY/05 FIGURES/bubble_field_source_profiles.png,MONOGRAPH/06 HELICAL RELATIVITY/05 FIGURES/bubble_field_source_profiles.png,.png,144414,2026-08-01T14:49:17.886392+00:00,2271624471e9f6665ef3b8474bc0386e3c87585979c0e2b1d5b5cf5ec699ed78,True,5,MONOGRAPH/06 HELICAL RELATIVITY/05 FIGURES/bubble_field_source_profiles.png,C:\Users\joesh\Documents\Codex\2026-08-02\files-mentioned-by-the-user-handoff\work\unified-mechanics-monograph\06 HELICAL RELATIVITY\05 FIGURES\bubble_field_source_profiles.png
MONOGRAPH,06 HELICAL RELATIVITY/05 FIGURES/bubble_source_sector.png,MONOGRAPH/06 HELICAL RELATIVITY/05 FIGURES/bubble_source_sector.png,.png,36467,2026-08-01T14:49:17.887892+00:00,728445b9ccdc4f97dc6f798e4da5cf678ea7c94f7f64809882846c9fb3c80362,True,5,MONOGRAPH/06 HELICAL RELATIVITY/05 FIGURES/bubble_source_sector.png,C:\Users\joesh\Documents\Codex\2026-08-02\files-mentioned-by-the-user-handoff\work\unified-mechanics-monograph\06 HELICAL RELATIVITY\05 FIGURES\bubble_source_sector.png
MONOGRAPH,06 HELICAL RELATIVITY/05 FIGURES/bubble_status.png,MONOGRAPH/06 HELICAL RELATIVITY/05 FIGURES/bubble_status.png,.png,158410,2026-08-01T14:49:17.889592+00:00,22f15115bc11fbb96525bbe9184fcd3509647e452c174247e3ea328aae1090c5,True,5,MONOGRAPH/06 HELICAL RELATIVITY/05 FIGURES/bubble_status.png,C:\Users\joesh\Documents\Codex\2026-08-02\files-mentioned-by-the-user-handoff\work\unified-mechanics-monograph\06 HELICAL RELATIVITY\05 FIGURES\bubble_status.png
MONOGRAPH,06 HELICAL RELATIVITY/05 FIGURES/cef_codistinction.png,MONOGRAPH/06 HELICAL RELATIVITY/05 FIGURES/cef_codistinction.png,.png,42271,2026-08-01T14:49:17.891232+00:00,93b85dcab8e94bfb5685fac82bb74fb439fb8903e66c9a0640beb715823d7530,True,5,MONOGRAPH/06 HELICAL RELATIVITY/05 FIGURES/cef_codistinction.png,C:\Users\joesh\Documents\Codex\2026-08-02\files-mentioned-by-the-user-handoff\work\unified-mechanics-monograph\06 HELICAL RELATIVITY\05 FIGURES\cef_codistinction.png
MONOGRAPH,06 HELICAL RELATIVITY/05 FIGURES/cef_field_architecture.png,MONOGRAPH/06 HELICAL RELATIVITY/05 FIGURES/cef_field_architecture.png,.png,160429,2026-08-01T14:49:17.892800+00:00,876d7ebb8261fdbafa10a88bcdb4a0421c18c151a4c3892ee95bd661ad88ff8c,True,5,MONOGRAPH/06 HELICAL RELATIVITY/05 FIGURES/cef_field_architecture.png,C:\Users\joesh\Documents\Codex\2026-08-02\files-mentioned-by-the-user-handoff\work\unified-mechanics-monograph\06 HELICAL RELATIVITY\05 FIGURES\cef_field_architecture.png
MONOGRAPH,06 HELICAL RELATIVITY/05 FIGURES/cef_internal_cycle.png,MONOGRAPH/06 HELICAL RELATIVITY/05 FIGURES/cef_internal_cycle.png,.png,96180,2026-08-01T14:49:17.894445+00:00,8a127f0c93ccc67c6a9b5161120ca302975ebc85888ccdf5e93ac3ffa253d1e3,True,5,MONOGRAPH/06 HELICAL RELATIVITY/05 FIGURES/cef_internal_cycle.png,C:\Users\joesh\Documents\Codex\2026-08-02\files-mentioned-by-the-user-handoff\work\unified-mechanics-monograph\06 HELICAL RELATIVITY\05 FIGURES\cef_internal_cycle.png
MONOGRAPH,06 HELICAL RELATIVITY/05 FIGURES/cef_interrogative_loop.png,MONOGRAPH/06 HELICAL RELATIVITY/05 FIGURES/cef_interrogative_loop.png,.png,48991,2026-08-01T14:49:17.896041+00:00,435369ccc41d5466fbd5c06cdf8dab4eff1ae02ae1331c582026e679b27d8561,True,5,MONOGRAPH/06 HELICAL RELATIVITY/05 FIGURES/cef_interrogative_loop.png,C:\Users\joesh\Documents\Codex\2026-08-02\files-mentioned-by-the-user-handoff\work\unified-mechanics-monograph\06 HELICAL RELATIVITY\05 FIGURES\cef_interrogative_loop.png
MONOGRAPH,06 HELICAL RELATIVITY/05 FIGURES/exoplanet_lab_plots.png,MONOGRAPH/06 HELICAL RELATIVITY/05 FIGURES/exoplanet_lab_plots.png,.png,378276,2026-08-01T14:49:17.899407+00:00,c4c363099cbb8a4fcdc0ea947431d1f839d7f483eedc6122a9ce9e9061615d00,True,5,MONOGRAPH/06 HELICAL RELATIVITY/05 FIGURES/exoplanet_lab_plots.png,C:\Users\joesh\Documents\Codex\2026-08-02\files-mentioned-by-the-user-handoff\work\unified-mechanics-monograph\06 HELICAL RELATIVITY\05 FIGURES\exoplanet_lab_plots.png
MONOGRAPH,06 HELICAL RELATIVITY/90 HISTORY/00 First draft - The Bubble Field.md,MONOGRAPH/06 HELICAL RELATIVITY/90 HISTORY/00 First draft - The Bubble Field.md,.md,18540,2026-08-01T14:49:17.900552+00:00,4d4c993918b0d4f394339add9f9228c03ea1a62d62df298158f38f4ab97fe32f,False,4,MONOGRAPH/06 HELICAL RELATIVITY/01 THE FIELD/The Bubble Field(1).md,C:\Users\joesh\Documents\Codex\2026-08-02\files-mentioned-by-the-user-handoff\work\unified-mechanics-monograph\06 HELICAL RELATIVITY\90 HISTORY\00 First draft - The Bubble Field.md
MONOGRAPH,06 HELICAL RELATIVITY/90 HISTORY/Bubble_Field_Closure_Attack_G_Source_Weak_Leptons_Joseph_Shields.docx,MONOGRAPH/06 HELICAL RELATIVITY/90 HISTORY/Bubble_Field_Closure_Attack_G_Source_Weak_Leptons_Joseph_Shields.docx,.docx,432720,2026-08-01T14:49:17.902866+00:00,bb6be69eabfa6c3bbcdd8ee9bbc79d2310acce371bc15b1e3cc95e7fa3eefe1d,True,5,MONOGRAPH/06 HELICAL RELATIVITY/90 HISTORY/Bubble_Field_Closure_Attack_G_Source_Weak_Leptons_Joseph_Shields.docx,C:\Users\joesh\Documents\Codex\2026-08-02\files-mentioned-by-the-user-handoff\work\unified-mechanics-monograph\06 HELICAL RELATIVITY\90 HISTORY\Bubble_Field_Closure_Attack_G_Source_Weak_Leptons_Joseph_Shields.docx
MONOGRAPH,06 HELICAL RELATIVITY/90 HISTORY/Bubble_Field_Closure_Attack_G_Source_Weak_Leptons_Joseph_Shields.pdf,MONOGRAPH/06 HELICAL RELATIVITY/90 HISTORY/Bubble_Field_Closure_Attack_G_Source_Weak_Leptons_Joseph_Shields.pdf,.pdf,688393,2026-08-01T14:49:17.907304+00:00,3b7dc8a5b6a2d9f9eb01c2f288ac533f4a3aa685657689d2457e57840b43c486,True,5,MONOGRAPH/06 HELICAL RELATIVITY/90 HISTORY/Bubble_Field_Closure_Attack_G_Source_Weak_Leptons_Joseph_Shields.pdf,C:\Users\joesh\Documents\Codex\2026-08-02\files-mentioned-by-the-user-handoff\work\unified-mechanics-monograph\06 HELICAL RELATIVITY\90 HISTORY\Bubble_Field_Closure_Attack_G_Source_Weak_Leptons_Joseph_Shields.pdf
MONOGRAPH,06 HELICAL RELATIVITY/90 HISTORY/The_Bubble_Field_Compression_Boundary_Closure_Joseph_Shields.docx,MONOGRAPH/06 HELICAL RELATIVITY/90 HISTORY/The_Bubble_Field_Compression_Boundary_Closure_Joseph_Shields.docx,.docx,595380,2026-08-01T14:49:17.910309+00:00,bfd20642585796fce447d8031a890259455194d95e69ca8e826b8986a17dc010,True,5,MONOGRAPH/06 HELICAL RELATIVITY/90 HISTORY/The_Bubble_Field_Compression_Boundary_Closure_Joseph_Shields.docx,C:\Users\joesh\Documents\Codex\2026-08-02\files-mentioned-by-the-user-handoff\work\unified-mechanics-monograph\06 HELICAL RELATIVITY\90 HISTORY\The_Bubble_Field_Compression_Boundary_Closure_Joseph_Shields.docx
MONOGRAPH,06 HELICAL RELATIVITY/90 HISTORY/The_Bubble_Field_Compression_Boundary_Closure_Joseph_Shields.pdf,MONOGRAPH/06 HELICAL RELATIVITY/90 HISTORY/The_Bubble_Field_Compression_Boundary_Closure_Joseph_Shields.pdf,.pdf,842900,2026-08-01T14:49:17.916311+00:00,449f92368667d9dc4734dfad930af8a608a970340c52951828cb6ca3c58c80ef,True,5,MONOGRAPH/06 HELICAL RELATIVITY/90 HISTORY/The_Bubble_Field_Compression_Boundary_Closure_Joseph_Shields.pdf,C:\Users\joesh\Documents\Codex\2026-08-02\files-mentioned-by-the-user-handoff\work\unified-mechanics-monograph\06 HELICAL RELATIVITY\90 HISTORY\The_Bubble_Field_Compression_Boundary_Closure_Joseph_Shields.pdf
MONOGRAPH,06 HELICAL RELATIVITY/90 HISTORY/The_Bubble_Field_Compression_Boundary_Closure_Joseph_Shields_REFERENT_PRINCIPLE.docx,MONOGRAPH/06 HELICAL RELATIVITY/90 HISTORY/The_Bubble_Field_Compression_Boundary_Closure_Joseph_Shields_REFERENT_PRINCIPLE.docx,.docx,596506,2026-08-01T14:49:17.918383+00:00,86b795f22bb01ee39ac6df9e45dc37d84b3680f9396ae21fd11fcbf7551f24d9,True,5,MONOGRAPH/06 HELICAL RELATIVITY/90 HISTORY/The_Bubble_Field_Compression_Boundary_Closure_Joseph_Shields_REFERENT_PRINCIPLE.docx,C:\Users\joesh\Documents\Codex\2026-08-02\files-mentioned-by-the-user-handoff\work\unified-mechanics-monograph\06 HELICAL RELATIVITY\90 HISTORY\The_Bubble_Field_Compression_Boundary_Closure_Joseph_Shields_REFERENT_PRINCIPLE.docx
MONOGRAPH,06 HELICAL RELATIVITY/90 HISTORY/The_Bubble_Field_Rigorous_Formulation_Joseph_Shields.docx,MONOGRAPH/06 HELICAL RELATIVITY/90 HISTORY/The_Bubble_Field_Rigorous_Formulation_Joseph_Shields.docx,.docx,2333310,2026-08-01T14:49:17.926068+00:00,cfe602f13364d52d3b5e1b83e5c2e9476c9a18d60584b7a2137b551ebc5789fd,True,5,MONOGRAPH/06 HELICAL RELATIVITY/90 HISTORY/The_Bubble_Field_Rigorous_Formulation_Joseph_Shields.docx,C:\Users\joesh\Documents\Codex\2026-08-02\files-mentioned-by-the-user-handoff\work\unified-mechanics-monograph\06 HELICAL RELATIVITY\90 HISTORY\The_Bubble_Field_Rigorous_Formulation_Joseph_Shields.docx
MONOGRAPH,90 ARCHIVE/Printings/Fourth/A World of Distinctions.docx,MONOGRAPH/90 ARCHIVE/Printings/Fourth/A World of Distinctions.docx,.docx,51178,2026-08-01T14:49:17.927069+00:00,6107d6a20cafd1749d647a93f49127f7b778ef7ed5148cbedb31a2ed27a8c958,True,1,MONOGRAPH/90 ARCHIVE/Printings/Fourth/A World of Distinctions.docx,C:\Users\joesh\Documents\Codex\2026-08-02\files-mentioned-by-the-user-handoff\work\unified-mechanics-monograph\90 ARCHIVE\Printings\Fourth\A World of Distinctions.docx
MONOGRAPH,90 ARCHIVE/Printings/Fourth/A World of Distinctions.pdf,MONOGRAPH/90 ARCHIVE/Printings/Fourth/A World of Distinctions.pdf,.pdf,336586,2026-08-01T14:49:17.929593+00:00,dae4f7b7425410499dc0d76e991b4c5a8f0f82062e883dd8a087e4bdc5c16b68,True,2,MONOGRAPH/90 ARCHIVE/Printings/Fourth/A World of Distinctions.pdf,C:\Users\joesh\Documents\Codex\2026-08-02\files-mentioned-by-the-user-handoff\work\unified-mechanics-monograph\90 ARCHIVE\Printings\Fourth\A World of Distinctions.pdf
MONOGRAPH,90 ARCHIVE/Printings/Fourth/Companion/06 The Semantic Word System.pdf,MONOGRAPH/90 ARCHIVE/Printings/Fourth/Companion/06 The Semantic Word System.pdf,.pdf,785392,2026-08-01T14:49:17.935024+00:00,15126a66e437433fd18d035545e1ad772a84559e5a2d3eb9029690989162a2db,False,2,MONOGRAPH/03 COMPANION/Companion 1 — The Semantic Word System.pdf,C:\Users\joesh\Documents\Codex\2026-08-02\files-mentioned-by-the-user-handoff\work\unified-mechanics-monograph\90 ARCHIVE\Printings\Fourth\Companion\06 The Semantic Word System.pdf
MONOGRAPH,90 ARCHIVE/Printings/Fourth/Companion/07 The Snowflake Observatory (interactive).html,MONOGRAPH/90 ARCHIVE/Printings/Fourth/Companion/07 The Snowflake Observatory (interactive).html,.html,35973,2026-08-01T14:49:17.936077+00:00,a769bf38765cd6da7b621ed3a200f368192846f0c1d736eb1887b411c92543a7,False,2,MONOGRAPH/03 COMPANION/Companion 2 — The Snowflake Observatory (interactive).html,C:\Users\joesh\Documents\Codex\2026-08-02\files-mentioned-by-the-user-handoff\work\unified-mechanics-monograph\90 ARCHIVE\Printings\Fourth\Companion\07 The Snowflake Observatory (interactive).html
MONOGRAPH,90 ARCHIVE/Printings/Fourth/Companion/08 A Sentence Describing Itself (interactive).html,MONOGRAPH/90 ARCHIVE/Printings/Fourth/Companion/08 A Sentence Describing Itself (interactive).html,.html,36928,2026-08-01T14:49:17.937260+00:00,acebf72e39ef5203b51482747ea5eda082d4853e93dc7b52961123441332c3a2,False,2,MONOGRAPH/03 COMPANION/Companion 3 — A Sentence Describing Itself (interactive).html,C:\Users\joesh\Documents\Codex\2026-08-02\files-mentioned-by-the-user-handoff\work\unified-mechanics-monograph\90 ARCHIVE\Printings\Fourth\Companion\08 A Sentence Describing Itself (interactive).html
MONOGRAPH,90 ARCHIVE/Printings/Fourth/Companion/09 A World of Distinctions (interactive monograph).html,MONOGRAPH/90 ARCHIVE/Printings/Fourth/Companion/09 A World of Distinctions (interactive monograph).html,.html,227563,2026-08-01T14:49:17.938315+00:00,cb95cbf286022a45d91564c3faa0cd7d8ee9b582a97de0546455492e18bf207a,False,2,MONOGRAPH/03 COMPANION/Companion 4 — A World of Distinctions (interactive monograph).html,C:\Users\joesh\Documents\Codex\2026-08-02\files-mentioned-by-the-user-handoff\work\unified-mechanics-monograph\90 ARCHIVE\Printings\Fourth\Companion\09 A World of Distinctions (interactive monograph).html
MONOGRAPH,90 ARCHIVE/Printings/Fourth/FREEZE MANIFEST.md,MONOGRAPH/90 ARCHIVE/Printings/Fourth/FREEZE MANIFEST.md,.md,9416,2026-08-01T14:49:17.939480+00:00,36244f5c6b85338aeda8144a5e94fa42fe3327be1bc426134278fa0de7a3a412,True,1,MONOGRAPH/90 ARCHIVE/Printings/Fourth/FREEZE MANIFEST.md,C:\Users\joesh\Documents\Codex\2026-08-02\files-mentioned-by-the-user-handoff\work\unified-mechanics-monograph\90 ARCHIVE\Printings\Fourth\FREEZE MANIFEST.md
MONOGRAPH,90 ARCHIVE/Printings/Fourth/Papers as Issued/04 The Realisation and Self-Description Principle.docx,MONOGRAPH/90 ARCHIVE/Printings/Fourth/Papers as Issued/04 The Realisation and Self-Description Principle.docx,.docx,37611,2026-08-01T14:49:17.949052+00:00,d661accc34baeb3bcb733bb60a888e2b423ba2c8cb234a3b280136bfd5f51f68,False,2,MONOGRAPH/02 TECHNICAL PAPERS/04 The Realisation and Self-Description Principle.docx,C:\Users\joesh\Documents\Codex\2026-08-02\files-mentioned-by-the-user-handoff\work\unified-mechanics-monograph\90 ARCHIVE\Printings\Fourth\Papers as Issued\04 The Realisation and Self-Description Principle.docx
MONOGRAPH,90 ARCHIVE/Printings/Fourth/Papers as Issued/05 The Snowflake Realisation Closure Theorem.docx,MONOGRAPH/90 ARCHIVE/Printings/Fourth/Papers as Issued/05 The Snowflake Realisation Closure Theorem.docx,.docx,309152,2026-08-01T14:49:17.951549+00:00,d03f9de393c8c2bfb6a40261203053d3cb6c6bea52a33f8286c97e468ad12226,False,2,MONOGRAPH/02 TECHNICAL PAPERS/05 The Snowflake Realisation Closure Theorem.docx,C:\Users\joesh\Documents\Codex\2026-08-02\files-mentioned-by-the-user-handoff\work\unified-mechanics-monograph\90 ARCHIVE\Printings\Fourth\Papers as Issued\05 The Snowflake Realisation Closure Theorem.docx
MONOGRAPH,90 ARCHIVE/Printings/Fourth/Papers as Issued/08 Research Notes — The Self-Dual Carrier and the Silver Interface.docx,MONOGRAPH/90 ARCHIVE/Printings/Fourth/Papers as Issued/08 Research Notes — The Self-Dual Carrier and the Silver Interface.docx,.docx,200363,2026-08-01T14:49:17.952825+00:00,2558ac874ef6d9d1d36eee50653d28fa3fdd242348f89039c0241182a4d97743,False,2,MONOGRAPH/02 TECHNICAL PAPERS/08 Research Notes — The Self-Dual Carrier and the Silver Interface.docx,C:\Users\joesh\Documents\Codex\2026-08-02\files-mentioned-by-the-user-handoff\work\unified-mechanics-monograph\90 ARCHIVE\Printings\Fourth\Papers as Issued\08 Research Notes — The Self-Dual Carrier and the Silver Interface.docx
MONOGRAPH,90 ARCHIVE/Printings/Fourth/Papers as Issued/09 Interpretations — The Golden Skeleton of E8.docx,MONOGRAPH/90 ARCHIVE/Printings/Fourth/Papers as Issued/09 Interpretations — The Golden Skeleton of E8.docx,.docx,178893,2026-08-01T14:49:17.954635+00:00,304a50cd7ce06a03aff7df9a77cf802b0715d63fa5ef0d527c0274e8b1aa3bfc,False,2,MONOGRAPH/02 TECHNICAL PAPERS/09 Interpretations — The Golden Skeleton of E8.docx,C:\Users\joesh\Documents\Codex\2026-08-02\files-mentioned-by-the-user-handoff\work\unified-mechanics-monograph\90 ARCHIVE\Printings\Fourth\Papers as Issued\09 Interpretations — The Golden Skeleton of E8.docx
MONOGRAPH,90 ARCHIVE/Printings/Fourth/Papers as Issued/10 The Interface Work Integral — Settling the Root Three.docx,MONOGRAPH/90 ARCHIVE/Printings/Fourth/Papers as Issued/10 The Interface Work Integral — Settling the Root Three.docx,.docx,185239,2026-08-01T14:49:17.955812+00:00,bc205825529e4f47f292cee4eab594a01083b3cc23c3604b24a70b6941994a5c,False,2,MONOGRAPH/02 TECHNICAL PAPERS/10 The Interface Work Integral — Settling the Root Three.docx,C:\Users\joesh\Documents\Codex\2026-08-02\files-mentioned-by-the-user-handoff\work\unified-mechanics-monograph\90 ARCHIVE\Printings\Fourth\Papers as Issued\10 The Interface Work Integral — Settling the Root Three.docx
MONOGRAPH,90 ARCHIVE/Printings/Fourth/Papers as Issued/11 End-to-End Interface Closure — The Theorem Queue.docx,MONOGRAPH/90 ARCHIVE/Printings/Fourth/Papers as Issued/11 End-to-End Interface Closure — The Theorem Queue.docx,.docx,231167,2026-08-01T14:49:17.957218+00:00,3f69cacf44e55e4d02e2fa06626a84c423717c918ea41de81fac472377da7232,False,2,MONOGRAPH/02 TECHNICAL PAPERS/11 End-to-End Interface Closure — The Theorem Queue.docx,C:\Users\joesh\Documents\Codex\2026-08-02\files-mentioned-by-the-user-handoff\work\unified-mechanics-monograph\90 ARCHIVE\Printings\Fourth\Papers as Issued\11 End-to-End Interface Closure — The Theorem Queue.docx
MONOGRAPH,90 ARCHIVE/Printings/Fourth/Papers as Issued/12 Theorem Queue Proof Ledger.docx,MONOGRAPH/90 ARCHIVE/Printings/Fourth/Papers as Issued/12 Theorem Queue Proof Ledger.docx,.docx,31184,2026-08-01T14:49:17.958218+00:00,3743ffa544acca6169145d6d1121f905e552a34dd52ffce0eeb953538cc57893,False,2,MONOGRAPH/02 TECHNICAL PAPERS/12 Theorem Queue Proof Ledger.docx,C:\Users\joesh\Documents\Codex\2026-08-02\files-mentioned-by-the-user-handoff\work\unified-mechanics-monograph\90 ARCHIVE\Printings\Fourth\Papers as Issued\12 Theorem Queue Proof Ledger.docx
MONOGRAPH,90 ARCHIVE/Printings/Fourth/Papers as Issued/13 The Logic of Physical Action (issued as Monograph II).docx,MONOGRAPH/90 ARCHIVE/Printings/Fourth/Papers as Issued/13 The Logic of Physical Action (issued as Monograph II).docx,.docx,92951,2026-08-01T14:49:17.959718+00:00,73a67259e18d06c78fa55bf4e2ecd41759949feed8a5fb6b1fd654dc584027bb,False,2,MONOGRAPH/02 TECHNICAL PAPERS/13 The Logic of Physical Action (issued as Monograph II).docx,C:\Users\joesh\Documents\Codex\2026-08-02\files-mentioned-by-the-user-handoff\work\unified-mechanics-monograph\90 ARCHIVE\Printings\Fourth\Papers as Issued\13 The Logic of Physical Action (issued as Monograph II).docx
MONOGRAPH,90 ARCHIVE/Printings/Fourth/Papers as Issued/14 Before the Form — Spencer-Brown and Traversal.docx,MONOGRAPH/90 ARCHIVE/Printings/Fourth/Papers as Issued/14 Before the Form — Spencer-Brown and Traversal.docx,.docx,43471,2026-08-01T14:49:17.960219+00:00,cd82c0c1b1deeedda89e3a28577799f3a85058fb6aadadce089b5dbc8285e3a8,False,2,MONOGRAPH/02 TECHNICAL PAPERS/14 Before the Form — Spencer-Brown and Traversal.docx,C:\Users\joesh\Documents\Codex\2026-08-02\files-mentioned-by-the-user-handoff\work\unified-mechanics-monograph\90 ARCHIVE\Printings\Fourth\Papers as Issued\14 Before the Form — Spencer-Brown and Traversal.docx
MONOGRAPH,90 ARCHIVE/Printings/Fourth/Papers as Issued/15 Bounded Possibility.docx,MONOGRAPH/90 ARCHIVE/Printings/Fourth/Papers as Issued/15 Bounded Possibility.docx,.docx,46777,2026-08-01T14:49:17.961816+00:00,48299c509c82860a92a2be9008d833b7512412d2e5975b167dec2e70360a11f0,False,2,MONOGRAPH/02 TECHNICAL PAPERS/15 Bounded Possibility.docx,C:\Users\joesh\Documents\Codex\2026-08-02\files-mentioned-by-the-user-handoff\work\unified-mechanics-monograph\90 ARCHIVE\Printings\Fourth\Papers as Issued\15 Bounded Possibility.docx
MONOGRAPH,90 ARCHIVE/Printings/Fourth/Papers as Issued/16 Principles of Observation and Mechanical Observation.docx,MONOGRAPH/90 ARCHIVE/Printings/Fourth/Papers as Issued/16 Principles of Observation and Mechanical Observation.docx,.docx,50639,2026-08-01T14:49:17.962816+00:00,fe30a24ff1e4b5a25d0ed8f5f729461d9c16971cae4ff10ccb25d8c2fdaf450f,False,2,MONOGRAPH/02 TECHNICAL PAPERS/16 Principles of Observation and Mechanical Observation.docx,C:\Users\joesh\Documents\Codex\2026-08-02\files-mentioned-by-the-user-handoff\work\unified-mechanics-monograph\90 ARCHIVE\Printings\Fourth\Papers as Issued\16 Principles of Observation and Mechanical Observation.docx
MONOGRAPH,90 ARCHIVE/Printings/Fourth/Papers as Issued/17 Field Assembly and Lossless Transcription.docx,MONOGRAPH/90 ARCHIVE/Printings/Fourth/Papers as Issued/17 Field Assembly and Lossless Transcription.docx,.docx,342365,2026-08-01T14:49:17.964816+00:00,d5748ff4b67fbfdc0545f4fad66fcd24852686eda19e187c66389c7af62834c1,False,2,MONOGRAPH/02 TECHNICAL PAPERS/17 Field Assembly and Lossless Transcription.docx,C:\Users\joesh\Documents\Codex\2026-08-02\files-mentioned-by-the-user-handoff\work\unified-mechanics-monograph\90 ARCHIVE\Printings\Fourth\Papers as Issued\17 Field Assembly and Lossless Transcription.docx
MONOGRAPH,90 ARCHIVE/Printings/Fourth/Papers as Issued/18 The Quantised Crossing and the Closure of the Open Ledger.docx,MONOGRAPH/90 ARCHIVE/Printings/Fourth/Papers as Issued/18 The Quantised Crossing and the Closure of the Open Ledger.docx,.docx,15752,2026-08-01T14:49:17.965317+00:00,0df516ae99936324219680c53b607bf446ebfd58501f63072bba66eb1366d6b8,False,2,MONOGRAPH/02 TECHNICAL PAPERS/18 The Quantised Crossing and the Closure of the Open Ledger.docx,C:\Users\joesh\Documents\Codex\2026-08-02\files-mentioned-by-the-user-handoff\work\unified-mechanics-monograph\90 ARCHIVE\Printings\Fourth\Papers as Issued\18 The Quantised Crossing and the Closure of the Open Ledger.docx
MONOGRAPH,90 ARCHIVE/Printings/Fourth/Papers as Issued/19 The Closing Ledger.docx,MONOGRAPH/90 ARCHIVE/Printings/Fourth/Papers as Issued/19 The Closing Ledger.docx,.docx,15463,2026-08-01T14:49:17.966717+00:00,abce6c244498ce90a1e14efa8e087644d86dab8986803feaf1d5c167b8c3683e,False,2,MONOGRAPH/02 TECHNICAL PAPERS/19 The Closing Ledger.docx,C:\Users\joesh\Documents\Codex\2026-08-02\files-mentioned-by-the-user-handoff\work\unified-mechanics-monograph\90 ARCHIVE\Printings\Fourth\Papers as Issued\19 The Closing Ledger.docx
MONOGRAPH,90 ARCHIVE/Printings/Fourth/Papers as Issued/20 The Forward Closure.docx,MONOGRAPH/90 ARCHIVE/Printings/Fourth/Papers as Issued/20 The Forward Closure.docx,.docx,24106,2026-08-01T14:49:17.967492+00:00,987205b7043d27c0673b877367e26a2a2929c8141709947acaa1a8c8bd348ef7,False,2,MONOGRAPH/02 TECHNICAL PAPERS/20 The Forward Closure.docx,C:\Users\joesh\Documents\Codex\2026-08-02\files-mentioned-by-the-user-handoff\work\unified-mechanics-monograph\90 ARCHIVE\Printings\Fourth\Papers as Issued\20 The Forward Closure.docx
MONOGRAPH,90 ARCHIVE/Printings/Fourth/PDF Editions/A World of Distinctions.pdf,MONOGRAPH/90 ARCHIVE/Printings/Fourth/PDF Editions/A World of Distinctions.pdf,.pdf,336586,2026-08-01T14:49:17.941984+00:00,dae4f7b7425410499dc0d76e991b4c5a8f0f82062e883dd8a087e4bdc5c16b68,False,2,MONOGRAPH/90 ARCHIVE/Printings/Fourth/A World of Distinctions.pdf,C:\Users\joesh\Documents\Codex\2026-08-02\files-mentioned-by-the-user-handoff\work\unified-mechanics-monograph\90 ARCHIVE\Printings\Fourth\PDF Editions\A World of Distinctions.pdf
MONOGRAPH,90 ARCHIVE/Printings/Fourth/PDF Editions/Unified Mechanics — The Formal Register.pdf,MONOGRAPH/90 ARCHIVE/Printings/Fourth/PDF Editions/Unified Mechanics — The Formal Register.pdf,.pdf,163005,2026-08-01T14:49:17.943552+00:00,bf38c95088a61b8ede4163c55f565c3b7ca2da5ddbaa4dce5947e48c68771b00,False,2,MONOGRAPH/90 ARCHIVE/Printings/Fourth/Unified Mechanics — The Formal Register.pdf,C:\Users\joesh\Documents\Codex\2026-08-02\files-mentioned-by-the-user-handoff\work\unified-mechanics-monograph\90 ARCHIVE\Printings\Fourth\PDF Editions\Unified Mechanics — The Formal Register.pdf
MONOGRAPH,90 ARCHIVE/Printings/Fourth/PDF Editions/Universopedia — The Observational Standard.pdf,MONOGRAPH/90 ARCHIVE/Printings/Fourth/PDF Editions/Universopedia — The Observational Standard.pdf,.pdf,1673037,2026-08-01T14:49:17.948052+00:00,aec9f71413f7f748f4df3c5f2f8867ea5dbc4a234f8d7b53123363d0e236d81c,True,1,MONOGRAPH/90 ARCHIVE/Printings/Fourth/PDF Editions/Universopedia — The Observational Standard.pdf,C:\Users\joesh\Documents\Codex\2026-08-02\files-mentioned-by-the-user-handoff\work\unified-mechanics-monograph\90 ARCHIVE\Printings\Fourth\PDF Editions\Universopedia — The Observational Standard.pdf
MONOGRAPH,90 ARCHIVE/Printings/Fourth/READ ME FIRST.md,MONOGRAPH/90 ARCHIVE/Printings/Fourth/READ ME FIRST.md,.md,6534,2026-08-01T14:49:17.968588+00:00,03df56466fa00e4743fab532495d3e036993db8c2610a37a70c083201a9450cd,True,1,MONOGRAPH/90 ARCHIVE/Printings/Fourth/READ ME FIRST.md,C:\Users\joesh\Documents\Codex\2026-08-02\files-mentioned-by-the-user-handoff\work\unified-mechanics-monograph\90 ARCHIVE\Printings\Fourth\READ ME FIRST.md
MONOGRAPH,90 ARCHIVE/Printings/Fourth/README.md,MONOGRAPH/90 ARCHIVE/Printings/Fourth/README.md,.md,1430,2026-08-01T14:49:17.969088+00:00,efed703445ba11180c443ca08f2c3de6396e5700974bb175d3f719a817f67779,True,1,MONOGRAPH/90 ARCHIVE/Printings/Fourth/README.md,C:\Users\joesh\Documents\Codex\2026-08-02\files-mentioned-by-the-user-handoff\work\unified-mechanics-monograph\90 ARCHIVE\Printings\Fourth\README.md
MONOGRAPH,90 ARCHIVE/Printings/Fourth/Research Archive/data/SPARC/MassModels_Lelli2016c.mrt,MONOGRAPH/90 ARCHIVE/Printings/Fourth/Research Archive/data/SPARC/MassModels_Lelli2016c.mrt,.mrt,269518,2026-08-01T14:49:17.977427+00:00,9108994b12cc401b94a1768beca61c53ec354779385c9c9cc571049f3043244c,False,2,MONOGRAPH/04 REPRODUCIBILITY/data/SPARC/MassModels_Lelli2016c.mrt,C:\Users\joesh\Documents\Codex\2026-08-02\files-mentioned-by-the-user-handoff\work\unified-mechanics-monograph\90 ARCHIVE\Printings\Fourth\Research Archive\data\SPARC\MassModels_Lelli2016c.mrt
MONOGRAPH,90 ARCHIVE/Printings/Fourth/Research Archive/data/SPARC/RAR.mrt,MONOGRAPH/90 ARCHIVE/Printings/Fourth/Research Archive/data/SPARC/RAR.mrt,.mrt,70842,2026-08-01T14:49:17.978539+00:00,826828a505ad4e51791dbd9c419dcf7a22a41589f33d5370107eb5eae6bb8992,False,2,MONOGRAPH/04 REPRODUCIBILITY/data/SPARC/RAR.mrt,C:\Users\joesh\Documents\Codex\2026-08-02\files-mentioned-by-the-user-handoff\work\unified-mechanics-monograph\90 ARCHIVE\Printings\Fourth\Research Archive\data\SPARC\RAR.mrt
MONOGRAPH,90 ARCHIVE/Printings/Fourth/Research Archive/data/SPARC/RARbins.mrt,MONOGRAPH/90 ARCHIVE/Printings/Fourth/Research Archive/data/SPARC/RARbins.mrt,.mrt,1229,2026-08-01T14:49:17.979071+00:00,24c69234cc018d8064bd0f737ab8f02d99f388970b1de9f6390d462a25b8e8ce,False,2,MONOGRAPH/04 REPRODUCIBILITY/data/SPARC/RARbins.mrt,C:\Users\joesh\Documents\Codex\2026-08-02\files-mentioned-by-the-user-handoff\work\unified-mechanics-monograph\90 ARCHIVE\Printings\Fourth\Research Archive\data\SPARC\RARbins.mrt
MONOGRAPH,90 ARCHIVE/Printings/Fourth/Research Archive/data/SPARC/SPARC_Lelli2016c.mrt,MONOGRAPH/90 ARCHIVE/Printings/Fourth/Research Archive/data/SPARC/SPARC_Lelli2016c.mrt,.mrt,28532,2026-08-01T14:49:17.980337+00:00,119d91f07aa8bf4c9be003ea2e836f45f28d7cb88f65dc3dabe87269f95be74a,False,2,MONOGRAPH/04 REPRODUCIBILITY/data/SPARC/SPARC_Lelli2016c.mrt,C:\Users\joesh\Documents\Codex\2026-08-02\files-mentioned-by-the-user-handoff\work\unified-mechanics-monograph\90 ARCHIVE\Printings\Fourth\Research Archive\data\SPARC\SPARC_Lelli2016c.mrt
MONOGRAPH,90 ARCHIVE/Printings/Fourth/Research Archive/figures/dev_screen.png,MONOGRAPH/90 ARCHIVE/Printings/Fourth/Research Archive/figures/dev_screen.png,.png,155567,2026-08-01T14:49:17.982022+00:00,4f0411bf4c670fa0650d43532e4c656f732e1256c4b96412126d67049403f02a,False,2,MONOGRAPH/04 REPRODUCIBILITY/figures/dev_screen.png,C:\Users\joesh\Documents\Codex\2026-08-02\files-mentioned-by-the-user-handoff\work\unified-mechanics-monograph\90 ARCHIVE\Printings\Fourth\Research Archive\figures\dev_screen.png
MONOGRAPH,90 ARCHIVE/Printings/Fourth/Research Archive/figures/golden_skeleton.png,MONOGRAPH/90 ARCHIVE/Printings/Fourth/Research Archive/figures/golden_skeleton.png,.png,167053,2026-08-01T14:49:17.984334+00:00,246d8d6ea3ba659eef474881280d561d7636730c8ab8109e2bb33770234411ae,False,2,MONOGRAPH/04 REPRODUCIBILITY/figures/golden_skeleton.png,C:\Users\joesh\Documents\Codex\2026-08-02\files-mentioned-by-the-user-handoff\work\unified-mechanics-monograph\90 ARCHIVE\Printings\Fourth\Research Archive\figures\golden_skeleton.png
MONOGRAPH,90 ARCHIVE/Printings/Fourth/Research Archive/figures/interface_settled.png,MONOGRAPH/90 ARCHIVE/Printings/Fourth/Research Archive/figures/interface_settled.png,.png,174011,2026-08-01T14:49:17.986334+00:00,c529cc8582b2779059763d8ec87c96e56bf0da69f039185fc4ff9ba40baecba7,False,2,MONOGRAPH/04 REPRODUCIBILITY/figures/interface_settled.png,C:\Users\joesh\Documents\Codex\2026-08-02\files-mentioned-by-the-user-handoff\work\unified-mechanics-monograph\90 ARCHIVE\Printings\Fourth\Research Archive\figures\interface_settled.png
MONOGRAPH,90 ARCHIVE/Printings/Fourth/Research Archive/figures/neuro_screen.png,MONOGRAPH/90 ARCHIVE/Printings/Fourth/Research Archive/figures/neuro_screen.png,.png,107226,2026-08-01T14:49:17.987834+00:00,56e69e4ebeebe9a3163b8bf1cb327e5179dc4c542d36f9e52780480c1835c6f6,False,2,MONOGRAPH/04 REPRODUCIBILITY/figures/neuro_screen.png,C:\Users\joesh\Documents\Codex\2026-08-02\files-mentioned-by-the-user-handoff\work\unified-mechanics-monograph\90 ARCHIVE\Printings\Fourth\Research Archive\figures\neuro_screen.png
MONOGRAPH,90 ARCHIVE/Printings/Fourth/Research Archive/figures/sgz_screen.png,MONOGRAPH/90 ARCHIVE/Printings/Fourth/Research Archive/figures/sgz_screen.png,.png,80087,2026-08-01T14:49:17.988949+00:00,40ed3b3fc120e808da2145925009d3755ebeb4181173abf779f2562efe501771,False,2,MONOGRAPH/04 REPRODUCIBILITY/figures/sgz_screen.png,C:\Users\joesh\Documents\Codex\2026-08-02\files-mentioned-by-the-user-handoff\work\unified-mechanics-monograph\90 ARCHIVE\Printings\Fourth\Research Archive\figures\sgz_screen.png
MONOGRAPH,90 ARCHIVE/Printings/Fourth/Research Archive/figures/sparc_rar.png,MONOGRAPH/90 ARCHIVE/Printings/Fourth/Research Archive/figures/sparc_rar.png,.png,187474,2026-08-01T14:49:17.990959+00:00,50807fa6a3aaaae1dc8adf936f9082bc8857a6a2ae63248ef57fc36d582497b2,True,1,MONOGRAPH/90 ARCHIVE/Printings/Fourth/Research Archive/figures/sparc_rar.png,C:\Users\joesh\Documents\Codex\2026-08-02\files-mentioned-by-the-user-handoff\work\unified-mechanics-monograph\90 ARCHIVE\Printings\Fourth\Research Archive\figures\sparc_rar.png
MONOGRAPH,90 ARCHIVE/Printings/Fourth/Research Archive/README.md,MONOGRAPH/90 ARCHIVE/Printings/Fourth/Research Archive/README.md,.md,1830,2026-08-01T14:49:17.970523+00:00,c3345f98ce45abcee464d6337367cce5c1ec6e0367be7aa96ed78af3e5f1f01b,True,1,MONOGRAPH/90 ARCHIVE/Printings/Fourth/Research Archive/README.md,C:\Users\joesh\Documents\Codex\2026-08-02\files-mentioned-by-the-user-handoff\work\unified-mechanics-monograph\90 ARCHIVE\Printings\Fourth\Research Archive\README.md
MONOGRAPH,90 ARCHIVE/Printings/Fourth/Research Archive/results/dev_cross.json,MONOGRAPH/90 ARCHIVE/Printings/Fourth/Research Archive/results/dev_cross.json,.json,53,2026-08-01T14:49:17.991960+00:00,0a6e02f6cb6025356177380207144058b769df5af1b773d05cfd1f5313af0ad8,False,2,MONOGRAPH/04 REPRODUCIBILITY/results/dev_cross.json,C:\Users\joesh\Documents\Codex\2026-08-02\files-mentioned-by-the-user-handoff\work\unified-mechanics-monograph\90 ARCHIVE\Printings\Fourth\Research Archive\results\dev_cross.json
MONOGRAPH,90 ARCHIVE/Printings/Fourth/Research Archive/results/dev_result.json,MONOGRAPH/90 ARCHIVE/Printings/Fourth/Research Archive/results/dev_result.json,.json,1082,2026-08-01T14:49:17.992960+00:00,71e255d28fa11d96310dd7f24b94583a784cb955d53fbfff43945641123a29b9,False,2,MONOGRAPH/04 REPRODUCIBILITY/results/dev_result.json,C:\Users\joesh\Documents\Codex\2026-08-02\files-mentioned-by-the-user-handoff\work\unified-mechanics-monograph\90 ARCHIVE\Printings\Fourth\Research Archive\results\dev_result.json
MONOGRAPH,90 ARCHIVE/Printings/Fourth/Research Archive/results/interface_results.json,MONOGRAPH/90 ARCHIVE/Printings/Fourth/Research Archive/results/interface_results.json,.json,1334,2026-08-01T14:49:17.994041+00:00,9ce7d383b9914ac267cbf5b318911101ad8123863c2d541e69e63f45581563cd,True,1,MONOGRAPH/90 ARCHIVE/Printings/Fourth/Research Archive/results/interface_results.json,C:\Users\joesh\Documents\Codex\2026-08-02\files-mentioned-by-the-user-handoff\work\unified-mechanics-monograph\90 ARCHIVE\Printings\Fourth\Research Archive\results\interface_results.json
MONOGRAPH,90 ARCHIVE/Printings/Fourth/Research Archive/results/neuro_result.json,MONOGRAPH/90 ARCHIVE/Printings/Fourth/Research Archive/results/neuro_result.json,.json,5275,2026-08-01T14:49:17.994541+00:00,6e63a1fe7a7771fdfc50d6c0d3f7709caf99f43fa3dadb524f63c1143f295dd7,False,2,MONOGRAPH/04 REPRODUCIBILITY/results/neuro_result.json,C:\Users\joesh\Documents\Codex\2026-08-02\files-mentioned-by-the-user-handoff\work\unified-mechanics-monograph\90 ARCHIVE\Printings\Fourth\Research Archive\results\neuro_result.json
MONOGRAPH,90 ARCHIVE/Printings/Fourth/Research Archive/results/sgz_result.json,MONOGRAPH/90 ARCHIVE/Printings/Fourth/Research Archive/results/sgz_result.json,.json,265,2026-08-01T14:49:17.995542+00:00,e6a67fb401e2159ec93d8d128a23e69ff9540bb8c49d90caef6a52427199bddf,False,2,MONOGRAPH/04 REPRODUCIBILITY/results/sgz_result.json,C:\Users\joesh\Documents\Codex\2026-08-02\files-mentioned-by-the-user-handoff\work\unified-mechanics-monograph\90 ARCHIVE\Printings\Fourth\Research Archive\results\sgz_result.json
MONOGRAPH,90 ARCHIVE/Printings/Fourth/Research Archive/results/sparc_results.json,MONOGRAPH/90 ARCHIVE/Printings/Fourth/Research Archive/results/sparc_results.json,.json,914,2026-08-01T14:49:17.996667+00:00,dc0a39b13ede212f17ed0ecc4ee29f80db7448a21a4c1e0ff4ceb63340143c2b,True,1,MONOGRAPH/90 ARCHIVE/Printings/Fourth/Research Archive/results/sparc_results.json,C:\Users\joesh\Documents\Codex\2026-08-02\files-mentioned-by-the-user-handoff\work\unified-mechanics-monograph\90 ARCHIVE\Printings\Fourth\Research Archive\results\sparc_results.json
MONOGRAPH,90 ARCHIVE/Printings/Fourth/Research Archive/scripts/dev_neurogenesis_test.py,MONOGRAPH/90 ARCHIVE/Printings/Fourth/Research Archive/scripts/dev_neurogenesis_test.py,.py,1923,2026-08-01T14:49:17.998167+00:00,fc7bd86066a9a6a136ab3873649a6325e1d6e625a43eb5506bed68c2a8b1e17b,True,1,MONOGRAPH/90 ARCHIVE/Printings/Fourth/Research Archive/scripts/dev_neurogenesis_test.py,C:\Users\joesh\Documents\Codex\2026-08-02\files-mentioned-by-the-user-handoff\work\unified-mechanics-monograph\90 ARCHIVE\Printings\Fourth\Research Archive\scripts\dev_neurogenesis_test.py
MONOGRAPH,90 ARCHIVE/Printings/Fourth/Research Archive/scripts/e8_golden_tests.py,MONOGRAPH/90 ARCHIVE/Printings/Fourth/Research Archive/scripts/e8_golden_tests.py,.py,3870,2026-08-01T14:49:17.998709+00:00,6b6af9428f002f38c5ec6d22e0159fba8fc89f5dc9a93750721e5d1072792d68,True,1,MONOGRAPH/90 ARCHIVE/Printings/Fourth/Research Archive/scripts/e8_golden_tests.py,C:\Users\joesh\Documents\Codex\2026-08-02\files-mentioned-by-the-user-handoff\work\unified-mechanics-monograph\90 ARCHIVE\Printings\Fourth\Research Archive\scripts\e8_golden_tests.py
MONOGRAPH,90 ARCHIVE/Printings/Fourth/Research Archive/scripts/interface_integral_test.py,MONOGRAPH/90 ARCHIVE/Printings/Fourth/Research Archive/scripts/interface_integral_test.py,.py,2401,2026-08-01T14:49:18.000209+00:00,d9a342e39f3f08ff66f4732d26f30e40a67b84d5f0abfd8a94b8673ed3e249d4,True,1,MONOGRAPH/90 ARCHIVE/Printings/Fourth/Research Archive/scripts/interface_integral_test.py,C:\Users\joesh\Documents\Codex\2026-08-02\files-mentioned-by-the-user-handoff\work\unified-mechanics-monograph\90 ARCHIVE\Printings\Fourth\Research Archive\scripts\interface_integral_test.py
MONOGRAPH,90 ARCHIVE/Printings/Fourth/Research Archive/scripts/neuro_avalanche_test.py,MONOGRAPH/90 ARCHIVE/Printings/Fourth/Research Archive/scripts/neuro_avalanche_test.py,.py,2184,2026-08-01T14:49:18.000709+00:00,72f8cb5d9a7b93c1922c30ba96fb7ec8bd3755f012d9d12d435208beb22f99c3,True,1,MONOGRAPH/90 ARCHIVE/Printings/Fourth/Research Archive/scripts/neuro_avalanche_test.py,C:\Users\joesh\Documents\Codex\2026-08-02\files-mentioned-by-the-user-handoff\work\unified-mechanics-monograph\90 ARCHIVE\Printings\Fourth\Research Archive\scripts\neuro_avalanche_test.py
MONOGRAPH,90 ARCHIVE/Printings/Fourth/Research Archive/scripts/sgz_balanced_turnover_test.py,MONOGRAPH/90 ARCHIVE/Printings/Fourth/Research Archive/scripts/sgz_balanced_turnover_test.py,.py,1252,2026-08-01T14:49:18.001710+00:00,49f3689e9a84f884e21910351c1ba43d733cf206ce9666cddae1b5c5eab3f650,True,1,MONOGRAPH/90 ARCHIVE/Printings/Fourth/Research Archive/scripts/sgz_balanced_turnover_test.py,C:\Users\joesh\Documents\Codex\2026-08-02\files-mentioned-by-the-user-handoff\work\unified-mechanics-monograph\90 ARCHIVE\Printings\Fourth\Research Archive\scripts\sgz_balanced_turnover_test.py
MONOGRAPH,90 ARCHIVE/Printings/Fourth/Research Archive/scripts/sparc_test.py,MONOGRAPH/90 ARCHIVE/Printings/Fourth/Research Archive/scripts/sparc_test.py,.py,6926,2026-08-01T14:49:18.002894+00:00,914aff77bd97e7573c3157ad0adbf2634cbd74d518d6b6092556651b8c6a9ee2,True,1,MONOGRAPH/90 ARCHIVE/Printings/Fourth/Research Archive/scripts/sparc_test.py,C:\Users\joesh\Documents\Codex\2026-08-02\files-mentioned-by-the-user-handoff\work\unified-mechanics-monograph\90 ARCHIVE\Printings\Fourth\Research Archive\scripts\sparc_test.py
MONOGRAPH,90 ARCHIVE/Printings/Fourth/Research Archive/Systems of Interpretation — detailed workings/Application 02 — The Processing-Machine Motif and a Neuronal Test.docx,MONOGRAPH/90 ARCHIVE/Printings/Fourth/Research Archive/Systems of Interpretation — detailed workings/Application 02 — The Processing-Machine Motif and a Neuronal Test.docx,.docx,119309,2026-08-01T14:49:17.971522+00:00,c14fdc6ebc3d9397480c6f46fd3fb91c8d15c6510a27a73cbe2a3ab8e99213ec,False,2,MONOGRAPH/04 REPRODUCIBILITY/application notes/Application 02 — The Processing-Machine Motif and a Neuronal Test.docx,C:\Users\joesh\Documents\Codex\2026-08-02\files-mentioned-by-the-user-handoff\work\unified-mechanics-monograph\90 ARCHIVE\Printings\Fourth\Research Archive\Systems of Interpretation — detailed workings\Application 02 — The Processing-Machine Motif and a Neuronal Test.docx
MONOGRAPH,90 ARCHIVE/Printings/Fourth/Research Archive/Systems of Interpretation — detailed workings/Application 02 — The Processing-Machine Motif and a Neuronal Test.pdf,MONOGRAPH/90 ARCHIVE/Printings/Fourth/Research Archive/Systems of Interpretation — detailed workings/Application 02 — The Processing-Machine Motif and a Neuronal Test.pdf,.pdf,206578,2026-08-01T14:49:17.972725+00:00,c215955544584d2da023a6e8ada1a1d0ba4f942644bf51e2c446f9c5ea419867,True,1,MONOGRAPH/90 ARCHIVE/Printings/Fourth/Research Archive/Systems of Interpretation — detailed workings/Application 02 — The Processing-Machine Motif and a Neuronal Test.pdf,C:\Users\joesh\Documents\Codex\2026-08-02\files-mentioned-by-the-user-handoff\work\unified-mechanics-monograph\90 ARCHIVE\Printings\Fourth\Research Archive\Systems of Interpretation — detailed workings\Application 02 — The Processing-Machine Motif and a Neuronal Test.pdf
MONOGRAPH,90 ARCHIVE/Printings/Fourth/Research Archive/Systems of Interpretation — detailed workings/Application 04 — The Balanced-Turnover Test (Subgranular Zone).docx,MONOGRAPH/90 ARCHIVE/Printings/Fourth/Research Archive/Systems of Interpretation — detailed workings/Application 04 — The Balanced-Turnover Test (Subgranular Zone).docx,.docx,90525,2026-08-01T14:49:17.974286+00:00,d0d04f86d54d44cf3d0bc40d635f7123f607b3f435496d0b79ae7f6ca71ec4f3,False,2,MONOGRAPH/04 REPRODUCIBILITY/application notes/Application 04 — The Balanced-Turnover Test (Subgranular Zone).docx,C:\Users\joesh\Documents\Codex\2026-08-02\files-mentioned-by-the-user-handoff\work\unified-mechanics-monograph\90 ARCHIVE\Printings\Fourth\Research Archive\Systems of Interpretation — detailed workings\Application 04 — The Balanced-Turnover Test (Subgranular Zone).docx
MONOGRAPH,90 ARCHIVE/Printings/Fourth/Research Archive/Systems of Interpretation — detailed workings/Application 04 — The Balanced-Turnover Test (Subgranular Zone).pdf,MONOGRAPH/90 ARCHIVE/Printings/Fourth/Research Archive/Systems of Interpretation — detailed workings/Application 04 — The Balanced-Turnover Test (Subgranular Zone).pdf,.pdf,146058,2026-08-01T14:49:17.975337+00:00,f9c31b4d6c57b6d4997671f5050c473c4f3e75722443313c303e72f0f0e9e2e3,True,1,MONOGRAPH/90 ARCHIVE/Printings/Fourth/Research Archive/Systems of Interpretation — detailed workings/Application 04 — The Balanced-Turnover Test (Subgranular Zone).pdf,C:\Users\joesh\Documents\Codex\2026-08-02\files-mentioned-by-the-user-handoff\work\unified-mechanics-monograph\90 ARCHIVE\Printings\Fourth\Research Archive\Systems of Interpretation — detailed workings\Application 04 — The Balanced-Turnover Test (Subgranular Zone).pdf
MONOGRAPH,90 ARCHIVE/Printings/Fourth/Unified Mechanics — The Formal Register.docx,MONOGRAPH/90 ARCHIVE/Printings/Fourth/Unified Mechanics — The Formal Register.docx,.docx,19756,2026-08-01T14:49:18.003894+00:00,af4b5bf265095889627dca4c88b4687eeb9a428c35e5f26b9d16ba8d9769ed1b,True,1,MONOGRAPH/90 ARCHIVE/Printings/Fourth/Unified Mechanics — The Formal Register.docx,C:\Users\joesh\Documents\Codex\2026-08-02\files-mentioned-by-the-user-handoff\work\unified-mechanics-monograph\90 ARCHIVE\Printings\Fourth\Unified Mechanics — The Formal Register.docx
MONOGRAPH,90 ARCHIVE/Printings/Fourth/Unified Mechanics — The Formal Register.pdf,MONOGRAPH/90 ARCHIVE/Printings/Fourth/Unified Mechanics — The Formal Register.pdf,.pdf,163005,2026-08-01T14:49:18.005150+00:00,bf38c95088a61b8ede4163c55f565c3b7ca2da5ddbaa4dce5947e48c68771b00,True,2,MONOGRAPH/90 ARCHIVE/Printings/Fourth/Unified Mechanics — The Formal Register.pdf,C:\Users\joesh\Documents\Codex\2026-08-02\files-mentioned-by-the-user-handoff\work\unified-mechanics-monograph\90 ARCHIVE\Printings\Fourth\Unified Mechanics — The Formal Register.pdf
MONOGRAPH,90 ARCHIVE/Printings/Fourth/Universopedia — Systems of Interpretation.docx,MONOGRAPH/90 ARCHIVE/Printings/Fourth/Universopedia — Systems of Interpretation.docx,.docx,14971,2026-08-01T14:49:18.006153+00:00,bc5b5bdfb03560469ed0ba51818a17a82819d0b5af8696579e8bc3098cb92e2b,False,2,"MONOGRAPH/01 CORE BOOKS/Sources/B2 — Universopedia, Systems of Interpretation.docx",C:\Users\joesh\Documents\Codex\2026-08-02\files-mentioned-by-the-user-handoff\work\unified-mechanics-monograph\90 ARCHIVE\Printings\Fourth\Universopedia — Systems of Interpretation.docx
MONOGRAPH,90 ARCHIVE/Printings/Fourth/Universopedia — Systems of Interpretation.pdf,MONOGRAPH/90 ARCHIVE/Printings/Fourth/Universopedia — Systems of Interpretation.pdf,.pdf,104035,2026-08-01T14:49:18.007154+00:00,9bc3b2494e1c357121d628fe013a1a7d407d45c99201b60c2de91362b4e223e9,True,1,MONOGRAPH/90 ARCHIVE/Printings/Fourth/Universopedia — Systems of Interpretation.pdf,C:\Users\joesh\Documents\Codex\2026-08-02\files-mentioned-by-the-user-handoff\work\unified-mechanics-monograph\90 ARCHIVE\Printings\Fourth\Universopedia — Systems of Interpretation.pdf
MONOGRAPH,90 ARCHIVE/Printings/Fourth/Universopedia — The Observational Standard.docx,MONOGRAPH/90 ARCHIVE/Printings/Fourth/Universopedia — The Observational Standard.docx,.docx,254140,2026-08-01T14:49:18.009276+00:00,3b0db48fcbfbbaf873a8b8ff361c2bf8dd61b5353a054b2c82ba8c376848c9c6,False,2,"MONOGRAPH/01 CORE BOOKS/Sources/B1 — Universopedia, The Observational Standard.docx",C:\Users\joesh\Documents\Codex\2026-08-02\files-mentioned-by-the-user-handoff\work\unified-mechanics-monograph\90 ARCHIVE\Printings\Fourth\Universopedia — The Observational Standard.docx
MONOGRAPH,90 ARCHIVE/Printings/Fourth/Universopedia — The Observational Standard.pdf,MONOGRAPH/90 ARCHIVE/Printings/Fourth/Universopedia — The Observational Standard.pdf,.pdf,1834546,2026-08-01T14:49:18.015399+00:00,58cdc747a1666bd3e9ef86561935de5a4b64425a0ff35385c15e4d0d9bbf1c9c,True,1,MONOGRAPH/90 ARCHIVE/Printings/Fourth/Universopedia — The Observational Standard.pdf,C:\Users\joesh\Documents\Codex\2026-08-02\files-mentioned-by-the-user-handoff\work\unified-mechanics-monograph\90 ARCHIVE\Printings\Fourth\Universopedia — The Observational Standard.pdf
MONOGRAPH,ADDENDA/00 ADDENDA INDEX.md,MONOGRAPH/ADDENDA/00 ADDENDA INDEX.md,.md,19783,2026-08-01T14:49:18.016526+00:00,b68c270752b8943acfefebd594531d165af385268df3e0475e914502bde277bc,True,2,MONOGRAPH/ADDENDA/00 ADDENDA INDEX.md,C:\Users\joesh\Documents\Codex\2026-08-02\files-mentioned-by-the-user-handoff\work\unified-mechanics-monograph\ADDENDA\00 ADDENDA INDEX.md
MONOGRAPH,ADDENDA/00 hash_addenda.py,MONOGRAPH/ADDENDA/00 hash_addenda.py,.py,818,2026-08-01T14:49:18.017061+00:00,61c50edb6fdc93b5c307f16d704f5114a507b4c005dbe8eb9803889fdb1d72a2,True,1,MONOGRAPH/ADDENDA/00 hash_addenda.py,C:\Users\joesh\Documents\Codex\2026-08-02\files-mentioned-by-the-user-handoff\work\unified-mechanics-monograph\ADDENDA\00 hash_addenda.py
MONOGRAPH,ADDENDA/A01 The Resolution Operator/SHA256SUMS.txt,MONOGRAPH/ADDENDA/A01 The Resolution Operator/SHA256SUMS.txt,.txt,225,2026-08-01T14:49:18.017588+00:00,475203056bc04759d76a3e6678e42679ca623731c3124629bb26a6790f9e42a4,True,2,MONOGRAPH/ADDENDA/A01 The Resolution Operator/SHA256SUMS.txt,C:\Users\joesh\Documents\Codex\2026-08-02\files-mentioned-by-the-user-handoff\work\unified-mechanics-monograph\ADDENDA\A01 The Resolution Operator\SHA256SUMS.txt
MONOGRAPH,ADDENDA/A01 The Resolution Operator/The_Resolution_Operator_Joseph_Shields.docx,MONOGRAPH/ADDENDA/A01 The Resolution Operator/The_Resolution_Operator_Joseph_Shields.docx,.docx,49368,2026-08-01T14:49:18.018789+00:00,f9d9b5b69613d40b400f31c1fe7c48a28c9b8a761c42d84c5c20c20af0857faa,True,2,MONOGRAPH/ADDENDA/A01 The Resolution Operator/The_Resolution_Operator_Joseph_Shields.docx,C:\Users\joesh\Documents\Codex\2026-08-02\files-mentioned-by-the-user-handoff\work\unified-mechanics-monograph\ADDENDA\A01 The Resolution Operator\The_Resolution_Operator_Joseph_Shields.docx
MONOGRAPH,ADDENDA/A01 The Resolution Operator/The_Resolution_Operator_Joseph_Shields.pdf,MONOGRAPH/ADDENDA/A01 The Resolution Operator/The_Resolution_Operator_Joseph_Shields.pdf,.pdf,199547,2026-08-01T14:49:18.021002+00:00,4db4bd93cffe4cd507917e608faf817a1de586c788265e96584c317b10c75306,True,2,MONOGRAPH/ADDENDA/A01 The Resolution Operator/The_Resolution_Operator_Joseph_Shields.pdf,C:\Users\joesh\Documents\Codex\2026-08-02\files-mentioned-by-the-user-handoff\work\unified-mechanics-monograph\ADDENDA\A01 The Resolution Operator\The_Resolution_Operator_Joseph_Shields.pdf
MONOGRAPH,ADDENDA/A02 The Field Derivation Suite/SHA256SUMS.txt,MONOGRAPH/ADDENDA/A02 The Field Derivation Suite/SHA256SUMS.txt,.txt,184,2026-08-01T14:49:18.022166+00:00,7d96383f5e596ad8a35c43e44be12c509925f3ada084678f16930bb52e805549,True,2,MONOGRAPH/ADDENDA/A02 The Field Derivation Suite/SHA256SUMS.txt,C:\Users\joesh\Documents\Codex\2026-08-02\files-mentioned-by-the-user-handoff\work\unified-mechanics-monograph\ADDENDA\A02 The Field Derivation Suite\SHA256SUMS.txt
MONOGRAPH,ADDENDA/A02 The Field Derivation Suite/um_field_suite.py,MONOGRAPH/ADDENDA/A02 The Field Derivation Suite/um_field_suite.py,.py,19871,2026-08-01T14:49:18.023166+00:00,a06d6cb181fe4c050442e059e9632d08a91814dd10e1cf15a3b2d9df4470d3c3,True,1,MONOGRAPH/ADDENDA/A02 The Field Derivation Suite/um_field_suite.py,C:\Users\joesh\Documents\Codex\2026-08-02\files-mentioned-by-the-user-handoff\work\unified-mechanics-monograph\ADDENDA\A02 The Field Derivation Suite\um_field_suite.py
MONOGRAPH,ADDENDA/A02 The Field Derivation Suite/um_field_suite_results.json,MONOGRAPH/ADDENDA/A02 The Field Derivation Suite/um_field_suite_results.json,.json,13206,2026-08-01T14:49:18.023666+00:00,d770be1b04b36970826c81f83a190a9715a566b8e968162700b54350cc9f018b,True,2,MONOGRAPH/ADDENDA/A02 The Field Derivation Suite/um_field_suite_results.json,C:\Users\joesh\Documents\Codex\2026-08-02\files-mentioned-by-the-user-handoff\work\unified-mechanics-monograph\ADDENDA\A02 The Field Derivation Suite\um_field_suite_results.json
MONOGRAPH,ADDENDA/A03 The Forward Solver/SHA256SUMS.txt,MONOGRAPH/ADDENDA/A03 The Forward Solver/SHA256SUMS.txt,.txt,305,2026-08-01T14:49:18.025329+00:00,43e8d27d0812d9a3b9639d72026358de997e0ac37208e1bc2e9377e854a82078,True,2,MONOGRAPH/ADDENDA/A03 The Forward Solver/SHA256SUMS.txt,C:\Users\joesh\Documents\Codex\2026-08-02\files-mentioned-by-the-user-handoff\work\unified-mechanics-monograph\ADDENDA\A03 The Forward Solver\SHA256SUMS.txt
MONOGRAPH,ADDENDA/A03 The Forward Solver/um_forward_solver.py,MONOGRAPH/ADDENDA/A03 The Forward Solver/um_forward_solver.py,.py,14292,2026-08-01T14:49:18.026921+00:00,7e944882b29b032f852ceabdb8cb17dda9e365a66e7b1a2323e9fd6a7a6fa0e3,True,1,MONOGRAPH/ADDENDA/A03 The Forward Solver/um_forward_solver.py,C:\Users\joesh\Documents\Codex\2026-08-02\files-mentioned-by-the-user-handoff\work\unified-mechanics-monograph\ADDENDA\A03 The Forward Solver\um_forward_solver.py
MONOGRAPH,ADDENDA/A03 The Forward Solver/um_forward_solver_results.json,MONOGRAPH/ADDENDA/A03 The Forward Solver/um_forward_solver_results.json,.json,2538,2026-08-01T14:49:18.027451+00:00,66407c6fd0bc614aa6392cb8d694b5d3ecfd993c59dea69e5c13d3655ced2c28,True,2,MONOGRAPH/ADDENDA/A03 The Forward Solver/um_forward_solver_results.json,C:\Users\joesh\Documents\Codex\2026-08-02\files-mentioned-by-the-user-handoff\work\unified-mechanics-monograph\ADDENDA\A03 The Forward Solver\um_forward_solver_results.json
MONOGRAPH,ADDENDA/A04 The Internal State Instrument/internal_state_instrument.py,MONOGRAPH/ADDENDA/A04 The Internal State Instrument/internal_state_instrument.py,.py,7933,2026-08-01T14:49:18.032520+00:00,1fb3c2db91ba2852bb655ad21d2de596a3b5f2622a1e28c8f5bdd70ac1bc07cf,True,1,MONOGRAPH/ADDENDA/A04 The Internal State Instrument/internal_state_instrument.py,C:\Users\joesh\Documents\Codex\2026-08-02\files-mentioned-by-the-user-handoff\work\unified-mechanics-monograph\ADDENDA\A04 The Internal State Instrument\internal_state_instrument.py
MONOGRAPH,ADDENDA/A04 The Internal State Instrument/internal_state_instrument_results.json,MONOGRAPH/ADDENDA/A04 The Internal State Instrument/internal_state_instrument_results.json,.json,6968,2026-08-01T14:49:18.033984+00:00,5ef4e78f5d033374c24bf16838d98413b181ef40380409a93e16cda3d3b2db81,True,2,MONOGRAPH/ADDENDA/A04 The Internal State Instrument/internal_state_instrument_results.json,C:\Users\joesh\Documents\Codex\2026-08-02\files-mentioned-by-the-user-handoff\work\unified-mechanics-monograph\ADDENDA\A04 The Internal State Instrument\internal_state_instrument_results.json
MONOGRAPH,ADDENDA/A04 The Internal State Instrument/SHA256SUMS.txt,MONOGRAPH/ADDENDA/A04 The Internal State Instrument/SHA256SUMS.txt,.txt,443,2026-08-01T14:49:18.028450+00:00,7f24e0d516e111d311c8c51d8c80d0ae8c4e2ee22c584c0dc180dc765d18937b,True,2,MONOGRAPH/ADDENDA/A04 The Internal State Instrument/SHA256SUMS.txt,C:\Users\joesh\Documents\Codex\2026-08-02\files-mentioned-by-the-user-handoff\work\unified-mechanics-monograph\ADDENDA\A04 The Internal State Instrument\SHA256SUMS.txt
MONOGRAPH,ADDENDA/A04 The Internal State Instrument/The_Internal_State_Instrument_Joseph_Shields.docx,MONOGRAPH/ADDENDA/A04 The Internal State Instrument/The_Internal_State_Instrument_Joseph_Shields.docx,.docx,49221,2026-08-01T14:49:18.028951+00:00,170696d2eb197c7308db96471244bf28d1082fdcd020c39885276ef370a00266,True,2,MONOGRAPH/ADDENDA/A04 The Internal State Instrument/The_Internal_State_Instrument_Joseph_Shields.docx,C:\Users\joesh\Documents\Codex\2026-08-02\files-mentioned-by-the-user-handoff\work\unified-mechanics-monograph\ADDENDA\A04 The Internal State Instrument\The_Internal_State_Instrument_Joseph_Shields.docx
MONOGRAPH,ADDENDA/A04 The Internal State Instrument/The_Internal_State_Instrument_Joseph_Shields.pdf,MONOGRAPH/ADDENDA/A04 The Internal State Instrument/The_Internal_State_Instrument_Joseph_Shields.pdf,.pdf,231547,2026-08-01T14:49:18.031897+00:00,99925f34accc0751f52fc52fbbf46cad4bf70eb95470cad1add40c5174ead581,True,2,MONOGRAPH/ADDENDA/A04 The Internal State Instrument/The_Internal_State_Instrument_Joseph_Shields.pdf,C:\Users\joesh\Documents\Codex\2026-08-02\files-mentioned-by-the-user-handoff\work\unified-mechanics-monograph\ADDENDA\A04 The Internal State Instrument\The_Internal_State_Instrument_Joseph_Shields.pdf
MONOGRAPH,ADDENDA/A05 Prediction From The Colour Average/colour_average_prediction.png,MONOGRAPH/ADDENDA/A05 Prediction From The Colour Average/colour_average_prediction.png,.png,420362,2026-08-01T14:49:18.039135+00:00,5b595ebace9cc34b5d7b260ee584a2b8ad2b04ed21b0e598b6fdde8fae06cbc8,True,2,MONOGRAPH/ADDENDA/A05 Prediction From The Colour Average/colour_average_prediction.png,C:\Users\joesh\Documents\Codex\2026-08-02\files-mentioned-by-the-user-handoff\work\unified-mechanics-monograph\ADDENDA\A05 Prediction From The Colour Average\colour_average_prediction.png
MONOGRAPH,ADDENDA/A05 Prediction From The Colour Average/colour_average_prediction.py,MONOGRAPH/ADDENDA/A05 Prediction From The Colour Average/colour_average_prediction.py,.py,11991,2026-08-01T14:49:18.040136+00:00,722e3a8699ea778658224ca0b48d85bbf25a1bc8aef6075d53e9ea5721ef35c4,True,2,MONOGRAPH/ADDENDA/A05 Prediction From The Colour Average/colour_average_prediction.py,C:\Users\joesh\Documents\Codex\2026-08-02\files-mentioned-by-the-user-handoff\work\unified-mechanics-monograph\ADDENDA\A05 Prediction From The Colour Average\colour_average_prediction.py
MONOGRAPH,ADDENDA/A05 Prediction From The Colour Average/colour_average_prediction_results.json,MONOGRAPH/ADDENDA/A05 Prediction From The Colour Average/colour_average_prediction_results.json,.json,3534,2026-08-01T14:49:18.040755+00:00,9793a4dfa44755b26ff53d454acba1e9c5b6172beda765477a0ed4444d1ebd82,True,2,MONOGRAPH/ADDENDA/A05 Prediction From The Colour Average/colour_average_prediction_results.json,C:\Users\joesh\Documents\Codex\2026-08-02\files-mentioned-by-the-user-handoff\work\unified-mechanics-monograph\ADDENDA\A05 Prediction From The Colour Average\colour_average_prediction_results.json
MONOGRAPH,ADDENDA/A05 Prediction From The Colour Average/SHA256SUMS.txt,MONOGRAPH/ADDENDA/A05 Prediction From The Colour Average/SHA256SUMS.txt,.txt,305,2026-08-01T14:49:18.035174+00:00,48fdd62ac0683f75e03bceea538b35a98a716bf9f9223eca9483bf68de41c0ed,True,2,MONOGRAPH/ADDENDA/A05 Prediction From The Colour Average/SHA256SUMS.txt,C:\Users\joesh\Documents\Codex\2026-08-02\files-mentioned-by-the-user-handoff\work\unified-mechanics-monograph\ADDENDA\A05 Prediction From The Colour Average\SHA256SUMS.txt
MONOGRAPH,ADDENDA/A06 The Whole Thing Once/SHA256SUMS.txt,MONOGRAPH/ADDENDA/A06 The Whole Thing Once/SHA256SUMS.txt,.txt,219,2026-08-01T14:49:18.042038+00:00,14a7b14f5ea081326302aba2f09f729137409ce29700e04e02cdfce1cb70d329,True,2,MONOGRAPH/ADDENDA/A06 The Whole Thing Once/SHA256SUMS.txt,C:\Users\joesh\Documents\Codex\2026-08-02\files-mentioned-by-the-user-handoff\work\unified-mechanics-monograph\ADDENDA\A06 The Whole Thing Once\SHA256SUMS.txt
MONOGRAPH,ADDENDA/A06 The Whole Thing Once/The_Whole_Thing_Once_Joseph_Shields.docx,MONOGRAPH/ADDENDA/A06 The Whole Thing Once/The_Whole_Thing_Once_Joseph_Shields.docx,.docx,59530,2026-08-01T14:49:18.043538+00:00,350cb07bf21ca9276f9c2d8c8c60bdbb17d38f115118b428ec717b52841cc856,True,2,MONOGRAPH/ADDENDA/A06 The Whole Thing Once/The_Whole_Thing_Once_Joseph_Shields.docx,C:\Users\joesh\Documents\Codex\2026-08-02\files-mentioned-by-the-user-handoff\work\unified-mechanics-monograph\ADDENDA\A06 The Whole Thing Once\The_Whole_Thing_Once_Joseph_Shields.docx
MONOGRAPH,ADDENDA/A06 The Whole Thing Once/The_Whole_Thing_Once_Joseph_Shields.pdf,MONOGRAPH/ADDENDA/A06 The Whole Thing Once/The_Whole_Thing_Once_Joseph_Shields.pdf,.pdf,365997,2026-08-01T14:49:18.046038+00:00,de8b13f41933489b7fa53b089945d8f4af8673739ae1b1e261b8343808a9e7da,True,2,MONOGRAPH/ADDENDA/A06 The Whole Thing Once/The_Whole_Thing_Once_Joseph_Shields.pdf,C:\Users\joesh\Documents\Codex\2026-08-02\files-mentioned-by-the-user-handoff\work\unified-mechanics-monograph\ADDENDA\A06 The Whole Thing Once\The_Whole_Thing_Once_Joseph_Shields.pdf
MONOGRAPH,ADDENDA/A07 Helical Multiplication/helical_multiplication.py,MONOGRAPH/ADDENDA/A07 Helical Multiplication/helical_multiplication.py,.py,7823,2026-08-01T14:49:18.048343+00:00,92b803a6b4f3de064b09b7e363796ca7170046399f58a6c2a1b43551418df50c,True,2,MONOGRAPH/ADDENDA/A07 Helical Multiplication/helical_multiplication.py,C:\Users\joesh\Documents\Codex\2026-08-02\files-mentioned-by-the-user-handoff\work\unified-mechanics-monograph\ADDENDA\A07 Helical Multiplication\helical_multiplication.py
MONOGRAPH,ADDENDA/A07 Helical Multiplication/helical_multiplication_results.json,MONOGRAPH/ADDENDA/A07 Helical Multiplication/helical_multiplication_results.json,.json,4391,2026-08-01T14:49:18.048863+00:00,40c4f0fa4696dd6e4b04d764fc5b091c64fea392881aa9dc77292075d6e821b5,True,2,MONOGRAPH/ADDENDA/A07 Helical Multiplication/helical_multiplication_results.json,C:\Users\joesh\Documents\Codex\2026-08-02\files-mentioned-by-the-user-handoff\work\unified-mechanics-monograph\ADDENDA\A07 Helical Multiplication\helical_multiplication_results.json
MONOGRAPH,ADDENDA/A07 Helical Multiplication/SHA256SUMS.txt,MONOGRAPH/ADDENDA/A07 Helical Multiplication/SHA256SUMS.txt,.txt,200,2026-08-01T14:49:18.047039+00:00,8fd212a671d6d021860a28a69c5a6d16bd8ee7cb5851436391564a768e002ad0,True,2,MONOGRAPH/ADDENDA/A07 Helical Multiplication/SHA256SUMS.txt,C:\Users\joesh\Documents\Codex\2026-08-02\files-mentioned-by-the-user-handoff\work\unified-mechanics-monograph\ADDENDA\A07 Helical Multiplication\SHA256SUMS.txt
MONOGRAPH,ADDENDA/A08 The Calculator/NOTES.md,MONOGRAPH/ADDENDA/A08 The Calculator/NOTES.md,.md,2365,2026-08-01T14:49:18.050490+00:00,d11775a54b472f8135b1993285a8cd0e0dd3d3f583efe39e54ae275418911e74,True,1,MONOGRAPH/ADDENDA/A08 The Calculator/NOTES.md,C:\Users\joesh\Documents\Codex\2026-08-02\files-mentioned-by-the-user-handoff\work\unified-mechanics-monograph\ADDENDA\A08 The Calculator\NOTES.md
MONOGRAPH,ADDENDA/A08 The Calculator/SHA256SUMS.txt,MONOGRAPH/ADDENDA/A08 The Calculator/SHA256SUMS.txt,.txt,974,2026-08-01T14:49:18.050990+00:00,71a72a366a756c8d8df30b46f9157e5f3a9f38b83fc49d830c68871038529ad9,True,2,MONOGRAPH/ADDENDA/A08 The Calculator/SHA256SUMS.txt,C:\Users\joesh\Documents\Codex\2026-08-02\files-mentioned-by-the-user-handoff\work\unified-mechanics-monograph\ADDENDA\A08 The Calculator\SHA256SUMS.txt
MONOGRAPH,ADDENDA/A08 The Calculator/um_assemble.py,MONOGRAPH/ADDENDA/A08 The Calculator/um_assemble.py,.py,4092,2026-08-01T14:49:18.052272+00:00,6039fe8af54b207ad3a7253f3c6c62da8b4101d61a4a0ebcf4de2d5cebc5c3ee,True,1,MONOGRAPH/ADDENDA/A08 The Calculator/um_assemble.py,C:\Users\joesh\Documents\Codex\2026-08-02\files-mentioned-by-the-user-handoff\work\unified-mechanics-monograph\ADDENDA\A08 The Calculator\um_assemble.py
MONOGRAPH,ADDENDA/A08 The Calculator/um_assemble_results.json,MONOGRAPH/ADDENDA/A08 The Calculator/um_assemble_results.json,.json,2656,2026-08-01T14:49:18.052772+00:00,f70bf799afc4f7e3e37e5b3138cc021fb4e13c44f69ca957d573f3d4ba8720a6,True,2,MONOGRAPH/ADDENDA/A08 The Calculator/um_assemble_results.json,C:\Users\joesh\Documents\Codex\2026-08-02\files-mentioned-by-the-user-handoff\work\unified-mechanics-monograph\ADDENDA\A08 The Calculator\um_assemble_results.json
MONOGRAPH,ADDENDA/A08 The Calculator/um_calculator.py,MONOGRAPH/ADDENDA/A08 The Calculator/um_calculator.py,.py,11657,2026-08-01T14:49:18.053772+00:00,4ca8e00034a432c877f3266350f19745e3173ac35ae8712cb297baed8fee7eb6,True,2,MONOGRAPH/ADDENDA/A08 The Calculator/um_calculator.py,C:\Users\joesh\Documents\Codex\2026-08-02\files-mentioned-by-the-user-handoff\work\unified-mechanics-monograph\ADDENDA\A08 The Calculator\um_calculator.py
MONOGRAPH,ADDENDA/A08 The Calculator/um_calculator_results.json,MONOGRAPH/ADDENDA/A08 The Calculator/um_calculator_results.json,.json,12108,2026-08-01T14:49:18.054772+00:00,e11accfabd11ce8e5dfa5476528010d4552a7995d96a27b0b28a9398e572c91b,True,2,MONOGRAPH/ADDENDA/A08 The Calculator/um_calculator_results.json,C:\Users\joesh\Documents\Codex\2026-08-02\files-mentioned-by-the-user-handoff\work\unified-mechanics-monograph\ADDENDA\A08 The Calculator\um_calculator_results.json
MONOGRAPH,ADDENDA/A08 The Calculator/um_chain.py,MONOGRAPH/ADDENDA/A08 The Calculator/um_chain.py,.py,5020,2026-08-01T14:49:18.055272+00:00,64308636c379eab8b8366386a47d00231e2b6f0968a9cd2bbadcec488cb920b2,True,1,MONOGRAPH/ADDENDA/A08 The Calculator/um_chain.py,C:\Users\joesh\Documents\Codex\2026-08-02\files-mentioned-by-the-user-handoff\work\unified-mechanics-monograph\ADDENDA\A08 The Calculator\um_chain.py
MONOGRAPH,ADDENDA/A08 The Calculator/um_chain_results.json,MONOGRAPH/ADDENDA/A08 The Calculator/um_chain_results.json,.json,4043,2026-08-01T14:49:18.056272+00:00,3d700981bbf1faae01598f5b7ccd0bdf197749ae88e50f902b67c751f6eced6a,True,2,MONOGRAPH/ADDENDA/A08 The Calculator/um_chain_results.json,C:\Users\joesh\Documents\Codex\2026-08-02\files-mentioned-by-the-user-handoff\work\unified-mechanics-monograph\ADDENDA\A08 The Calculator\um_chain_results.json
MONOGRAPH,ADDENDA/A08 The Calculator/um_consensus.py,MONOGRAPH/ADDENDA/A08 The Calculator/um_consensus.py,.py,8616,2026-08-01T14:49:18.056816+00:00,a4a3bb258e47c8a5ab0de737e1a1b968a8ba8f55b39f7d59cbfa74e0255fadae,True,2,MONOGRAPH/ADDENDA/A08 The Calculator/um_consensus.py,C:\Users\joesh\Documents\Codex\2026-08-02\files-mentioned-by-the-user-handoff\work\unified-mechanics-monograph\ADDENDA\A08 The Calculator\um_consensus.py
MONOGRAPH,ADDENDA/A08 The Calculator/um_consensus_results.json,MONOGRAPH/ADDENDA/A08 The Calculator/um_consensus_results.json,.json,6384,2026-08-01T14:49:18.057857+00:00,012150132f2a7788e3aea13c8cb6f1316ed663c416c0ec4b070260c054025008,True,2,MONOGRAPH/ADDENDA/A08 The Calculator/um_consensus_results.json,C:\Users\joesh\Documents\Codex\2026-08-02\files-mentioned-by-the-user-handoff\work\unified-mechanics-monograph\ADDENDA\A08 The Calculator\um_consensus_results.json
MONOGRAPH,ADDENDA/A08 The Calculator/um_realisation.py,MONOGRAPH/ADDENDA/A08 The Calculator/um_realisation.py,.py,4669,2026-08-01T14:49:18.058358+00:00,385ae499842abb42485d7be77d0a684341063209abb4a32c0648264fd150e8bc,True,1,MONOGRAPH/ADDENDA/A08 The Calculator/um_realisation.py,C:\Users\joesh\Documents\Codex\2026-08-02\files-mentioned-by-the-user-handoff\work\unified-mechanics-monograph\ADDENDA\A08 The Calculator\um_realisation.py
MONOGRAPH,ADDENDA/A08 The Calculator/um_realisation_results.json,MONOGRAPH/ADDENDA/A08 The Calculator/um_realisation_results.json,.json,2398,2026-08-01T14:49:18.059381+00:00,e2855a9783b4190c84fc089cb14878c1ad077118e7f0c354454df044ab823d70,True,2,MONOGRAPH/ADDENDA/A08 The Calculator/um_realisation_results.json,C:\Users\joesh\Documents\Codex\2026-08-02\files-mentioned-by-the-user-handoff\work\unified-mechanics-monograph\ADDENDA\A08 The Calculator\um_realisation_results.json
MONOGRAPH,ADDENDA/A09 The Master Equation/figures/a09_f1_operator.png,MONOGRAPH/ADDENDA/A09 The Master Equation/figures/a09_f1_operator.png,.png,262711,2026-08-01T14:49:18.077483+00:00,0a4cc8fa0092bff45efa60f83a5cc0b45f42ecbe616f736f35b0d9bbb04f3fdf,True,2,MONOGRAPH/ADDENDA/A09 The Master Equation/figures/a09_f1_operator.png,C:\Users\joesh\Documents\Codex\2026-08-02\files-mentioned-by-the-user-handoff\work\unified-mechanics-monograph\ADDENDA\A09 The Master Equation\figures\a09_f1_operator.png
MONOGRAPH,ADDENDA/A09 The Master Equation/figures/a09_f2_channels.png,MONOGRAPH/ADDENDA/A09 The Master Equation/figures/a09_f2_channels.png,.png,272691,2026-08-01T14:49:18.080131+00:00,e1e1f7455a463c5703139c91474cfbab38a5b1bfc3b317a6cfc4f2222db96b4c,True,2,MONOGRAPH/ADDENDA/A09 The Master Equation/figures/a09_f2_channels.png,C:\Users\joesh\Documents\Codex\2026-08-02\files-mentioned-by-the-user-handoff\work\unified-mechanics-monograph\ADDENDA\A09 The Master Equation\figures\a09_f2_channels.png
MONOGRAPH,ADDENDA/A09 The Master Equation/figures/a09_f3_pulls.png,MONOGRAPH/ADDENDA/A09 The Master Equation/figures/a09_f3_pulls.png,.png,199351,2026-08-01T14:49:18.082748+00:00,f327c7e499df8c2ced28d2cfdb6e49914c51e87577f6449bfd61ba6a04a9542e,True,2,MONOGRAPH/ADDENDA/A09 The Master Equation/figures/a09_f3_pulls.png,C:\Users\joesh\Documents\Codex\2026-08-02\files-mentioned-by-the-user-handoff\work\unified-mechanics-monograph\ADDENDA\A09 The Master Equation\figures\a09_f3_pulls.png
MONOGRAPH,ADDENDA/A09 The Master Equation/figures/a09_f4_payment.png,MONOGRAPH/ADDENDA/A09 The Master Equation/figures/a09_f4_payment.png,.png,143083,2026-08-01T14:49:18.084752+00:00,a1d9e45e10424bb1af2ee65899e13ce4a530e13b5daf3b212d07683c69d50d9b,True,2,MONOGRAPH/ADDENDA/A09 The Master Equation/figures/a09_f4_payment.png,C:\Users\joesh\Documents\Codex\2026-08-02\files-mentioned-by-the-user-handoff\work\unified-mechanics-monograph\ADDENDA\A09 The Master Equation\figures\a09_f4_payment.png
MONOGRAPH,ADDENDA/A09 The Master Equation/figures/a09_f5_loo.png,MONOGRAPH/ADDENDA/A09 The Master Equation/figures/a09_f5_loo.png,.png,197010,2026-08-01T14:49:18.086752+00:00,24b1d6c32e279c945a1ee0a98f2bc6a641ea2e979638512a6cdb497d64615efa,True,2,MONOGRAPH/ADDENDA/A09 The Master Equation/figures/a09_f5_loo.png,C:\Users\joesh\Documents\Codex\2026-08-02\files-mentioned-by-the-user-handoff\work\unified-mechanics-monograph\ADDENDA\A09 The Master Equation\figures\a09_f5_loo.png
MONOGRAPH,ADDENDA/A09 The Master Equation/figures/a09_f6_subsets.png,MONOGRAPH/ADDENDA/A09 The Master Equation/figures/a09_f6_subsets.png,.png,212032,2026-08-01T14:49:18.089252+00:00,aa198ec4b2fd7d609f35c97b05806f51d6332ea2500f878bfe043fc69df40c47,True,2,MONOGRAPH/ADDENDA/A09 The Master Equation/figures/a09_f6_subsets.png,C:\Users\joesh\Documents\Codex\2026-08-02\files-mentioned-by-the-user-handoff\work\unified-mechanics-monograph\ADDENDA\A09 The Master Equation\figures\a09_f6_subsets.png
MONOGRAPH,ADDENDA/A09 The Master Equation/figures/a09_f7_candidate.png,MONOGRAPH/ADDENDA/A09 The Master Equation/figures/a09_f7_candidate.png,.png,250392,2026-08-01T14:49:18.091820+00:00,ea751e80c5711bdb3a8979c10da16afa5edd12692d39355ed397bd3974586185,True,2,MONOGRAPH/ADDENDA/A09 The Master Equation/figures/a09_f7_candidate.png,C:\Users\joesh\Documents\Codex\2026-08-02\files-mentioned-by-the-user-handoff\work\unified-mechanics-monograph\ADDENDA\A09 The Master Equation\figures\a09_f7_candidate.png
MONOGRAPH,ADDENDA/A09 The Master Equation/make_a09_plates.py,MONOGRAPH/ADDENDA/A09 The Master Equation/make_a09_plates.py,.py,25354,2026-08-01T14:49:18.093385+00:00,7a6ad57ceeb6a9737a65a99c09ac200ca3afd6a9abdf168a26cbccdc3dc44915,True,1,MONOGRAPH/ADDENDA/A09 The Master Equation/make_a09_plates.py,C:\Users\joesh\Documents\Codex\2026-08-02\files-mentioned-by-the-user-handoff\work\unified-mechanics-monograph\ADDENDA\A09 The Master Equation\make_a09_plates.py
MONOGRAPH,ADDENDA/A09 The Master Equation/master_equation_cosmology.py,MONOGRAPH/ADDENDA/A09 The Master Equation/master_equation_cosmology.py,.py,20426,2026-08-01T14:49:18.093913+00:00,57b1dccadc6c4ed416052faa8376e2923ab7c76a1dcc45472e74f5822a6df446,True,1,MONOGRAPH/ADDENDA/A09 The Master Equation/master_equation_cosmology.py,C:\Users\joesh\Documents\Codex\2026-08-02\files-mentioned-by-the-user-handoff\work\unified-mechanics-monograph\ADDENDA\A09 The Master Equation\master_equation_cosmology.py
MONOGRAPH,ADDENDA/A09 The Master Equation/master_equation_results.json,MONOGRAPH/ADDENDA/A09 The Master Equation/master_equation_results.json,.json,12722,2026-08-01T14:49:18.095038+00:00,43e908ce677a55dbe01969fcf05bd83a09a4b3af311de32e8af16874a63e75e7,True,2,MONOGRAPH/ADDENDA/A09 The Master Equation/master_equation_results.json,C:\Users\joesh\Documents\Codex\2026-08-02\files-mentioned-by-the-user-handoff\work\unified-mechanics-monograph\ADDENDA\A09 The Master Equation\master_equation_results.json
MONOGRAPH,ADDENDA/A09 The Master Equation/NOTES.md,MONOGRAPH/ADDENDA/A09 The Master Equation/NOTES.md,.md,7496,2026-08-01T14:49:18.060978+00:00,3a4d04631ae38dcccdb18fc99fb284919a73e47f4fb222e0fefc0b5320c5419a,True,2,MONOGRAPH/ADDENDA/A09 The Master Equation/NOTES.md,C:\Users\joesh\Documents\Codex\2026-08-02\files-mentioned-by-the-user-handoff\work\unified-mechanics-monograph\ADDENDA\A09 The Master Equation\NOTES.md
MONOGRAPH,ADDENDA/A09 The Master Equation/SHA256SUMS.txt,MONOGRAPH/ADDENDA/A09 The Master Equation/SHA256SUMS.txt,.txt,1249,2026-08-01T14:49:18.061478+00:00,e8b7af0b4b252d130867d2a1e513b3e7abe4d168ab155f7084684fbdf7baf6a1,True,2,MONOGRAPH/ADDENDA/A09 The Master Equation/SHA256SUMS.txt,C:\Users\joesh\Documents\Codex\2026-08-02\files-mentioned-by-the-user-handoff\work\unified-mechanics-monograph\ADDENDA\A09 The Master Equation\SHA256SUMS.txt
MONOGRAPH,ADDENDA/A09 The Master Equation/The_Master_Equation_Joseph_Shields.docx,MONOGRAPH/ADDENDA/A09 The Master Equation/The_Master_Equation_Joseph_Shields.docx,.docx,1479988,2026-08-01T14:49:18.066778+00:00,f760aeaddcb0053be88d9afa4f05e5557e8ca5eb2533669846ca44bfc7050de0,True,2,MONOGRAPH/ADDENDA/A09 The Master Equation/The_Master_Equation_Joseph_Shields.docx,C:\Users\joesh\Documents\Codex\2026-08-02\files-mentioned-by-the-user-handoff\work\unified-mechanics-monograph\ADDENDA\A09 The Master Equation\The_Master_Equation_Joseph_Shields.docx
MONOGRAPH,ADDENDA/A09 The Master Equation/The_Master_Equation_Joseph_Shields.pdf,MONOGRAPH/ADDENDA/A09 The Master Equation/The_Master_Equation_Joseph_Shields.pdf,.pdf,1107292,2026-08-01T14:49:18.074850+00:00,db30a4cc5c96656aff7fa504c8efd25b572d55e3d1089397bebef67f148cf5b5,True,2,MONOGRAPH/ADDENDA/A09 The Master Equation/The_Master_Equation_Joseph_Shields.pdf,C:\Users\joesh\Documents\Codex\2026-08-02\files-mentioned-by-the-user-handoff\work\unified-mechanics-monograph\ADDENDA\A09 The Master Equation\The_Master_Equation_Joseph_Shields.pdf
MONOGRAPH,ADDENDA/ADDENDUM PROTOCOL.md,MONOGRAPH/ADDENDA/ADDENDUM PROTOCOL.md,.md,2584,2026-08-01T14:49:18.096039+00:00,bdf661941799e1a03dc07c769fc6448f0df8c3d542544add2055c3e00ad73e4f,True,1,MONOGRAPH/ADDENDA/ADDENDUM PROTOCOL.md,C:\Users\joesh\Documents\Codex\2026-08-02\files-mentioned-by-the-user-handoff\work\unified-mechanics-monograph\ADDENDA\ADDENDUM PROTOCOL.md
MONOGRAPH,Field Ledger Second Edition/bookbody1.py,MONOGRAPH/Field Ledger Second Edition/bookbody1.py,.py,22430,2026-08-01T14:49:18.162794+00:00,8b1f37925d61740ce01b2579ac165e232ddc2ea963ebabcc3571488a7a7cc104,True,1,MONOGRAPH/Field Ledger Second Edition/bookbody1.py,C:\Users\joesh\Documents\Codex\2026-08-02\files-mentioned-by-the-user-handoff\work\unified-mechanics-monograph\Field Ledger Second Edition\bookbody1.py
MONOGRAPH,Field Ledger Second Edition/bookbody2.py,MONOGRAPH/Field Ledger Second Edition/bookbody2.py,.py,16249,2026-08-01T14:49:18.163889+00:00,1e84a6b9ad9c3afdb0bb0c581b6f2dbb8d72548df798ce2b1031f7d89882b1ee,True,1,MONOGRAPH/Field Ledger Second Edition/bookbody2.py,C:\Users\joesh\Documents\Codex\2026-08-02\files-mentioned-by-the-user-handoff\work\unified-mechanics-monograph\Field Ledger Second Edition\bookbody2.py
MONOGRAPH,Field Ledger Second Edition/bookbody3.py,MONOGRAPH/Field Ledger Second Edition/bookbody3.py,.py,19197,2026-08-01T14:49:18.164576+00:00,c59aa20052da52da708cd039fbd9ce2d8d032d3da4aead72316a25cd7cb1b843,True,2,MONOGRAPH/Field Ledger Second Edition/bookbody3.py,C:\Users\joesh\Documents\Codex\2026-08-02\files-mentioned-by-the-user-handoff\work\unified-mechanics-monograph\Field Ledger Second Edition\bookbody3.py
MONOGRAPH,Field Ledger Second Edition/bookbody4.py,MONOGRAPH/Field Ledger Second Edition/bookbody4.py,.py,26257,2026-08-01T14:49:18.165754+00:00,69e680f34eb7008872b2a8f2254a27b5ea3adeaedb0e6ac74a71bb33f42ae2fb,True,1,MONOGRAPH/Field Ledger Second Edition/bookbody4.py,C:\Users\joesh\Documents\Codex\2026-08-02\files-mentioned-by-the-user-handoff\work\unified-mechanics-monograph\Field Ledger Second Edition\bookbody4.py
MONOGRAPH,Field Ledger Second Edition/bookhead.py,MONOGRAPH/Field Ledger Second Edition/bookhead.py,.py,14750,2026-08-01T14:49:18.166254+00:00,4004bf14e28cfc51def3bf8a4794fa7831cfcfc97fe8e1a440a29f9d0a30ce51,True,2,MONOGRAPH/Field Ledger Second Edition/bookhead.py,C:\Users\joesh\Documents\Codex\2026-08-02\files-mentioned-by-the-user-handoff\work\unified-mechanics-monograph\Field Ledger Second Edition\bookhead.py
MONOGRAPH,Field Ledger Second Edition/build.py,MONOGRAPH/Field Ledger Second Edition/build.py,.py,778,2026-08-01T14:49:18.167589+00:00,aa14c25d46c6a52ee1cafc58e5fd56139d6d9734523e2cfe137d236e44dfabfe,True,1,MONOGRAPH/Field Ledger Second Edition/build.py,C:\Users\joesh\Documents\Codex\2026-08-02\files-mentioned-by-the-user-handoff\work\unified-mechanics-monograph\Field Ledger Second Edition\build.py
MONOGRAPH,Field Ledger Second Edition/figures/fl_f01_rule.png,MONOGRAPH/Field Ledger Second Edition/figures/fl_f01_rule.png,.png,232457,2026-08-01T14:49:18.170090+00:00,704a4610341b6457ebab4e01113990045fa89f8d6b6915b0e58f9e551f05b337,True,2,MONOGRAPH/Field Ledger Second Edition/figures/fl_f01_rule.png,C:\Users\joesh\Documents\Codex\2026-08-02\files-mentioned-by-the-user-handoff\work\unified-mechanics-monograph\Field Ledger Second Edition\figures\fl_f01_rule.png
MONOGRAPH,Field Ledger Second Edition/figures/fl_f02_timeline.png,MONOGRAPH/Field Ledger Second Edition/figures/fl_f02_timeline.png,.png,204835,2026-08-01T14:49:18.172103+00:00,c682b091a60880e12eaacd9b32e6ff76883d70131d65570972534574b0bc5fd3,True,2,MONOGRAPH/Field Ledger Second Edition/figures/fl_f02_timeline.png,C:\Users\joesh\Documents\Codex\2026-08-02\files-mentioned-by-the-user-handoff\work\unified-mechanics-monograph\Field Ledger Second Edition\figures\fl_f02_timeline.png
MONOGRAPH,Field Ledger Second Edition/figures/fl_f03_pipeline.png,MONOGRAPH/Field Ledger Second Edition/figures/fl_f03_pipeline.png,.png,192130,2026-08-01T14:49:18.174096+00:00,9eee2bddc7a17818ad409e4c2e476339ced61f786e1745606005d8a30af295d4,True,2,MONOGRAPH/Field Ledger Second Edition/figures/fl_f03_pipeline.png,C:\Users\joesh\Documents\Codex\2026-08-02\files-mentioned-by-the-user-handoff\work\unified-mechanics-monograph\Field Ledger Second Edition\figures\fl_f03_pipeline.png
MONOGRAPH,Field Ledger Second Edition/figures/fl_f04_square.png,MONOGRAPH/Field Ledger Second Edition/figures/fl_f04_square.png,.png,186022,2026-08-01T14:49:18.176513+00:00,dc51912e9f9eccb97465b9fb53e67e9af4da7728693f89df7f4eeed8d937ca0a,True,2,MONOGRAPH/Field Ledger Second Edition/figures/fl_f04_square.png,C:\Users\joesh\Documents\Codex\2026-08-02\files-mentioned-by-the-user-handoff\work\unified-mechanics-monograph\Field Ledger Second Edition\figures\fl_f04_square.png
MONOGRAPH,Field Ledger Second Edition/figures/fl_f05_hotel.png,MONOGRAPH/Field Ledger Second Edition/figures/fl_f05_hotel.png,.png,258137,2026-08-01T14:49:18.179104+00:00,b38e3e0a1b247694c0ef709ae8cc76fc4552e8dc51f89fbb1333af7838bfcf7f,True,2,MONOGRAPH/Field Ledger Second Edition/figures/fl_f05_hotel.png,C:\Users\joesh\Documents\Codex\2026-08-02\files-mentioned-by-the-user-handoff\work\unified-mechanics-monograph\Field Ledger Second Edition\figures\fl_f05_hotel.png
MONOGRAPH,Field Ledger Second Edition/figures/fl_f06_update.png,MONOGRAPH/Field Ledger Second Edition/figures/fl_f06_update.png,.png,223311,2026-08-01T14:49:18.181604+00:00,2c5facfa98ec371d3667a1720bf844a203df48f1b48c20550b4ca82aa32b0366,True,2,MONOGRAPH/Field Ledger Second Edition/figures/fl_f06_update.png,C:\Users\joesh\Documents\Codex\2026-08-02\files-mentioned-by-the-user-handoff\work\unified-mechanics-monograph\Field Ledger Second Edition\figures\fl_f06_update.png
MONOGRAPH,Field Ledger Second Edition/figures/fl_f07_chiral.png,MONOGRAPH/Field Ledger Second Edition/figures/fl_f07_chiral.png,.png,230227,2026-08-01T14:49:18.184589+00:00,d9253674e9aea36077443f528ba77299907bfa9b2a41439420d53744376fe02e,True,2,MONOGRAPH/Field Ledger Second Edition/figures/fl_f07_chiral.png,C:\Users\joesh\Documents\Codex\2026-08-02\files-mentioned-by-the-user-handoff\work\unified-mechanics-monograph\Field Ledger Second Edition\figures\fl_f07_chiral.png
MONOGRAPH,Field Ledger Second Edition/figures/fl_f08_godel.png,MONOGRAPH/Field Ledger Second Edition/figures/fl_f08_godel.png,.png,266596,2026-08-01T14:49:18.187622+00:00,cac85045abc1cc0751cc8e7256034215bbeb1f6c6b97a401069b2f167a9c35ac,True,2,MONOGRAPH/Field Ledger Second Edition/figures/fl_f08_godel.png,C:\Users\joesh\Documents\Codex\2026-08-02\files-mentioned-by-the-user-handoff\work\unified-mechanics-monograph\Field Ledger Second Edition\figures\fl_f08_godel.png
MONOGRAPH,Field Ledger Second Edition/figures/fl_f09_scalars.png,MONOGRAPH/Field Ledger Second Edition/figures/fl_f09_scalars.png,.png,242427,2026-08-01T14:49:18.190623+00:00,f3d1c7e8fce602b65656eb88519c74d94b40f7db9261ece69e524cffc54f2da2,True,2,MONOGRAPH/Field Ledger Second Edition/figures/fl_f09_scalars.png,C:\Users\joesh\Documents\Codex\2026-08-02\files-mentioned-by-the-user-handoff\work\unified-mechanics-monograph\Field Ledger Second Edition\figures\fl_f09_scalars.png
MONOGRAPH,Field Ledger Second Edition/figures/fl_f11_equivalence.png,MONOGRAPH/Field Ledger Second Edition/figures/fl_f11_equivalence.png,.png,247753,2026-08-01T14:49:18.192623+00:00,cd41fcd5b63560d086568a678b0ec02816027e886cd06ca47c9192fd3d6398f4,True,2,MONOGRAPH/Field Ledger Second Edition/figures/fl_f11_equivalence.png,C:\Users\joesh\Documents\Codex\2026-08-02\files-mentioned-by-the-user-handoff\work\unified-mechanics-monograph\Field Ledger Second Edition\figures\fl_f11_equivalence.png
MONOGRAPH,Field Ledger Second Edition/figures/fl_f12_dark.png,MONOGRAPH/Field Ledger Second Edition/figures/fl_f12_dark.png,.png,288016,2026-08-01T14:49:18.195623+00:00,7dd4ec6b7cb05e7c4ef0cbd4af966614fe643259364b6eda739b27a1822f2e81,True,2,MONOGRAPH/Field Ledger Second Edition/figures/fl_f12_dark.png,C:\Users\joesh\Documents\Codex\2026-08-02\files-mentioned-by-the-user-handoff\work\unified-mechanics-monograph\Field Ledger Second Edition\figures\fl_f12_dark.png
MONOGRAPH,Field Ledger Second Edition/figures/fl_f19_operator.png,MONOGRAPH/Field Ledger Second Edition/figures/fl_f19_operator.png,.png,252605,2026-08-01T14:49:18.198225+00:00,392072c1ebda4db7f8c11c721523df354258e0a28844ace78b3670fdbb8dea6f,True,2,MONOGRAPH/Field Ledger Second Edition/figures/fl_f19_operator.png,C:\Users\joesh\Documents\Codex\2026-08-02\files-mentioned-by-the-user-handoff\work\unified-mechanics-monograph\Field Ledger Second Edition\figures\fl_f19_operator.png
MONOGRAPH,Field Ledger Second Edition/figures/fl_f20_reach.png,MONOGRAPH/Field Ledger Second Edition/figures/fl_f20_reach.png,.png,309677,2026-08-01T14:49:18.201375+00:00,53b44472100a463063d3d627e270af834ab52bb9d4051e675c0841e42c96e887,True,2,MONOGRAPH/Field Ledger Second Edition/figures/fl_f20_reach.png,C:\Users\joesh\Documents\Codex\2026-08-02\files-mentioned-by-the-user-handoff\work\unified-mechanics-monograph\Field Ledger Second Edition\figures\fl_f20_reach.png
MONOGRAPH,Field Ledger Second Edition/figures/fl_f21_pulls.png,MONOGRAPH/Field Ledger Second Edition/figures/fl_f21_pulls.png,.png,217979,2026-08-01T14:49:18.205433+00:00,747c265410b7bafdf3e1d0ca92cd833610cca3e9f9886976aaa94b8fb8d235ea,True,2,MONOGRAPH/Field Ledger Second Edition/figures/fl_f21_pulls.png,C:\Users\joesh\Documents\Codex\2026-08-02\files-mentioned-by-the-user-handoff\work\unified-mechanics-monograph\Field Ledger Second Edition\figures\fl_f21_pulls.png
MONOGRAPH,Field Ledger Second Edition/figures/fl_f22_payment.png,MONOGRAPH/Field Ledger Second Edition/figures/fl_f22_payment.png,.png,155953,2026-08-01T14:49:18.206935+00:00,1d2142629780cf2ed23c2cda1a56e5a23d015a443962a1f0a9b96a4550cdebe8,True,2,MONOGRAPH/Field Ledger Second Edition/figures/fl_f22_payment.png,C:\Users\joesh\Documents\Codex\2026-08-02\files-mentioned-by-the-user-handoff\work\unified-mechanics-monograph\Field Ledger Second Edition\figures\fl_f22_payment.png
MONOGRAPH,Field Ledger Second Edition/figures/fl_f23_ladder.png,MONOGRAPH/Field Ledger Second Edition/figures/fl_f23_ladder.png,.png,293211,2026-08-01T14:49:18.210657+00:00,499196054edc1cf7a4a19c8883ad723c61ea8e815588e21708611ec85e8b6f2b,True,2,MONOGRAPH/Field Ledger Second Edition/figures/fl_f23_ladder.png,C:\Users\joesh\Documents\Codex\2026-08-02\files-mentioned-by-the-user-handoff\work\unified-mechanics-monograph\Field Ledger Second Edition\figures\fl_f23_ladder.png
MONOGRAPH,Field Ledger Second Edition/figures/fl_f24_loo.png,MONOGRAPH/Field Ledger Second Edition/figures/fl_f24_loo.png,.png,241656,2026-08-01T14:49:18.213158+00:00,4edb92cbb6672e8314aaa74a6149b0a45569b765ecd707d18cce36e238a6426c,True,2,MONOGRAPH/Field Ledger Second Edition/figures/fl_f24_loo.png,C:\Users\joesh\Documents\Codex\2026-08-02\files-mentioned-by-the-user-handoff\work\unified-mechanics-monograph\Field Ledger Second Edition\figures\fl_f24_loo.png
MONOGRAPH,Field Ledger Second Edition/figures/fl_f25_subsets.png,MONOGRAPH/Field Ledger Second Edition/figures/fl_f25_subsets.png,.png,218719,2026-08-01T14:49:18.215973+00:00,3190564a0b648f0d1756e6e2bd9558ee3ddde031c90bc4e7116a3d03708322b5,True,2,MONOGRAPH/Field Ledger Second Edition/figures/fl_f25_subsets.png,C:\Users\joesh\Documents\Codex\2026-08-02\files-mentioned-by-the-user-handoff\work\unified-mechanics-monograph\Field Ledger Second Edition\figures\fl_f25_subsets.png
MONOGRAPH,Field Ledger Second Edition/figures/fl_f26_halfweight.png,MONOGRAPH/Field Ledger Second Edition/figures/fl_f26_halfweight.png,.png,297969,2026-08-01T14:49:18.218213+00:00,cb8144e375c57b9424350c0e0db4288e6cc8023b0e11cf93d8aba4a21a51b7a7,True,2,MONOGRAPH/Field Ledger Second Edition/figures/fl_f26_halfweight.png,C:\Users\joesh\Documents\Codex\2026-08-02\files-mentioned-by-the-user-handoff\work\unified-mechanics-monograph\Field Ledger Second Edition\figures\fl_f26_halfweight.png
MONOGRAPH,Field Ledger Second Edition/figures/fl_f27_peaks.png,MONOGRAPH/Field Ledger Second Edition/figures/fl_f27_peaks.png,.png,215474,2026-08-01T14:49:18.221052+00:00,52ddcfbdcc2344d3273500b6e373c573862ac9fff5886b6d6879014a302609a4,True,2,MONOGRAPH/Field Ledger Second Edition/figures/fl_f27_peaks.png,C:\Users\joesh\Documents\Codex\2026-08-02\files-mentioned-by-the-user-handoff\work\unified-mechanics-monograph\Field Ledger Second Edition\figures\fl_f27_peaks.png
MONOGRAPH,Field Ledger Second Edition/figures/fl_f28_basins.png,MONOGRAPH/Field Ledger Second Edition/figures/fl_f28_basins.png,.png,211013,2026-08-01T14:49:18.223193+00:00,5fb93901c1536e417667b981c0625f128402f13eaf2d0379a867bda8f1978645,True,2,MONOGRAPH/Field Ledger Second Edition/figures/fl_f28_basins.png,C:\Users\joesh\Documents\Codex\2026-08-02\files-mentioned-by-the-user-handoff\work\unified-mechanics-monograph\Field Ledger Second Edition\figures\fl_f28_basins.png
MONOGRAPH,Field Ledger Second Edition/figures/fl_f29_ladder.png,MONOGRAPH/Field Ledger Second Edition/figures/fl_f29_ladder.png,.png,225735,2026-08-01T14:49:18.225717+00:00,085739e65948fe2fd1ba6a69dbcfe2d860d781be1e1ff7056c682219835010d6,True,2,MONOGRAPH/Field Ledger Second Edition/figures/fl_f29_ladder.png,C:\Users\joesh\Documents\Codex\2026-08-02\files-mentioned-by-the-user-handoff\work\unified-mechanics-monograph\Field Ledger Second Edition\figures\fl_f29_ladder.png
MONOGRAPH,Field Ledger Second Edition/figures/fl_f30_close.png,MONOGRAPH/Field Ledger Second Edition/figures/fl_f30_close.png,.png,199578,2026-08-01T14:49:18.228217+00:00,99bb0f8a51dbaf6368592a562ec57861370aca9d4f2643b3e11fef5cc346d305,True,2,MONOGRAPH/Field Ledger Second Edition/figures/fl_f30_close.png,C:\Users\joesh\Documents\Codex\2026-08-02\files-mentioned-by-the-user-handoff\work\unified-mechanics-monograph\Field Ledger Second Edition\figures\fl_f30_close.png
MONOGRAPH,Field Ledger Second Edition/figures/js_plate_10.png,MONOGRAPH/Field Ledger Second Edition/figures/js_plate_10.png,.png,1727394,2026-08-01T14:49:18.240872+00:00,4f896c497a4d7ab0f3fe512fc09edf801a636e5456a6afac707dbbebd22212f4,True,4,MONOGRAPH/Field Ledger Second Edition/figures/js_plate_10.png,C:\Users\joesh\Documents\Codex\2026-08-02\files-mentioned-by-the-user-handoff\work\unified-mechanics-monograph\Field Ledger Second Edition\figures\js_plate_10.png
MONOGRAPH,Field Ledger Second Edition/figures/js_plate_13.png,MONOGRAPH/Field Ledger Second Edition/figures/js_plate_13.png,.png,572692,2026-08-01T14:49:18.246695+00:00,a9ce571216972c25432f42b866fa15fe10a268cb8125d0bdabc95c9649057637,True,2,MONOGRAPH/Field Ledger Second Edition/figures/js_plate_13.png,C:\Users\joesh\Documents\Codex\2026-08-02\files-mentioned-by-the-user-handoff\work\unified-mechanics-monograph\Field Ledger Second Edition\figures\js_plate_13.png
MONOGRAPH,Field Ledger Second Edition/figures/js_plate_14.png,MONOGRAPH/Field Ledger Second Edition/figures/js_plate_14.png,.png,151939,2026-08-01T14:49:18.248506+00:00,c7810458de382340a227b1a4d3ade1ec6990447cc2ea38221262cee52f24e789,True,2,MONOGRAPH/Field Ledger Second Edition/figures/js_plate_14.png,C:\Users\joesh\Documents\Codex\2026-08-02\files-mentioned-by-the-user-handoff\work\unified-mechanics-monograph\Field Ledger Second Edition\figures\js_plate_14.png
MONOGRAPH,Field Ledger Second Edition/figures/js_plate_15.png,MONOGRAPH/Field Ledger Second Edition/figures/js_plate_15.png,.png,174766,2026-08-01T14:49:18.251562+00:00,bd9db4e267716a467a7604b9760292f8ca0ab2a8bcc5eee4c694687ee4556d5d,True,2,MONOGRAPH/Field Ledger Second Edition/figures/js_plate_15.png,C:\Users\joesh\Documents\Codex\2026-08-02\files-mentioned-by-the-user-handoff\work\unified-mechanics-monograph\Field Ledger Second Edition\figures\js_plate_15.png
MONOGRAPH,Field Ledger Second Edition/figures/js_plate_16.png,MONOGRAPH/Field Ledger Second Edition/figures/js_plate_16.png,.png,214481,2026-08-01T14:49:18.254257+00:00,6c11076b045798532f0393a44686f22635c9292120425ee6926bf445cc877a1f,True,2,MONOGRAPH/Field Ledger Second Edition/figures/js_plate_16.png,C:\Users\joesh\Documents\Codex\2026-08-02\files-mentioned-by-the-user-handoff\work\unified-mechanics-monograph\Field Ledger Second Edition\figures\js_plate_16.png
MONOGRAPH,Field Ledger Second Edition/figures/js_plate_17.png,MONOGRAPH/Field Ledger Second Edition/figures/js_plate_17.png,.png,103696,2026-08-01T14:49:18.255757+00:00,800b7c7148b797afd77abb53ee67f8e686f76705f1dccc81795515e11bc02ebf,True,2,MONOGRAPH/Field Ledger Second Edition/figures/js_plate_17.png,C:\Users\joesh\Documents\Codex\2026-08-02\files-mentioned-by-the-user-handoff\work\unified-mechanics-monograph\Field Ledger Second Edition\figures\js_plate_17.png
MONOGRAPH,Field Ledger Second Edition/figures/js_plate_18.png,MONOGRAPH/Field Ledger Second Edition/figures/js_plate_18.png,.png,199475,2026-08-01T14:49:18.258303+00:00,210376da04b1363d0e1b1b2c00ab792a55ded1ee00a88c404ab26a5843b908ef,True,2,MONOGRAPH/Field Ledger Second Edition/figures/js_plate_18.png,C:\Users\joesh\Documents\Codex\2026-08-02\files-mentioned-by-the-user-handoff\work\unified-mechanics-monograph\Field Ledger Second Edition\figures\js_plate_18.png
MONOGRAPH,Field Ledger Second Edition/fl_base.py,MONOGRAPH/Field Ledger Second Edition/fl_base.py,.py,6800,2026-08-01T14:49:18.259302+00:00,102ce09272542d07e8c27399aa06d17ba98b6269e336bed830c24c6f13a3fabe,True,1,MONOGRAPH/Field Ledger Second Edition/fl_base.py,C:\Users\joesh\Documents\Codex\2026-08-02\files-mentioned-by-the-user-handoff\work\unified-mechanics-monograph\Field Ledger Second Edition\fl_base.py
MONOGRAPH,Field Ledger Second Edition/fl_charts.py,MONOGRAPH/Field Ledger Second Edition/fl_charts.py,.py,27544,2026-08-01T14:49:18.261302+00:00,cf290526d5a32df86b4d9d1c36540ce818cb3742ce0695718a2126c48991ef83,True,1,MONOGRAPH/Field Ledger Second Edition/fl_charts.py,C:\Users\joesh\Documents\Codex\2026-08-02\files-mentioned-by-the-user-handoff\work\unified-mechanics-monograph\Field Ledger Second Edition\fl_charts.py
MONOGRAPH,Field Ledger Second Edition/fl_diagrams.py,MONOGRAPH/Field Ledger Second Edition/fl_diagrams.py,.py,29505,2026-08-01T14:49:18.262469+00:00,c04c159fca639fd015cfd11f607781bd3d9f8ff9a09d43e1451046b47fec3524,True,1,MONOGRAPH/Field Ledger Second Edition/fl_diagrams.py,C:\Users\joesh\Documents\Codex\2026-08-02\files-mentioned-by-the-user-handoff\work\unified-mechanics-monograph\Field Ledger Second Edition\fl_diagrams.py
MONOGRAPH,Field Ledger Second Edition/SHA256SUMS.txt,MONOGRAPH/Field Ledger Second Edition/SHA256SUMS.txt,.txt,3739,2026-08-01T14:49:18.097580+00:00,059f08357c90bc55bcf11a4911a534fc6b31a9341214ff74828f2e079fd4d949,True,2,MONOGRAPH/Field Ledger Second Edition/SHA256SUMS.txt,C:\Users\joesh\Documents\Codex\2026-08-02\files-mentioned-by-the-user-handoff\work\unified-mechanics-monograph\Field Ledger Second Edition\SHA256SUMS.txt
MONOGRAPH,Field Ledger Second Edition/Unified_Mechanics_The_Field_Ledger_Second_Edition.docx,MONOGRAPH/Field Ledger Second Edition/Unified_Mechanics_The_Field_Ledger_Second_Edition.docx,.docx,8222550,2026-08-01T14:49:18.126769+00:00,94bcdc5090c58614f45cdd2c9e83c831bd02fa925b5c0b568cd7752817dcd281,True,2,MONOGRAPH/Field Ledger Second Edition/Unified_Mechanics_The_Field_Ledger_Second_Edition.docx,C:\Users\joesh\Documents\Codex\2026-08-02\files-mentioned-by-the-user-handoff\work\unified-mechanics-monograph\Field Ledger Second Edition\Unified_Mechanics_The_Field_Ledger_Second_Edition.docx
MONOGRAPH,Field Ledger Second Edition/Unified_Mechanics_The_Field_Ledger_Second_Edition.pdf,MONOGRAPH/Field Ledger Second Edition/Unified_Mechanics_The_Field_Ledger_Second_Edition.pdf,.pdf,5209663,2026-08-01T14:49:18.161294+00:00,d74219a60b62cc26d71487feec07f07c997e8e2a8bb81a7b42ceff32e1509637,True,2,MONOGRAPH/Field Ledger Second Edition/Unified_Mechanics_The_Field_Ledger_Second_Edition.pdf,C:\Users\joesh\Documents\Codex\2026-08-02\files-mentioned-by-the-user-handoff\work\unified-mechanics-monograph\Field Ledger Second Edition\Unified_Mechanics_The_Field_Ledger_Second_Edition.pdf
MONOGRAPH,LICENSE,MONOGRAPH/LICENSE,,1081,2026-08-01T14:49:18.263685+00:00,1fee31f5db95f9f3ac774b4582efd8f4be421867e501a07d9527af5368702322,True,2,MONOGRAPH/LICENSE,C:\Users\joesh\Documents\Codex\2026-08-02\files-mentioned-by-the-user-handoff\work\unified-mechanics-monograph\LICENSE
MONOGRAPH,README.md,MONOGRAPH/README.md,.md,4703,2026-08-01T14:49:18.264207+00:00,9674b30039a35d37c6c9475c192021edd0f83764b33b2f4a631ae4d6102c0ef5,True,1,MONOGRAPH/README.md,C:\Users\joesh\Documents\Codex\2026-08-02\files-mentioned-by-the-user-handoff\work\unified-mechanics-monograph\README.md
SCI,00 START HERE.md,SCI/00 START HERE.md,.md,3721,2026-07-29T11:39:38.687918+00:00,938d5df0c82dbad577fd77dfdb7c5e11edf59284e7d4c0e0b3d167bb827a3b1c,True,1,SCI/00 START HERE.md,C:\Users\joesh\Desktop\SCI\00 START HERE.md
SCI,_ADD TO REPO LEAN/06 ATOMIC WEB.zip,SCI/_ADD TO REPO LEAN/06 ATOMIC WEB.zip,.zip,42424094,2026-07-29T12:51:24.639654+00:00,ebaff895c2a9a569eb10b1244dc48a44bcc6b5cfcf17791c590ac33fff94235b,True,1,SCI/_ADD TO REPO LEAN/06 ATOMIC WEB.zip,C:\Users\joesh\Desktop\SCI\_ADD TO REPO LEAN\06 ATOMIC WEB.zip
SCI,_ADD TO REPO LEAN/06 HELICAL RELATIVITY/00 START HERE/01 README.md,SCI/_ADD TO REPO LEAN/06 HELICAL RELATIVITY/00 START HERE/01 README.md,.md,3020,2026-07-29T11:44:52.609200+00:00,065eb0e4c221709c082777f317bed2cf4a81b1c30e4b0e7e7b20764c4ba7c132,False,2,SCI/_ADD TO REPO/06 HELICAL RELATIVITY/00 START HERE/01 README.md,C:\Users\joesh\Desktop\SCI\_ADD TO REPO LEAN\06 HELICAL RELATIVITY\00 START HERE\01 README.md
SCI,_ADD TO REPO LEAN/06 HELICAL RELATIVITY/00 START HERE/02 STANDING ACCOUNT.md,SCI/_ADD TO REPO LEAN/06 HELICAL RELATIVITY/00 START HERE/02 STANDING ACCOUNT.md,.md,15158,2026-07-29T11:44:06.777315+00:00,9d8ba77fac84386ff91439c4fa5c4096d61dc7ca7aa2035361c12d42541d7c5b,False,4,MONOGRAPH/06 HELICAL RELATIVITY/00 START HERE/02 STANDING ACCOUNT.md,C:\Users\joesh\Desktop\SCI\_ADD TO REPO LEAN\06 HELICAL RELATIVITY\00 START HERE\02 STANDING ACCOUNT.md
SCI,_ADD TO REPO LEAN/06 HELICAL RELATIVITY/00 START HERE/03 OPEN LEDGER ADDITIONS.md,SCI/_ADD TO REPO LEAN/06 HELICAL RELATIVITY/00 START HERE/03 OPEN LEDGER ADDITIONS.md,.md,6795,2026-07-29T11:45:26.731569+00:00,89e4f8d8a849c2c9bf7174a08b349346fa1cfd54012e6598a80b5e3fc3c448ed,False,2,SCI/_ADD TO REPO/06 HELICAL RELATIVITY/00 START HERE/03 OPEN LEDGER ADDITIONS.md,C:\Users\joesh\Desktop\SCI\_ADD TO REPO LEAN\06 HELICAL RELATIVITY\00 START HERE\03 OPEN LEDGER ADDITIONS.md
SCI,_ADD TO REPO LEAN/06 HELICAL RELATIVITY/00 START HERE/04 SHA256SUMS.txt,SCI/_ADD TO REPO LEAN/06 HELICAL RELATIVITY/00 START HERE/04 SHA256SUMS.txt,.txt,30252,2026-07-29T11:54:56.442714+00:00,f8ae94237899e324fcf39ab651853f6fc92135f285014c6447ef9b8158442766,False,2,MONOGRAPH/06 HELICAL RELATIVITY/00 START HERE/04 SHA256SUMS.txt,C:\Users\joesh\Desktop\SCI\_ADD TO REPO LEAN\06 HELICAL RELATIVITY\00 START HERE\04 SHA256SUMS.txt
SCI,_ADD TO REPO LEAN/06 HELICAL RELATIVITY/00 START HERE/05 LEAN BUILD NOTE.md,SCI/_ADD TO REPO LEAN/06 HELICAL RELATIVITY/00 START HERE/05 LEAN BUILD NOTE.md,.md,2747,2026-07-29T11:53:37.531800+00:00,e192538cec8ca49d09c7690348e31c8e9a4db8a93f0219e524b31a9d02375a6b,True,1,SCI/_ADD TO REPO LEAN/06 HELICAL RELATIVITY/00 START HERE/05 LEAN BUILD NOTE.md,C:\Users\joesh\Desktop\SCI\_ADD TO REPO LEAN\06 HELICAL RELATIVITY\00 START HERE\05 LEAN BUILD NOTE.md
SCI,_ADD TO REPO LEAN/06 HELICAL RELATIVITY/01 THE FIELD/Geometric_Lift_of_Negative_Holographic_Evolution_Joseph_Shields.docx,SCI/_ADD TO REPO LEAN/06 HELICAL RELATIVITY/01 THE FIELD/Geometric_Lift_of_Negative_Holographic_Evolution_Joseph_Shields.docx,.docx,143638,2026-07-29T11:44:06.162670+00:00,528803ede7701f98c0aebe41ee8892e8ced8fb1b1f48a0efad2518d418e74186,False,8,MONOGRAPH/06 HELICAL RELATIVITY/01 THE FIELD/Geometric_Lift_of_Negative_Holographic_Evolution_Joseph_Shields.docx,C:\Users\joesh\Desktop\SCI\_ADD TO REPO LEAN\06 HELICAL RELATIVITY\01 THE FIELD\Geometric_Lift_of_Negative_Holographic_Evolution_Joseph_Shields.docx
SCI,_ADD TO REPO LEAN/06 HELICAL RELATIVITY/01 THE FIELD/Least_Cost_Holonomy_and_CoDistinction_Fields_Joseph_Shields_FORMALISED.docx,SCI/_ADD TO REPO LEAN/06 HELICAL RELATIVITY/01 THE FIELD/Least_Cost_Holonomy_and_CoDistinction_Fields_Joseph_Shields_FORMALISED.docx,.docx,1823502,2026-07-29T11:44:06.158619+00:00,04c31a0877803aeb6c9203754f42b70963b53993e88abbc78eb751ea3ec5e3f4,False,7,MONOGRAPH/05 TRAVERSAL PAPERS/04 Least-Cost Holonomy and Co-Distinction Fields.docx,C:\Users\joesh\Desktop\SCI\_ADD TO REPO LEAN\06 HELICAL RELATIVITY\01 THE FIELD\Least_Cost_Holonomy_and_CoDistinction_Fields_Joseph_Shields_FORMALISED.docx
SCI,_ADD TO REPO LEAN/06 HELICAL RELATIVITY/01 THE FIELD/The Bubble Field(1).md,SCI/_ADD TO REPO LEAN/06 HELICAL RELATIVITY/01 THE FIELD/The Bubble Field(1).md,.md,18139,2026-07-29T11:44:06.155943+00:00,4ae07297829a29c323e85daba897a821f8aa172a828429768cb7d8f052563686,False,6,SCI/Helical Relativity/04 Foundations/The Bubble Field(1).md,C:\Users\joesh\Desktop\SCI\_ADD TO REPO LEAN\06 HELICAL RELATIVITY\01 THE FIELD\The Bubble Field(1).md
SCI,_ADD TO REPO LEAN/06 HELICAL RELATIVITY/01 THE FIELD/The_Bubble_Field_Mathematical_Field_Edition_Joseph_Shields.docx,SCI/_ADD TO REPO LEAN/06 HELICAL RELATIVITY/01 THE FIELD/The_Bubble_Field_Mathematical_Field_Edition_Joseph_Shields.docx,.docx,595980,2026-07-29T11:44:06.130465+00:00,ec0b4b78e23c67dfa5ddf17a3a829df12fd5446e93ade1afb6dc6d5016f6e0bf,False,5,MONOGRAPH/06 HELICAL RELATIVITY/01 THE FIELD/The_Bubble_Field_Mathematical_Field_Edition_Joseph_Shields.docx,C:\Users\joesh\Desktop\SCI\_ADD TO REPO LEAN\06 HELICAL RELATIVITY\01 THE FIELD\The_Bubble_Field_Mathematical_Field_Edition_Joseph_Shields.docx
SCI,_ADD TO REPO LEAN/06 HELICAL RELATIVITY/01 THE FIELD/Universal_Field_of_Least_Action_Complete_Programme_Joseph_Shields.docx,SCI/_ADD TO REPO LEAN/06 HELICAL RELATIVITY/01 THE FIELD/Universal_Field_of_Least_Action_Complete_Programme_Joseph_Shields.docx,.docx,3897332,2026-07-29T11:44:06.161169+00:00,6aa342f52f2fa0c26497520043297384b26a77786e71a549ce4153becb2efeea,False,5,MONOGRAPH/06 HELICAL RELATIVITY/01 THE FIELD/Universal_Field_of_Least_Action_Complete_Programme_Joseph_Shields.docx,C:\Users\joesh\Desktop\SCI\_ADD TO REPO LEAN\06 HELICAL RELATIVITY\01 THE FIELD\Universal_Field_of_Least_Action_Complete_Programme_Joseph_Shields.docx
SCI,_ADD TO REPO LEAN/06 HELICAL RELATIVITY/02 COMPUTATIONS/audit_closure_attack.py,SCI/_ADD TO REPO LEAN/06 HELICAL RELATIVITY/02 COMPUTATIONS/audit_closure_attack.py,.py,13937,2026-07-29T11:44:06.216019+00:00,9ce880fe69736a496e80b9003840a9f22e55fc7a126b5b05a0cb2042a6e17a03,False,3,SCI/Helical Relativity/01 Computations/audit_closure_attack.py,C:\Users\joesh\Desktop\SCI\_ADD TO REPO LEAN\06 HELICAL RELATIVITY\02 COMPUTATIONS\audit_closure_attack.py
SCI,_ADD TO REPO LEAN/06 HELICAL RELATIVITY/02 COMPUTATIONS/audit_closure_attack_results.json,SCI/_ADD TO REPO LEAN/06 HELICAL RELATIVITY/02 COMPUTATIONS/audit_closure_attack_results.json,.json,2110,2026-07-29T11:53:53.593822+00:00,b5d7480d40c8f73e2702518ba64baea833d7b3dd46848c917f2e17b9fb946022,False,2,MONOGRAPH/06 HELICAL RELATIVITY/02 COMPUTATIONS/audit_closure_attack_results.json,C:\Users\joesh\Desktop\SCI\_ADD TO REPO LEAN\06 HELICAL RELATIVITY\02 COMPUTATIONS\audit_closure_attack_results.json
SCI,_ADD TO REPO LEAN/06 HELICAL RELATIVITY/02 COMPUTATIONS/bubble_field.py,SCI/_ADD TO REPO LEAN/06 HELICAL RELATIVITY/02 COMPUTATIONS/bubble_field.py,.py,19312,2026-07-29T11:44:06.203078+00:00,cf2e3c3f1b2c1c07494795b07b0e77a2a93d92678f91505cfa1765d7459d59b2,False,4,MONOGRAPH/06 HELICAL RELATIVITY/02 COMPUTATIONS/bubble_field.py,C:\Users\joesh\Desktop\SCI\_ADD TO REPO LEAN\06 HELICAL RELATIVITY\02 COMPUTATIONS\bubble_field.py
SCI,_ADD TO REPO LEAN/06 HELICAL RELATIVITY/02 COMPUTATIONS/bubble_field_closure_attack.py,SCI/_ADD TO REPO LEAN/06 HELICAL RELATIVITY/02 COMPUTATIONS/bubble_field_closure_attack.py,.py,21182,2026-07-29T11:44:06.189713+00:00,544b1283100bf22998538b519487cfde3568148a29e3bacad97a3495ddb87a16,False,3,SCI/Helical Relativity/01 Computations/bubble_field_closure_attack.py,C:\Users\joesh\Desktop\SCI\_ADD TO REPO LEAN\06 HELICAL RELATIVITY\02 COMPUTATIONS\bubble_field_closure_attack.py
SCI,_ADD TO REPO LEAN/06 HELICAL RELATIVITY/02 COMPUTATIONS/bubble_field_closure_attack_results.json,SCI/_ADD TO REPO LEAN/06 HELICAL RELATIVITY/02 COMPUTATIONS/bubble_field_closure_attack_results.json,.json,8878,2026-07-29T11:53:58.238545+00:00,37cffae7f669de33605fe309aa9feff9c3d67b422bc95dcae436cedc7d805da7,False,2,MONOGRAPH/06 HELICAL RELATIVITY/02 COMPUTATIONS/bubble_field_closure_attack_results.json,C:\Users\joesh\Desktop\SCI\_ADD TO REPO LEAN\06 HELICAL RELATIVITY\02 COMPUTATIONS\bubble_field_closure_attack_results.json
SCI,_ADD TO REPO LEAN/06 HELICAL RELATIVITY/02 COMPUTATIONS/bubble_field_compression_boundary.py,SCI/_ADD TO REPO LEAN/06 HELICAL RELATIVITY/02 COMPUTATIONS/bubble_field_compression_boundary.py,.py,14668,2026-07-29T11:44:06.191870+00:00,4387ccb3a925f11184c7b43eb01da12be8d11ae3ee5918d53b4e155656cd776e,False,5,MONOGRAPH/06 HELICAL RELATIVITY/02 COMPUTATIONS/bubble_field_compression_boundary.py,C:\Users\joesh\Desktop\SCI\_ADD TO REPO LEAN\06 HELICAL RELATIVITY\02 COMPUTATIONS\bubble_field_compression_boundary.py
SCI,_ADD TO REPO LEAN/06 HELICAL RELATIVITY/02 COMPUTATIONS/bubble_field_compression_boundary_map.png,SCI/_ADD TO REPO LEAN/06 HELICAL RELATIVITY/02 COMPUTATIONS/bubble_field_compression_boundary_map.png,.png,175885,2026-07-29T11:54:00.667630+00:00,256da9b3f31827826ee694d877628648f167bd00cbeb34cc42cc526022de7be3,False,5,MONOGRAPH/06 HELICAL RELATIVITY/02 COMPUTATIONS/bubble_field_compression_boundary_map.png,C:\Users\joesh\Desktop\SCI\_ADD TO REPO LEAN\06 HELICAL RELATIVITY\02 COMPUTATIONS\bubble_field_compression_boundary_map.png
SCI,_ADD TO REPO LEAN/06 HELICAL RELATIVITY/02 COMPUTATIONS/bubble_field_compression_boundary_results.json,SCI/_ADD TO REPO LEAN/06 HELICAL RELATIVITY/02 COMPUTATIONS/bubble_field_compression_boundary_results.json,.json,7528,2026-07-29T11:53:59.947176+00:00,a094545536dd57f5da0ebe23802bd34319727a1d2de26561797c62dbd16cd73c,False,5,MONOGRAPH/06 HELICAL RELATIVITY/02 COMPUTATIONS/bubble_field_compression_boundary_results.json,C:\Users\joesh\Desktop\SCI\_ADD TO REPO LEAN\06 HELICAL RELATIVITY\02 COMPUTATIONS\bubble_field_compression_boundary_results.json
SCI,_ADD TO REPO LEAN/06 HELICAL RELATIVITY/02 COMPUTATIONS/bubble_field_G_bridge.png,SCI/_ADD TO REPO LEAN/06 HELICAL RELATIVITY/02 COMPUTATIONS/bubble_field_G_bridge.png,.png,65652,2026-07-29T11:53:57.211408+00:00,0503db834c9e35d0ec0855b7f204b4cec81c5533af230717516caeb3f5871638,False,5,MONOGRAPH/06 HELICAL RELATIVITY/02 COMPUTATIONS/bubble_field_G_bridge.png,C:\Users\joesh\Desktop\SCI\_ADD TO REPO LEAN\06 HELICAL RELATIVITY\02 COMPUTATIONS\bubble_field_G_bridge.png
SCI,_ADD TO REPO LEAN/06 HELICAL RELATIVITY/02 COMPUTATIONS/bubble_field_lepton_candidate.png,SCI/_ADD TO REPO LEAN/06 HELICAL RELATIVITY/02 COMPUTATIONS/bubble_field_lepton_candidate.png,.png,38442,2026-07-29T11:53:58.226393+00:00,4dc10afe3a10c03070c8787dfcd4915ddafe985aea92602aab5ee2ff56b8b4c5,False,5,MONOGRAPH/06 HELICAL RELATIVITY/02 COMPUTATIONS/bubble_field_lepton_candidate.png,C:\Users\joesh\Desktop\SCI\_ADD TO REPO LEAN\06 HELICAL RELATIVITY\02 COMPUTATIONS\bubble_field_lepton_candidate.png
SCI,_ADD TO REPO LEAN/06 HELICAL RELATIVITY/02 COMPUTATIONS/bubble_field_recovery_ledger.png,SCI/_ADD TO REPO LEAN/06 HELICAL RELATIVITY/02 COMPUTATIONS/bubble_field_recovery_ledger.png,.png,152913,2026-07-29T11:54:01.087974+00:00,6ac10317ee8d87e07f8e179cf7854aaece12655cc4b79e0fa1169d14dfbd1371,False,5,MONOGRAPH/06 HELICAL RELATIVITY/02 COMPUTATIONS/bubble_field_recovery_ledger.png,C:\Users\joesh\Desktop\SCI\_ADD TO REPO LEAN\06 HELICAL RELATIVITY\02 COMPUTATIONS\bubble_field_recovery_ledger.png
SCI,_ADD TO REPO LEAN/06 HELICAL RELATIVITY/02 COMPUTATIONS/bubble_field_results.json,SCI/_ADD TO REPO LEAN/06 HELICAL RELATIVITY/02 COMPUTATIONS/bubble_field_results.json,.json,2900,2026-07-29T11:53:54.887070+00:00,9b251287a266bf09b958202f02774c2cf01df6f05debc61dc0e6e8574739c890,False,2,MONOGRAPH/06 HELICAL RELATIVITY/02 COMPUTATIONS/bubble_field_results.json,C:\Users\joesh\Desktop\SCI\_ADD TO REPO LEAN\06 HELICAL RELATIVITY\02 COMPUTATIONS\bubble_field_results.json
SCI,_ADD TO REPO LEAN/06 HELICAL RELATIVITY/02 COMPUTATIONS/bubble_field_rigorous.py,SCI/_ADD TO REPO LEAN/06 HELICAL RELATIVITY/02 COMPUTATIONS/bubble_field_rigorous.py,.py,14426,2026-07-29T11:44:06.193929+00:00,38370b3d965ebad324bbf1be781a5c30594553b6a63df60a411afc44127f81f0,False,3,SCI/Helical Relativity/01 Computations/bubble_field_rigorous.py,C:\Users\joesh\Desktop\SCI\_ADD TO REPO LEAN\06 HELICAL RELATIVITY\02 COMPUTATIONS\bubble_field_rigorous.py
SCI,_ADD TO REPO LEAN/06 HELICAL RELATIVITY/02 COMPUTATIONS/bubble_field_rigorous_profiles.png,SCI/_ADD TO REPO LEAN/06 HELICAL RELATIVITY/02 COMPUTATIONS/bubble_field_rigorous_profiles.png,.png,195810,2026-07-29T11:54:04.174561+00:00,bd9508075c616ae4b477874ef231e14b0ef51a7ba96150a824fee70a0407a32a,False,5,MONOGRAPH/06 HELICAL RELATIVITY/02 COMPUTATIONS/bubble_field_rigorous_profiles.png,C:\Users\joesh\Desktop\SCI\_ADD TO REPO LEAN\06 HELICAL RELATIVITY\02 COMPUTATIONS\bubble_field_rigorous_profiles.png
SCI,_ADD TO REPO LEAN/06 HELICAL RELATIVITY/02 COMPUTATIONS/bubble_field_rigorous_results.json,SCI/_ADD TO REPO LEAN/06 HELICAL RELATIVITY/02 COMPUTATIONS/bubble_field_rigorous_results.json,.json,3581,2026-07-29T11:54:04.186013+00:00,3d3886c903bc3091559b0be6b1f56588c48fd4d690e9bf2153584051c46169e8,False,2,MONOGRAPH/06 HELICAL RELATIVITY/02 COMPUTATIONS/bubble_field_rigorous_results.json,C:\Users\joesh\Desktop\SCI\_ADD TO REPO LEAN\06 HELICAL RELATIVITY\02 COMPUTATIONS\bubble_field_rigorous_results.json
SCI,_ADD TO REPO LEAN/06 HELICAL RELATIVITY/02 COMPUTATIONS/bubble_field_scale_ladder.png,SCI/_ADD TO REPO LEAN/06 HELICAL RELATIVITY/02 COMPUTATIONS/bubble_field_scale_ladder.png,.png,73466,2026-07-29T11:53:57.875285+00:00,0e8cb5ef0330eed23b3ba970da5a1819c27a43f5f6b31714584d0981fe917dbf,False,5,MONOGRAPH/06 HELICAL RELATIVITY/02 COMPUTATIONS/bubble_field_scale_ladder.png,C:\Users\joesh\Desktop\SCI\_ADD TO REPO LEAN\06 HELICAL RELATIVITY\02 COMPUTATIONS\bubble_field_scale_ladder.png
SCI,_ADD TO REPO LEAN/06 HELICAL RELATIVITY/02 COMPUTATIONS/bubble_field_source_profiles.png,SCI/_ADD TO REPO LEAN/06 HELICAL RELATIVITY/02 COMPUTATIONS/bubble_field_source_profiles.png,.png,125049,2026-07-29T11:53:57.579829+00:00,fdbc1ca8fcfe69b8d241fca24f13d6cc7eb4d7d0238d966a71c3cfb4b775384a,False,5,MONOGRAPH/06 HELICAL RELATIVITY/02 COMPUTATIONS/bubble_field_source_profiles.png,C:\Users\joesh\Desktop\SCI\_ADD TO REPO LEAN\06 HELICAL RELATIVITY\02 COMPUTATIONS\bubble_field_source_profiles.png
SCI,_ADD TO REPO LEAN/06 HELICAL RELATIVITY/02 COMPUTATIONS/colour_field_closure.py,SCI/_ADD TO REPO LEAN/06 HELICAL RELATIVITY/02 COMPUTATIONS/colour_field_closure.py,.py,16440,2026-07-29T11:46:31.736806+00:00,8e57ca1457ce46bebff29fb54a7000ed1921738b5acab70e1286438340b87559,False,4,MONOGRAPH/06 HELICAL RELATIVITY/02 COMPUTATIONS/colour_field_closure.py,C:\Users\joesh\Desktop\SCI\_ADD TO REPO LEAN\06 HELICAL RELATIVITY\02 COMPUTATIONS\colour_field_closure.py
SCI,_ADD TO REPO LEAN/06 HELICAL RELATIVITY/02 COMPUTATIONS/colour_field_closure_results.json,SCI/_ADD TO REPO LEAN/06 HELICAL RELATIVITY/02 COMPUTATIONS/colour_field_closure_results.json,.json,4617,2026-07-29T11:54:37.245530+00:00,da2bc849ebb70f0e490b1d46e7973ee41eb52b02e63a0794265f01ded1227365,False,2,MONOGRAPH/06 HELICAL RELATIVITY/02 COMPUTATIONS/colour_field_closure_results.json,C:\Users\joesh\Desktop\SCI\_ADD TO REPO LEAN\06 HELICAL RELATIVITY\02 COMPUTATIONS\colour_field_closure_results.json
SCI,_ADD TO REPO LEAN/06 HELICAL RELATIVITY/02 COMPUTATIONS/exercising_the_field.py,SCI/_ADD TO REPO LEAN/06 HELICAL RELATIVITY/02 COMPUTATIONS/exercising_the_field.py,.py,16575,2026-07-29T11:44:06.224074+00:00,fa89183aa38f907df342268c38b5e61ea5cf939bdade0b35df9512fd412484c5,False,3,SCI/Helical Relativity/01 Computations/exercising_the_field.py,C:\Users\joesh\Desktop\SCI\_ADD TO REPO LEAN\06 HELICAL RELATIVITY\02 COMPUTATIONS\exercising_the_field.py
SCI,_ADD TO REPO LEAN/06 HELICAL RELATIVITY/02 COMPUTATIONS/exercising_the_field_results.json,SCI/_ADD TO REPO LEAN/06 HELICAL RELATIVITY/02 COMPUTATIONS/exercising_the_field_results.json,.json,2925,2026-07-29T11:54:37.321744+00:00,070b4538a616ba02dd575f98ff3f88b0627e9bae6a2cea5f90e3eda8807aee0d,False,2,MONOGRAPH/06 HELICAL RELATIVITY/02 COMPUTATIONS/exercising_the_field_results.json,C:\Users\joesh\Desktop\SCI\_ADD TO REPO LEAN\06 HELICAL RELATIVITY\02 COMPUTATIONS\exercising_the_field_results.json
SCI,_ADD TO REPO LEAN/06 HELICAL RELATIVITY/02 COMPUTATIONS/mass_operator.py,SCI/_ADD TO REPO LEAN/06 HELICAL RELATIVITY/02 COMPUTATIONS/mass_operator.py,.py,14085,2026-07-29T11:44:06.212979+00:00,76e85816eaebd860938613ab2f6e47190a61aab2eede7107561caaa0b7aa94d5,False,4,MONOGRAPH/06 HELICAL RELATIVITY/02 COMPUTATIONS/mass_operator.py,C:\Users\joesh\Desktop\SCI\_ADD TO REPO LEAN\06 HELICAL RELATIVITY\02 COMPUTATIONS\mass_operator.py
SCI,_ADD TO REPO LEAN/06 HELICAL RELATIVITY/02 COMPUTATIONS/mass_operator_results.json,SCI/_ADD TO REPO LEAN/06 HELICAL RELATIVITY/02 COMPUTATIONS/mass_operator_results.json,.json,2499,2026-07-29T11:54:38.217472+00:00,b97f96f10829c065f9ae049bb14c09cf1fd6783e0f42b54f5ef2ae796db99697,False,2,MONOGRAPH/06 HELICAL RELATIVITY/02 COMPUTATIONS/mass_operator_results.json,C:\Users\joesh\Desktop\SCI\_ADD TO REPO LEAN\06 HELICAL RELATIVITY\02 COMPUTATIONS\mass_operator_results.json
SCI,_ADD TO REPO LEAN/06 HELICAL RELATIVITY/02 COMPUTATIONS/three_part_bubble.py,SCI/_ADD TO REPO LEAN/06 HELICAL RELATIVITY/02 COMPUTATIONS/three_part_bubble.py,.py,11299,2026-07-29T11:44:06.214516+00:00,97c7f94c1da73d5fa725aca4e6d875d8ea6644784d24fde6bbb03e21f0474479,False,3,SCI/Helical Relativity/01 Computations/three_part_bubble.py,C:\Users\joesh\Desktop\SCI\_ADD TO REPO LEAN\06 HELICAL RELATIVITY\02 COMPUTATIONS\three_part_bubble.py
SCI,_ADD TO REPO LEAN/06 HELICAL RELATIVITY/02 COMPUTATIONS/three_part_bubble_results.json,SCI/_ADD TO REPO LEAN/06 HELICAL RELATIVITY/02 COMPUTATIONS/three_part_bubble_results.json,.json,2652,2026-07-29T11:54:38.290107+00:00,1c082b7e25e0a74fe7aa3e7289c6ed0a571b2083b3935dd95fc07e956d46b7ea,False,2,MONOGRAPH/06 HELICAL RELATIVITY/02 COMPUTATIONS/three_part_bubble_results.json,C:\Users\joesh\Desktop\SCI\_ADD TO REPO LEAN\06 HELICAL RELATIVITY\02 COMPUTATIONS\three_part_bubble_results.json
SCI,_ADD TO REPO LEAN/06 HELICAL RELATIVITY/02 COMPUTATIONS/verify_review.py,SCI/_ADD TO REPO LEAN/06 HELICAL RELATIVITY/02 COMPUTATIONS/verify_review.py,.py,10675,2026-07-29T11:44:06.218019+00:00,9a07f521645587d67a603947e1899159154c398492fd54fb0244def2bf26b8a7,False,3,SCI/Helical Relativity/01 Computations/verify_review.py,C:\Users\joesh\Desktop\SCI\_ADD TO REPO LEAN\06 HELICAL RELATIVITY\02 COMPUTATIONS\verify_review.py
SCI,_ADD TO REPO LEAN/06 HELICAL RELATIVITY/02 COMPUTATIONS/verify_review_results.json,SCI/_ADD TO REPO LEAN/06 HELICAL RELATIVITY/02 COMPUTATIONS/verify_review_results.json,.json,2360,2026-07-29T11:54:39.262051+00:00,f0beb661f7924ef1d563726b63b309cdf86e299d57b25a1b5fb25255607ca1f3,False,2,MONOGRAPH/06 HELICAL RELATIVITY/02 COMPUTATIONS/verify_review_results.json,C:\Users\joesh\Desktop\SCI\_ADD TO REPO LEAN\06 HELICAL RELATIVITY\02 COMPUTATIONS\verify_review_results.json
SCI,_ADD TO REPO LEAN/06 HELICAL RELATIVITY/03 COLOUR FIELD.zip,SCI/_ADD TO REPO LEAN/06 HELICAL RELATIVITY/03 COLOUR FIELD.zip,.zip,6884881,2026-07-29T12:50:47.609609+00:00,f725b849e75a6c6f1b665fa60de4db5935d5ad49da1ec6fa1c70d8bf63de7ee8,False,2,MONOGRAPH/06 HELICAL RELATIVITY/03 COLOUR FIELD.zip,C:\Users\joesh\Desktop\SCI\_ADD TO REPO LEAN\06 HELICAL RELATIVITY\03 COLOUR FIELD.zip
SCI,_ADD TO REPO LEAN/06 HELICAL RELATIVITY/04 HELICAL FIELD.zip,SCI/_ADD TO REPO LEAN/06 HELICAL RELATIVITY/04 HELICAL FIELD.zip,.zip,9963741,2026-07-29T12:51:13.973932+00:00,569c7cb3740772d38c09d727aed5a4c3586d3b46c57be51002977f67477c2a7b,False,2,MONOGRAPH/06 HELICAL RELATIVITY/04 HELICAL FIELD.zip,C:\Users\joesh\Desktop\SCI\_ADD TO REPO LEAN\06 HELICAL RELATIVITY\04 HELICAL FIELD.zip
SCI,_ADD TO REPO LEAN/06 HELICAL RELATIVITY/05 FIGURES/bubble_architecture.png,SCI/_ADD TO REPO LEAN/06 HELICAL RELATIVITY/05 FIGURES/bubble_architecture.png,.png,194891,2026-07-29T11:44:06.410223+00:00,8e77662ed39e664bdf74950548d7c311eaf23d0dd7c0c37cc8e7bdf731343444,False,5,MONOGRAPH/06 HELICAL RELATIVITY/05 FIGURES/bubble_architecture.png,C:\Users\joesh\Desktop\SCI\_ADD TO REPO LEAN\06 HELICAL RELATIVITY\05 FIGURES\bubble_architecture.png
SCI,_ADD TO REPO LEAN/06 HELICAL RELATIVITY/05 FIGURES/bubble_closure_chain.png,SCI/_ADD TO REPO LEAN/06 HELICAL RELATIVITY/05 FIGURES/bubble_closure_chain.png,.png,43456,2026-07-29T11:44:06.411256+00:00,45593d2dff3e9da3920fe48d56f9d0f16b820d89084930fd3f4c75896500fe3d,False,5,MONOGRAPH/06 HELICAL RELATIVITY/05 FIGURES/bubble_closure_chain.png,C:\Users\joesh\Desktop\SCI\_ADD TO REPO LEAN\06 HELICAL RELATIVITY\05 FIGURES\bubble_closure_chain.png
SCI,_ADD TO REPO LEAN/06 HELICAL RELATIVITY/05 FIGURES/bubble_field_compression_boundary_map.png,SCI/_ADD TO REPO LEAN/06 HELICAL RELATIVITY/05 FIGURES/bubble_field_compression_boundary_map.png,.png,210668,2026-07-29T11:44:06.414797+00:00,6f12621bc5d85c645d6ee9488835c068feb8f2ded00e0fe6223e1f2336dce1d5,False,5,MONOGRAPH/06 HELICAL RELATIVITY/05 FIGURES/bubble_field_compression_boundary_map.png,C:\Users\joesh\Desktop\SCI\_ADD TO REPO LEAN\06 HELICAL RELATIVITY\05 FIGURES\bubble_field_compression_boundary_map.png
SCI,_ADD TO REPO LEAN/06 HELICAL RELATIVITY/05 FIGURES/bubble_field_G_bridge.png,SCI/_ADD TO REPO LEAN/06 HELICAL RELATIVITY/05 FIGURES/bubble_field_G_bridge.png,.png,78914,2026-07-29T11:44:06.412756+00:00,4248a812a538e37f697990ddc22f13af9fd768fd43224896ecfd96a1536108d2,False,5,MONOGRAPH/06 HELICAL RELATIVITY/05 FIGURES/bubble_field_G_bridge.png,C:\Users\joesh\Desktop\SCI\_ADD TO REPO LEAN\06 HELICAL RELATIVITY\05 FIGURES\bubble_field_G_bridge.png
SCI,_ADD TO REPO LEAN/06 HELICAL RELATIVITY/05 FIGURES/bubble_field_lepton_candidate.png,SCI/_ADD TO REPO LEAN/06 HELICAL RELATIVITY/05 FIGURES/bubble_field_lepton_candidate.png,.png,47026,2026-07-29T11:44:06.416298+00:00,2a130f8c9a2ca61cd02f1d1b46c704fff852daff6d75f5b58cdd857ebaf58996,False,5,MONOGRAPH/06 HELICAL RELATIVITY/05 FIGURES/bubble_field_lepton_candidate.png,C:\Users\joesh\Desktop\SCI\_ADD TO REPO LEAN\06 HELICAL RELATIVITY\05 FIGURES\bubble_field_lepton_candidate.png
SCI,_ADD TO REPO LEAN/06 HELICAL RELATIVITY/05 FIGURES/bubble_field_recovery_ledger.png,SCI/_ADD TO REPO LEAN/06 HELICAL RELATIVITY/05 FIGURES/bubble_field_recovery_ledger.png,.png,205527,2026-07-29T11:44:06.417799+00:00,eabd8e916e5d2c0bfedb7a58f2a3a4333de2899f5769d825c4a57ff6d433e1e6,False,5,MONOGRAPH/06 HELICAL RELATIVITY/05 FIGURES/bubble_field_recovery_ledger.png,C:\Users\joesh\Desktop\SCI\_ADD TO REPO LEAN\06 HELICAL RELATIVITY\05 FIGURES\bubble_field_recovery_ledger.png
SCI,_ADD TO REPO LEAN/06 HELICAL RELATIVITY/05 FIGURES/bubble_field_rigorous_profiles.png,SCI/_ADD TO REPO LEAN/06 HELICAL RELATIVITY/05 FIGURES/bubble_field_rigorous_profiles.png,.png,196929,2026-07-29T11:44:06.418942+00:00,6c9f73aa66b41ed35a6e07f1e8706da7676ab6cc8b7163c559616292d34d51d2,False,5,MONOGRAPH/06 HELICAL RELATIVITY/05 FIGURES/bubble_field_rigorous_profiles.png,C:\Users\joesh\Desktop\SCI\_ADD TO REPO LEAN\06 HELICAL RELATIVITY\05 FIGURES\bubble_field_rigorous_profiles.png
SCI,_ADD TO REPO LEAN/06 HELICAL RELATIVITY/05 FIGURES/bubble_field_scale_ladder.png,SCI/_ADD TO REPO LEAN/06 HELICAL RELATIVITY/05 FIGURES/bubble_field_scale_ladder.png,.png,90773,2026-07-29T11:44:06.427484+00:00,932641087c76db2fb9806dc64300de29609f3a04ddc2d79a28bf666525f7679f,False,5,MONOGRAPH/06 HELICAL RELATIVITY/05 FIGURES/bubble_field_scale_ladder.png,C:\Users\joesh\Desktop\SCI\_ADD TO REPO LEAN\06 HELICAL RELATIVITY\05 FIGURES\bubble_field_scale_ladder.png
SCI,_ADD TO REPO LEAN/06 HELICAL RELATIVITY/05 FIGURES/bubble_field_source_profiles.png,SCI/_ADD TO REPO LEAN/06 HELICAL RELATIVITY/05 FIGURES/bubble_field_source_profiles.png,.png,144414,2026-07-29T11:44:06.435184+00:00,2271624471e9f6665ef3b8474bc0386e3c87585979c0e2b1d5b5cf5ec699ed78,False,5,MONOGRAPH/06 HELICAL RELATIVITY/05 FIGURES/bubble_field_source_profiles.png,C:\Users\joesh\Desktop\SCI\_ADD TO REPO LEAN\06 HELICAL RELATIVITY\05 FIGURES\bubble_field_source_profiles.png
SCI,_ADD TO REPO LEAN/06 HELICAL RELATIVITY/05 FIGURES/bubble_source_sector.png,SCI/_ADD TO REPO LEAN/06 HELICAL RELATIVITY/05 FIGURES/bubble_source_sector.png,.png,36467,2026-07-29T11:44:06.420443+00:00,728445b9ccdc4f97dc6f798e4da5cf678ea7c94f7f64809882846c9fb3c80362,False,5,MONOGRAPH/06 HELICAL RELATIVITY/05 FIGURES/bubble_source_sector.png,C:\Users\joesh\Desktop\SCI\_ADD TO REPO LEAN\06 HELICAL RELATIVITY\05 FIGURES\bubble_source_sector.png
SCI,_ADD TO REPO LEAN/06 HELICAL RELATIVITY/05 FIGURES/bubble_status.png,SCI/_ADD TO REPO LEAN/06 HELICAL RELATIVITY/05 FIGURES/bubble_status.png,.png,158410,2026-07-29T11:44:06.421942+00:00,22f15115bc11fbb96525bbe9184fcd3509647e452c174247e3ea328aae1090c5,False,5,MONOGRAPH/06 HELICAL RELATIVITY/05 FIGURES/bubble_status.png,C:\Users\joesh\Desktop\SCI\_ADD TO REPO LEAN\06 HELICAL RELATIVITY\05 FIGURES\bubble_status.png
SCI,_ADD TO REPO LEAN/06 HELICAL RELATIVITY/05 FIGURES/cef_codistinction.png,SCI/_ADD TO REPO LEAN/06 HELICAL RELATIVITY/05 FIGURES/cef_codistinction.png,.png,42271,2026-07-29T11:44:06.422943+00:00,93b85dcab8e94bfb5685fac82bb74fb439fb8903e66c9a0640beb715823d7530,False,5,MONOGRAPH/06 HELICAL RELATIVITY/05 FIGURES/cef_codistinction.png,C:\Users\joesh\Desktop\SCI\_ADD TO REPO LEAN\06 HELICAL RELATIVITY\05 FIGURES\cef_codistinction.png
SCI,_ADD TO REPO LEAN/06 HELICAL RELATIVITY/05 FIGURES/cef_field_architecture.png,SCI/_ADD TO REPO LEAN/06 HELICAL RELATIVITY/05 FIGURES/cef_field_architecture.png,.png,160429,2026-07-29T11:44:06.428984+00:00,876d7ebb8261fdbafa10a88bcdb4a0421c18c151a4c3892ee95bd661ad88ff8c,False,5,MONOGRAPH/06 HELICAL RELATIVITY/05 FIGURES/cef_field_architecture.png,C:\Users\joesh\Desktop\SCI\_ADD TO REPO LEAN\06 HELICAL RELATIVITY\05 FIGURES\cef_field_architecture.png
SCI,_ADD TO REPO LEAN/06 HELICAL RELATIVITY/05 FIGURES/cef_internal_cycle.png,SCI/_ADD TO REPO LEAN/06 HELICAL RELATIVITY/05 FIGURES/cef_internal_cycle.png,.png,96180,2026-07-29T11:44:06.430485+00:00,8a127f0c93ccc67c6a9b5161120ca302975ebc85888ccdf5e93ac3ffa253d1e3,False,5,MONOGRAPH/06 HELICAL RELATIVITY/05 FIGURES/cef_internal_cycle.png,C:\Users\joesh\Desktop\SCI\_ADD TO REPO LEAN\06 HELICAL RELATIVITY\05 FIGURES\cef_internal_cycle.png
SCI,_ADD TO REPO LEAN/06 HELICAL RELATIVITY/05 FIGURES/cef_interrogative_loop.png,SCI/_ADD TO REPO LEAN/06 HELICAL RELATIVITY/05 FIGURES/cef_interrogative_loop.png,.png,48991,2026-07-29T11:44:06.409178+00:00,435369ccc41d5466fbd5c06cdf8dab4eff1ae02ae1331c582026e679b27d8561,False,5,MONOGRAPH/06 HELICAL RELATIVITY/05 FIGURES/cef_interrogative_loop.png,C:\Users\joesh\Desktop\SCI\_ADD TO REPO LEAN\06 HELICAL RELATIVITY\05 FIGURES\cef_interrogative_loop.png
SCI,_ADD TO REPO LEAN/06 HELICAL RELATIVITY/05 FIGURES/exoplanet_lab_plots.png,SCI/_ADD TO REPO LEAN/06 HELICAL RELATIVITY/05 FIGURES/exoplanet_lab_plots.png,.png,378276,2026-07-29T11:44:06.432020+00:00,c4c363099cbb8a4fcdc0ea947431d1f839d7f483eedc6122a9ce9e9061615d00,False,5,MONOGRAPH/06 HELICAL RELATIVITY/05 FIGURES/exoplanet_lab_plots.png,C:\Users\joesh\Desktop\SCI\_ADD TO REPO LEAN\06 HELICAL RELATIVITY\05 FIGURES\exoplanet_lab_plots.png
SCI,_ADD TO REPO LEAN/06 HELICAL RELATIVITY/90 HISTORY/00 First draft - The Bubble Field.md,SCI/_ADD TO REPO LEAN/06 HELICAL RELATIVITY/90 HISTORY/00 First draft - The Bubble Field.md,.md,18139,2026-07-29T11:44:06.719018+00:00,4ae07297829a29c323e85daba897a821f8aa172a828429768cb7d8f052563686,False,6,SCI/Helical Relativity/04 Foundations/The Bubble Field(1).md,C:\Users\joesh\Desktop\SCI\_ADD TO REPO LEAN\06 HELICAL RELATIVITY\90 HISTORY\00 First draft - The Bubble Field.md
SCI,_ADD TO REPO LEAN/06 HELICAL RELATIVITY/90 HISTORY/Bubble_Field_Closure_Attack_G_Source_Weak_Leptons_Joseph_Shields.docx,SCI/_ADD TO REPO LEAN/06 HELICAL RELATIVITY/90 HISTORY/Bubble_Field_Closure_Attack_G_Source_Weak_Leptons_Joseph_Shields.docx,.docx,432720,2026-07-29T11:44:06.716089+00:00,bb6be69eabfa6c3bbcdd8ee9bbc79d2310acce371bc15b1e3cc95e7fa3eefe1d,False,5,MONOGRAPH/06 HELICAL RELATIVITY/90 HISTORY/Bubble_Field_Closure_Attack_G_Source_Weak_Leptons_Joseph_Shields.docx,C:\Users\joesh\Desktop\SCI\_ADD TO REPO LEAN\06 HELICAL RELATIVITY\90 HISTORY\Bubble_Field_Closure_Attack_G_Source_Weak_Leptons_Joseph_Shields.docx
SCI,_ADD TO REPO LEAN/06 HELICAL RELATIVITY/90 HISTORY/Bubble_Field_Closure_Attack_G_Source_Weak_Leptons_Joseph_Shields.pdf,SCI/_ADD TO REPO LEAN/06 HELICAL RELATIVITY/90 HISTORY/Bubble_Field_Closure_Attack_G_Source_Weak_Leptons_Joseph_Shields.pdf,.pdf,688393,2026-07-29T11:44:06.718018+00:00,3b7dc8a5b6a2d9f9eb01c2f288ac533f4a3aa685657689d2457e57840b43c486,False,5,MONOGRAPH/06 HELICAL RELATIVITY/90 HISTORY/Bubble_Field_Closure_Attack_G_Source_Weak_Leptons_Joseph_Shields.pdf,C:\Users\joesh\Desktop\SCI\_ADD TO REPO LEAN\06 HELICAL RELATIVITY\90 HISTORY\Bubble_Field_Closure_Attack_G_Source_Weak_Leptons_Joseph_Shields.pdf
SCI,_ADD TO REPO LEAN/06 HELICAL RELATIVITY/90 HISTORY/The_Bubble_Field_Compression_Boundary_Closure_Joseph_Shields.docx,SCI/_ADD TO REPO LEAN/06 HELICAL RELATIVITY/90 HISTORY/The_Bubble_Field_Compression_Boundary_Closure_Joseph_Shields.docx,.docx,595380,2026-07-29T11:44:06.707287+00:00,bfd20642585796fce447d8031a890259455194d95e69ca8e826b8986a17dc010,False,5,MONOGRAPH/06 HELICAL RELATIVITY/90 HISTORY/The_Bubble_Field_Compression_Boundary_Closure_Joseph_Shields.docx,C:\Users\joesh\Desktop\SCI\_ADD TO REPO LEAN\06 HELICAL RELATIVITY\90 HISTORY\The_Bubble_Field_Compression_Boundary_Closure_Joseph_Shields.docx
SCI,_ADD TO REPO LEAN/06 HELICAL RELATIVITY/90 HISTORY/The_Bubble_Field_Compression_Boundary_Closure_Joseph_Shields.pdf,SCI/_ADD TO REPO LEAN/06 HELICAL RELATIVITY/90 HISTORY/The_Bubble_Field_Compression_Boundary_Closure_Joseph_Shields.pdf,.pdf,842900,2026-07-29T11:44:06.709324+00:00,449f92368667d9dc4734dfad930af8a608a970340c52951828cb6ca3c58c80ef,False,5,MONOGRAPH/06 HELICAL RELATIVITY/90 HISTORY/The_Bubble_Field_Compression_Boundary_Closure_Joseph_Shields.pdf,C:\Users\joesh\Desktop\SCI\_ADD TO REPO LEAN\06 HELICAL RELATIVITY\90 HISTORY\The_Bubble_Field_Compression_Boundary_Closure_Joseph_Shields.pdf
SCI,_ADD TO REPO LEAN/06 HELICAL RELATIVITY/90 HISTORY/The_Bubble_Field_Compression_Boundary_Closure_Joseph_Shields_REFERENT_PRINCIPLE.docx,SCI/_ADD TO REPO LEAN/06 HELICAL RELATIVITY/90 HISTORY/The_Bubble_Field_Compression_Boundary_Closure_Joseph_Shields_REFERENT_PRINCIPLE.docx,.docx,596506,2026-07-29T11:44:06.711375+00:00,86b795f22bb01ee39ac6df9e45dc37d84b3680f9396ae21fd11fcbf7551f24d9,False,5,MONOGRAPH/06 HELICAL RELATIVITY/90 HISTORY/The_Bubble_Field_Compression_Boundary_Closure_Joseph_Shields_REFERENT_PRINCIPLE.docx,C:\Users\joesh\Desktop\SCI\_ADD TO REPO LEAN\06 HELICAL RELATIVITY\90 HISTORY\The_Bubble_Field_Compression_Boundary_Closure_Joseph_Shields_REFERENT_PRINCIPLE.docx
SCI,_ADD TO REPO LEAN/06 HELICAL RELATIVITY/90 HISTORY/The_Bubble_Field_Rigorous_Formulation_Joseph_Shields.docx,SCI/_ADD TO REPO LEAN/06 HELICAL RELATIVITY/90 HISTORY/The_Bubble_Field_Rigorous_Formulation_Joseph_Shields.docx,.docx,2333310,2026-07-29T11:44:06.713948+00:00,cfe602f13364d52d3b5e1b83e5c2e9476c9a18d60584b7a2137b551ebc5789fd,False,5,MONOGRAPH/06 HELICAL RELATIVITY/90 HISTORY/The_Bubble_Field_Rigorous_Formulation_Joseph_Shields.docx,C:\Users\joesh\Desktop\SCI\_ADD TO REPO LEAN\06 HELICAL RELATIVITY\90 HISTORY\The_Bubble_Field_Rigorous_Formulation_Joseph_Shields.docx
SCI,_ADD TO REPO LEAN/README.md,SCI/_ADD TO REPO LEAN/README.md,.md,7912,2026-07-29T11:46:04.187277+00:00,4db82dd9bc0a36d9e569f141576a2f31d46df5dc92bf8fae560c7d821f453878,False,2,SCI/_ADD TO REPO/README.md,C:\Users\joesh\Desktop\SCI\_ADD TO REPO LEAN\README.md
SCI,_ADD TO REPO/06 HELICAL RELATIVITY/00 START HERE/01 README.md,SCI/_ADD TO REPO/06 HELICAL RELATIVITY/00 START HERE/01 README.md,.md,3020,2026-07-29T11:44:52.609200+00:00,065eb0e4c221709c082777f317bed2cf4a81b1c30e4b0e7e7b20764c4ba7c132,True,2,SCI/_ADD TO REPO/06 HELICAL RELATIVITY/00 START HERE/01 README.md,C:\Users\joesh\Desktop\SCI\_ADD TO REPO\06 HELICAL RELATIVITY\00 START HERE\01 README.md
SCI,_ADD TO REPO/06 HELICAL RELATIVITY/00 START HERE/02 STANDING ACCOUNT.md,SCI/_ADD TO REPO/06 HELICAL RELATIVITY/00 START HERE/02 STANDING ACCOUNT.md,.md,15158,2026-07-29T11:44:06.777315+00:00,9d8ba77fac84386ff91439c4fa5c4096d61dc7ca7aa2035361c12d42541d7c5b,False,4,MONOGRAPH/06 HELICAL RELATIVITY/00 START HERE/02 STANDING ACCOUNT.md,C:\Users\joesh\Desktop\SCI\_ADD TO REPO\06 HELICAL RELATIVITY\00 START HERE\02 STANDING ACCOUNT.md
SCI,_ADD TO REPO/06 HELICAL RELATIVITY/00 START HERE/03 OPEN LEDGER ADDITIONS.md,SCI/_ADD TO REPO/06 HELICAL RELATIVITY/00 START HERE/03 OPEN LEDGER ADDITIONS.md,.md,6795,2026-07-29T11:45:26.731569+00:00,89e4f8d8a849c2c9bf7174a08b349346fa1cfd54012e6598a80b5e3fc3c448ed,True,2,SCI/_ADD TO REPO/06 HELICAL RELATIVITY/00 START HERE/03 OPEN LEDGER ADDITIONS.md,C:\Users\joesh\Desktop\SCI\_ADD TO REPO\06 HELICAL RELATIVITY\00 START HERE\03 OPEN LEDGER ADDITIONS.md
SCI,_ADD TO REPO/06 HELICAL RELATIVITY/00 START HERE/04 SHA256SUMS.txt,SCI/_ADD TO REPO/06 HELICAL RELATIVITY/00 START HERE/04 SHA256SUMS.txt,.txt,31621,2026-07-29T11:48:34.498392+00:00,b2f8037f8614f7408cb51ac3ea25161f49a2a213e28fa63d7f6941238c099c01,True,1,SCI/_ADD TO REPO/06 HELICAL RELATIVITY/00 START HERE/04 SHA256SUMS.txt,C:\Users\joesh\Desktop\SCI\_ADD TO REPO\06 HELICAL RELATIVITY\00 START HERE\04 SHA256SUMS.txt
SCI,_ADD TO REPO/06 HELICAL RELATIVITY/01 THE FIELD/Geometric_Lift_of_Negative_Holographic_Evolution_Joseph_Shields.docx,SCI/_ADD TO REPO/06 HELICAL RELATIVITY/01 THE FIELD/Geometric_Lift_of_Negative_Holographic_Evolution_Joseph_Shields.docx,.docx,143638,2026-07-29T11:44:06.162670+00:00,528803ede7701f98c0aebe41ee8892e8ced8fb1b1f48a0efad2518d418e74186,False,8,MONOGRAPH/06 HELICAL RELATIVITY/01 THE FIELD/Geometric_Lift_of_Negative_Holographic_Evolution_Joseph_Shields.docx,C:\Users\joesh\Desktop\SCI\_ADD TO REPO\06 HELICAL RELATIVITY\01 THE FIELD\Geometric_Lift_of_Negative_Holographic_Evolution_Joseph_Shields.docx
SCI,_ADD TO REPO/06 HELICAL RELATIVITY/01 THE FIELD/Least_Cost_Holonomy_and_CoDistinction_Fields_Joseph_Shields_FORMALISED.docx,SCI/_ADD TO REPO/06 HELICAL RELATIVITY/01 THE FIELD/Least_Cost_Holonomy_and_CoDistinction_Fields_Joseph_Shields_FORMALISED.docx,.docx,1823502,2026-07-29T11:44:06.158619+00:00,04c31a0877803aeb6c9203754f42b70963b53993e88abbc78eb751ea3ec5e3f4,False,7,MONOGRAPH/05 TRAVERSAL PAPERS/04 Least-Cost Holonomy and Co-Distinction Fields.docx,C:\Users\joesh\Desktop\SCI\_ADD TO REPO\06 HELICAL RELATIVITY\01 THE FIELD\Least_Cost_Holonomy_and_CoDistinction_Fields_Joseph_Shields_FORMALISED.docx
SCI,_ADD TO REPO/06 HELICAL RELATIVITY/01 THE FIELD/The Bubble Field(1).md,SCI/_ADD TO REPO/06 HELICAL RELATIVITY/01 THE FIELD/The Bubble Field(1).md,.md,18139,2026-07-29T11:44:06.155943+00:00,4ae07297829a29c323e85daba897a821f8aa172a828429768cb7d8f052563686,False,6,SCI/Helical Relativity/04 Foundations/The Bubble Field(1).md,C:\Users\joesh\Desktop\SCI\_ADD TO REPO\06 HELICAL RELATIVITY\01 THE FIELD\The Bubble Field(1).md
SCI,_ADD TO REPO/06 HELICAL RELATIVITY/01 THE FIELD/The_Bubble_Field_Mathematical_Field_Edition_Joseph_Shields.docx,SCI/_ADD TO REPO/06 HELICAL RELATIVITY/01 THE FIELD/The_Bubble_Field_Mathematical_Field_Edition_Joseph_Shields.docx,.docx,595980,2026-07-29T11:44:06.130465+00:00,ec0b4b78e23c67dfa5ddf17a3a829df12fd5446e93ade1afb6dc6d5016f6e0bf,False,5,MONOGRAPH/06 HELICAL RELATIVITY/01 THE FIELD/The_Bubble_Field_Mathematical_Field_Edition_Joseph_Shields.docx,C:\Users\joesh\Desktop\SCI\_ADD TO REPO\06 HELICAL RELATIVITY\01 THE FIELD\The_Bubble_Field_Mathematical_Field_Edition_Joseph_Shields.docx
SCI,_ADD TO REPO/06 HELICAL RELATIVITY/01 THE FIELD/Universal_Field_of_Least_Action_Complete_Programme_Joseph_Shields.docx,SCI/_ADD TO REPO/06 HELICAL RELATIVITY/01 THE FIELD/Universal_Field_of_Least_Action_Complete_Programme_Joseph_Shields.docx,.docx,3897332,2026-07-29T11:44:06.161169+00:00,6aa342f52f2fa0c26497520043297384b26a77786e71a549ce4153becb2efeea,False,5,MONOGRAPH/06 HELICAL RELATIVITY/01 THE FIELD/Universal_Field_of_Least_Action_Complete_Programme_Joseph_Shields.docx,C:\Users\joesh\Desktop\SCI\_ADD TO REPO\06 HELICAL RELATIVITY\01 THE FIELD\Universal_Field_of_Least_Action_Complete_Programme_Joseph_Shields.docx
SCI,_ADD TO REPO/06 HELICAL RELATIVITY/02 COMPUTATIONS/audit_closure_attack.py,SCI/_ADD TO REPO/06 HELICAL RELATIVITY/02 COMPUTATIONS/audit_closure_attack.py,.py,13937,2026-07-29T11:44:06.216019+00:00,9ce880fe69736a496e80b9003840a9f22e55fc7a126b5b05a0cb2042a6e17a03,False,3,SCI/Helical Relativity/01 Computations/audit_closure_attack.py,C:\Users\joesh\Desktop\SCI\_ADD TO REPO\06 HELICAL RELATIVITY\02 COMPUTATIONS\audit_closure_attack.py
SCI,_ADD TO REPO/06 HELICAL RELATIVITY/02 COMPUTATIONS/audit_closure_attack_results.json,SCI/_ADD TO REPO/06 HELICAL RELATIVITY/02 COMPUTATIONS/audit_closure_attack_results.json,.json,2110,2026-07-29T11:47:47.629910+00:00,9af802d6ca1be6c401d5381638ff539c9282658aee9636771874ec427993d2bd,True,1,SCI/_ADD TO REPO/06 HELICAL RELATIVITY/02 COMPUTATIONS/audit_closure_attack_results.json,C:\Users\joesh\Desktop\SCI\_ADD TO REPO\06 HELICAL RELATIVITY\02 COMPUTATIONS\audit_closure_attack_results.json
SCI,_ADD TO REPO/06 HELICAL RELATIVITY/02 COMPUTATIONS/bubble_field.py,SCI/_ADD TO REPO/06 HELICAL RELATIVITY/02 COMPUTATIONS/bubble_field.py,.py,19312,2026-07-29T11:44:06.203078+00:00,cf2e3c3f1b2c1c07494795b07b0e77a2a93d92678f91505cfa1765d7459d59b2,False,4,MONOGRAPH/06 HELICAL RELATIVITY/02 COMPUTATIONS/bubble_field.py,C:\Users\joesh\Desktop\SCI\_ADD TO REPO\06 HELICAL RELATIVITY\02 COMPUTATIONS\bubble_field.py
SCI,_ADD TO REPO/06 HELICAL RELATIVITY/02 COMPUTATIONS/bubble_field_closure_attack.py,SCI/_ADD TO REPO/06 HELICAL RELATIVITY/02 COMPUTATIONS/bubble_field_closure_attack.py,.py,21182,2026-07-29T11:44:06.189713+00:00,544b1283100bf22998538b519487cfde3568148a29e3bacad97a3495ddb87a16,False,3,SCI/Helical Relativity/01 Computations/bubble_field_closure_attack.py,C:\Users\joesh\Desktop\SCI\_ADD TO REPO\06 HELICAL RELATIVITY\02 COMPUTATIONS\bubble_field_closure_attack.py
SCI,_ADD TO REPO/06 HELICAL RELATIVITY/02 COMPUTATIONS/bubble_field_closure_attack_results.json,SCI/_ADD TO REPO/06 HELICAL RELATIVITY/02 COMPUTATIONS/bubble_field_closure_attack_results.json,.json,8858,2026-07-29T11:47:52.431165+00:00,510b382c385760e6f48ef3f9b80e3b7457a4e9baba5794d84f620c23418cdca7,True,1,SCI/_ADD TO REPO/06 HELICAL RELATIVITY/02 COMPUTATIONS/bubble_field_closure_attack_results.json,C:\Users\joesh\Desktop\SCI\_ADD TO REPO\06 HELICAL RELATIVITY\02 COMPUTATIONS\bubble_field_closure_attack_results.json
SCI,_ADD TO REPO/06 HELICAL RELATIVITY/02 COMPUTATIONS/bubble_field_compression_boundary.py,SCI/_ADD TO REPO/06 HELICAL RELATIVITY/02 COMPUTATIONS/bubble_field_compression_boundary.py,.py,14668,2026-07-29T11:44:06.191870+00:00,4387ccb3a925f11184c7b43eb01da12be8d11ae3ee5918d53b4e155656cd776e,False,5,MONOGRAPH/06 HELICAL RELATIVITY/02 COMPUTATIONS/bubble_field_compression_boundary.py,C:\Users\joesh\Desktop\SCI\_ADD TO REPO\06 HELICAL RELATIVITY\02 COMPUTATIONS\bubble_field_compression_boundary.py
SCI,_ADD TO REPO/06 HELICAL RELATIVITY/02 COMPUTATIONS/bubble_field_compression_boundary_map.png,SCI/_ADD TO REPO/06 HELICAL RELATIVITY/02 COMPUTATIONS/bubble_field_compression_boundary_map.png,.png,175885,2026-07-29T11:47:54.919096+00:00,256da9b3f31827826ee694d877628648f167bd00cbeb34cc42cc526022de7be3,False,5,MONOGRAPH/06 HELICAL RELATIVITY/02 COMPUTATIONS/bubble_field_compression_boundary_map.png,C:\Users\joesh\Desktop\SCI\_ADD TO REPO\06 HELICAL RELATIVITY\02 COMPUTATIONS\bubble_field_compression_boundary_map.png
SCI,_ADD TO REPO/06 HELICAL RELATIVITY/02 COMPUTATIONS/bubble_field_compression_boundary_results.json,SCI/_ADD TO REPO/06 HELICAL RELATIVITY/02 COMPUTATIONS/bubble_field_compression_boundary_results.json,.json,7528,2026-07-29T11:47:54.180773+00:00,a094545536dd57f5da0ebe23802bd34319727a1d2de26561797c62dbd16cd73c,False,5,MONOGRAPH/06 HELICAL RELATIVITY/02 COMPUTATIONS/bubble_field_compression_boundary_results.json,C:\Users\joesh\Desktop\SCI\_ADD TO REPO\06 HELICAL RELATIVITY\02 COMPUTATIONS\bubble_field_compression_boundary_results.json
SCI,_ADD TO REPO/06 HELICAL RELATIVITY/02 COMPUTATIONS/bubble_field_G_bridge.png,SCI/_ADD TO REPO/06 HELICAL RELATIVITY/02 COMPUTATIONS/bubble_field_G_bridge.png,.png,65652,2026-07-29T11:47:51.373224+00:00,0503db834c9e35d0ec0855b7f204b4cec81c5533af230717516caeb3f5871638,False,5,MONOGRAPH/06 HELICAL RELATIVITY/02 COMPUTATIONS/bubble_field_G_bridge.png,C:\Users\joesh\Desktop\SCI\_ADD TO REPO\06 HELICAL RELATIVITY\02 COMPUTATIONS\bubble_field_G_bridge.png
SCI,_ADD TO REPO/06 HELICAL RELATIVITY/02 COMPUTATIONS/bubble_field_lepton_candidate.png,SCI/_ADD TO REPO/06 HELICAL RELATIVITY/02 COMPUTATIONS/bubble_field_lepton_candidate.png,.png,38442,2026-07-29T11:47:52.420021+00:00,4dc10afe3a10c03070c8787dfcd4915ddafe985aea92602aab5ee2ff56b8b4c5,False,5,MONOGRAPH/06 HELICAL RELATIVITY/02 COMPUTATIONS/bubble_field_lepton_candidate.png,C:\Users\joesh\Desktop\SCI\_ADD TO REPO\06 HELICAL RELATIVITY\02 COMPUTATIONS\bubble_field_lepton_candidate.png
SCI,_ADD TO REPO/06 HELICAL RELATIVITY/02 COMPUTATIONS/bubble_field_recovery_ledger.png,SCI/_ADD TO REPO/06 HELICAL RELATIVITY/02 COMPUTATIONS/bubble_field_recovery_ledger.png,.png,152913,2026-07-29T11:47:55.354278+00:00,6ac10317ee8d87e07f8e179cf7854aaece12655cc4b79e0fa1169d14dfbd1371,False,5,MONOGRAPH/06 HELICAL RELATIVITY/02 COMPUTATIONS/bubble_field_recovery_ledger.png,C:\Users\joesh\Desktop\SCI\_ADD TO REPO\06 HELICAL RELATIVITY\02 COMPUTATIONS\bubble_field_recovery_ledger.png
SCI,_ADD TO REPO/06 HELICAL RELATIVITY/02 COMPUTATIONS/bubble_field_results.json,SCI/_ADD TO REPO/06 HELICAL RELATIVITY/02 COMPUTATIONS/bubble_field_results.json,.json,2900,2026-07-29T11:47:48.971315+00:00,ad92fda836b3a12d2cf28d1013b4d68f1d7f5b98825b9fe12e976ae264b31504,True,1,SCI/_ADD TO REPO/06 HELICAL RELATIVITY/02 COMPUTATIONS/bubble_field_results.json,C:\Users\joesh\Desktop\SCI\_ADD TO REPO\06 HELICAL RELATIVITY\02 COMPUTATIONS\bubble_field_results.json
SCI,_ADD TO REPO/06 HELICAL RELATIVITY/02 COMPUTATIONS/bubble_field_rigorous.py,SCI/_ADD TO REPO/06 HELICAL RELATIVITY/02 COMPUTATIONS/bubble_field_rigorous.py,.py,14426,2026-07-29T11:44:06.193929+00:00,38370b3d965ebad324bbf1be781a5c30594553b6a63df60a411afc44127f81f0,False,3,SCI/Helical Relativity/01 Computations/bubble_field_rigorous.py,C:\Users\joesh\Desktop\SCI\_ADD TO REPO\06 HELICAL RELATIVITY\02 COMPUTATIONS\bubble_field_rigorous.py
SCI,_ADD TO REPO/06 HELICAL RELATIVITY/02 COMPUTATIONS/bubble_field_rigorous_profiles.png,SCI/_ADD TO REPO/06 HELICAL RELATIVITY/02 COMPUTATIONS/bubble_field_rigorous_profiles.png,.png,195810,2026-07-29T11:47:58.488590+00:00,bd9508075c616ae4b477874ef231e14b0ef51a7ba96150a824fee70a0407a32a,False,5,MONOGRAPH/06 HELICAL RELATIVITY/02 COMPUTATIONS/bubble_field_rigorous_profiles.png,C:\Users\joesh\Desktop\SCI\_ADD TO REPO\06 HELICAL RELATIVITY\02 COMPUTATIONS\bubble_field_rigorous_profiles.png
SCI,_ADD TO REPO/06 HELICAL RELATIVITY/02 COMPUTATIONS/bubble_field_rigorous_results.json,SCI/_ADD TO REPO/06 HELICAL RELATIVITY/02 COMPUTATIONS/bubble_field_rigorous_results.json,.json,3581,2026-07-29T11:47:58.508926+00:00,15cc582c4ae9cdc9ce54dee3c7b01c5860651063adbce71eb97dc8ca75aecb09,True,1,SCI/_ADD TO REPO/06 HELICAL RELATIVITY/02 COMPUTATIONS/bubble_field_rigorous_results.json,C:\Users\joesh\Desktop\SCI\_ADD TO REPO\06 HELICAL RELATIVITY\02 COMPUTATIONS\bubble_field_rigorous_results.json
SCI,_ADD TO REPO/06 HELICAL RELATIVITY/02 COMPUTATIONS/bubble_field_scale_ladder.png,SCI/_ADD TO REPO/06 HELICAL RELATIVITY/02 COMPUTATIONS/bubble_field_scale_ladder.png,.png,73466,2026-07-29T11:47:52.075389+00:00,0e8cb5ef0330eed23b3ba970da5a1819c27a43f5f6b31714584d0981fe917dbf,False,5,MONOGRAPH/06 HELICAL RELATIVITY/02 COMPUTATIONS/bubble_field_scale_ladder.png,C:\Users\joesh\Desktop\SCI\_ADD TO REPO\06 HELICAL RELATIVITY\02 COMPUTATIONS\bubble_field_scale_ladder.png
SCI,_ADD TO REPO/06 HELICAL RELATIVITY/02 COMPUTATIONS/bubble_field_source_profiles.png,SCI/_ADD TO REPO/06 HELICAL RELATIVITY/02 COMPUTATIONS/bubble_field_source_profiles.png,.png,125049,2026-07-29T11:47:51.770119+00:00,fdbc1ca8fcfe69b8d241fca24f13d6cc7eb4d7d0238d966a71c3cfb4b775384a,False,5,MONOGRAPH/06 HELICAL RELATIVITY/02 COMPUTATIONS/bubble_field_source_profiles.png,C:\Users\joesh\Desktop\SCI\_ADD TO REPO\06 HELICAL RELATIVITY\02 COMPUTATIONS\bubble_field_source_profiles.png
SCI,_ADD TO REPO/06 HELICAL RELATIVITY/02 COMPUTATIONS/colour_field_closure.py,SCI/_ADD TO REPO/06 HELICAL RELATIVITY/02 COMPUTATIONS/colour_field_closure.py,.py,16440,2026-07-29T11:46:31.736806+00:00,8e57ca1457ce46bebff29fb54a7000ed1921738b5acab70e1286438340b87559,False,4,MONOGRAPH/06 HELICAL RELATIVITY/02 COMPUTATIONS/colour_field_closure.py,C:\Users\joesh\Desktop\SCI\_ADD TO REPO\06 HELICAL RELATIVITY\02 COMPUTATIONS\colour_field_closure.py
SCI,_ADD TO REPO/06 HELICAL RELATIVITY/02 COMPUTATIONS/colour_field_closure_results.json,SCI/_ADD TO REPO/06 HELICAL RELATIVITY/02 COMPUTATIONS/colour_field_closure_results.json,.json,4617,2026-07-29T11:48:31.930166+00:00,3edb197642593e8f3f7cf0eb1f66bc14d7869eb49020a9378bf8be10c9e0a43c,True,1,SCI/_ADD TO REPO/06 HELICAL RELATIVITY/02 COMPUTATIONS/colour_field_closure_results.json,C:\Users\joesh\Desktop\SCI\_ADD TO REPO\06 HELICAL RELATIVITY\02 COMPUTATIONS\colour_field_closure_results.json
SCI,_ADD TO REPO/06 HELICAL RELATIVITY/02 COMPUTATIONS/exercising_the_field.py,SCI/_ADD TO REPO/06 HELICAL RELATIVITY/02 COMPUTATIONS/exercising_the_field.py,.py,16575,2026-07-29T11:44:06.224074+00:00,fa89183aa38f907df342268c38b5e61ea5cf939bdade0b35df9512fd412484c5,False,3,SCI/Helical Relativity/01 Computations/exercising_the_field.py,C:\Users\joesh\Desktop\SCI\_ADD TO REPO\06 HELICAL RELATIVITY\02 COMPUTATIONS\exercising_the_field.py
SCI,_ADD TO REPO/06 HELICAL RELATIVITY/02 COMPUTATIONS/exercising_the_field_results.json,SCI/_ADD TO REPO/06 HELICAL RELATIVITY/02 COMPUTATIONS/exercising_the_field_results.json,.json,2925,2026-07-29T11:48:32.046108+00:00,60eac4f31d77644a554526c44558fe5a420e5a4e97a464aaa9e40feeccc675fb,True,1,SCI/_ADD TO REPO/06 HELICAL RELATIVITY/02 COMPUTATIONS/exercising_the_field_results.json,C:\Users\joesh\Desktop\SCI\_ADD TO REPO\06 HELICAL RELATIVITY\02 COMPUTATIONS\exercising_the_field_results.json
SCI,_ADD TO REPO/06 HELICAL RELATIVITY/02 COMPUTATIONS/mass_operator.py,SCI/_ADD TO REPO/06 HELICAL RELATIVITY/02 COMPUTATIONS/mass_operator.py,.py,14085,2026-07-29T11:44:06.212979+00:00,76e85816eaebd860938613ab2f6e47190a61aab2eede7107561caaa0b7aa94d5,False,4,MONOGRAPH/06 HELICAL RELATIVITY/02 COMPUTATIONS/mass_operator.py,C:\Users\joesh\Desktop\SCI\_ADD TO REPO\06 HELICAL RELATIVITY\02 COMPUTATIONS\mass_operator.py
SCI,_ADD TO REPO/06 HELICAL RELATIVITY/02 COMPUTATIONS/mass_operator_results.json,SCI/_ADD TO REPO/06 HELICAL RELATIVITY/02 COMPUTATIONS/mass_operator_results.json,.json,2499,2026-07-29T11:48:32.985983+00:00,828ee83ed1504c97a511d15177aaaed7a8f5dca661afd1104dfe2b7edc8cdfd0,True,1,SCI/_ADD TO REPO/06 HELICAL RELATIVITY/02 COMPUTATIONS/mass_operator_results.json,C:\Users\joesh\Desktop\SCI\_ADD TO REPO\06 HELICAL RELATIVITY\02 COMPUTATIONS\mass_operator_results.json
SCI,_ADD TO REPO/06 HELICAL RELATIVITY/02 COMPUTATIONS/three_part_bubble.py,SCI/_ADD TO REPO/06 HELICAL RELATIVITY/02 COMPUTATIONS/three_part_bubble.py,.py,11299,2026-07-29T11:44:06.214516+00:00,97c7f94c1da73d5fa725aca4e6d875d8ea6644784d24fde6bbb03e21f0474479,False,3,SCI/Helical Relativity/01 Computations/three_part_bubble.py,C:\Users\joesh\Desktop\SCI\_ADD TO REPO\06 HELICAL RELATIVITY\02 COMPUTATIONS\three_part_bubble.py
SCI,_ADD TO REPO/06 HELICAL RELATIVITY/02 COMPUTATIONS/three_part_bubble_results.json,SCI/_ADD TO REPO/06 HELICAL RELATIVITY/02 COMPUTATIONS/three_part_bubble_results.json,.json,2652,2026-07-29T11:48:33.098845+00:00,8cc825ceef5890a6126254b9be7ff914c1aa9d86c04fcae6f380f0cd918e6361,True,1,SCI/_ADD TO REPO/06 HELICAL RELATIVITY/02 COMPUTATIONS/three_part_bubble_results.json,C:\Users\joesh\Desktop\SCI\_ADD TO REPO\06 HELICAL RELATIVITY\02 COMPUTATIONS\three_part_bubble_results.json
SCI,_ADD TO REPO/06 HELICAL RELATIVITY/02 COMPUTATIONS/verify_review.py,SCI/_ADD TO REPO/06 HELICAL RELATIVITY/02 COMPUTATIONS/verify_review.py,.py,10675,2026-07-29T11:44:06.218019+00:00,9a07f521645587d67a603947e1899159154c398492fd54fb0244def2bf26b8a7,False,3,SCI/Helical Relativity/01 Computations/verify_review.py,C:\Users\joesh\Desktop\SCI\_ADD TO REPO\06 HELICAL RELATIVITY\02 COMPUTATIONS\verify_review.py
SCI,_ADD TO REPO/06 HELICAL RELATIVITY/02 COMPUTATIONS/verify_review_results.json,SCI/_ADD TO REPO/06 HELICAL RELATIVITY/02 COMPUTATIONS/verify_review_results.json,.json,2360,2026-07-29T11:48:34.102218+00:00,24988523536059ceb027f9da8349001e90af8a32fddd9583d3abc79b94b71ddf,True,1,SCI/_ADD TO REPO/06 HELICAL RELATIVITY/02 COMPUTATIONS/verify_review_results.json,C:\Users\joesh\Desktop\SCI\_ADD TO REPO\06 HELICAL RELATIVITY\02 COMPUTATIONS\verify_review_results.json
SCI,_ADD TO REPO/06 HELICAL RELATIVITY/03 COLOUR FIELD/00 Paper/The_Observer_Interior_Quantum_Colour_Field_Joseph_Shields.docx,SCI/_ADD TO REPO/06 HELICAL RELATIVITY/03 COLOUR FIELD/00 Paper/The_Observer_Interior_Quantum_Colour_Field_Joseph_Shields.docx,.docx,1801671,2026-07-29T11:44:06.273106+00:00,386306865d8eb73ef17e4975e59b7fe7529271b5aae912ec189da0e5d693bf66,False,2,SCI/Helical Relativity/06 Colour Field/00 Paper/The_Observer_Interior_Quantum_Colour_Field_Joseph_Shields.docx,C:\Users\joesh\Desktop\SCI\_ADD TO REPO\06 HELICAL RELATIVITY\03 COLOUR FIELD\00 Paper\The_Observer_Interior_Quantum_Colour_Field_Joseph_Shields.docx
SCI,_ADD TO REPO/06 HELICAL RELATIVITY/03 COLOUR FIELD/00 Paper/The_Observer_Interior_Quantum_Colour_Field_Joseph_Shields.pdf,SCI/_ADD TO REPO/06 HELICAL RELATIVITY/03 COLOUR FIELD/00 Paper/The_Observer_Interior_Quantum_Colour_Field_Joseph_Shields.pdf,.pdf,997335,2026-07-29T11:44:06.271583+00:00,f965505fbc711a6cd8e232c753c547d13a4290d040a5dfcc37348f1a555f47a6,False,2,SCI/Helical Relativity/06 Colour Field/00 Paper/The_Observer_Interior_Quantum_Colour_Field_Joseph_Shields.pdf,C:\Users\joesh\Desktop\SCI\_ADD TO REPO\06 HELICAL RELATIVITY\03 COLOUR FIELD\00 Paper\The_Observer_Interior_Quantum_Colour_Field_Joseph_Shields.pdf
SCI,_ADD TO REPO/06 HELICAL RELATIVITY/03 COLOUR FIELD/01 Field Implementation/observer_interior_quantum_colour_field.py,SCI/_ADD TO REPO/06 HELICAL RELATIVITY/03 COLOUR FIELD/01 Field Implementation/observer_interior_quantum_colour_field.py,.py,24059,2026-07-29T11:44:06.280164+00:00,192c930a815bf2fc6f56afb7d3e77562cbfe021a5d326377386d451305d96a9a,False,2,SCI/Helical Relativity/06 Colour Field/01 Field Implementation/observer_interior_quantum_colour_field.py,C:\Users\joesh\Desktop\SCI\_ADD TO REPO\06 HELICAL RELATIVITY\03 COLOUR FIELD\01 Field Implementation\observer_interior_quantum_colour_field.py
SCI,_ADD TO REPO/06 HELICAL RELATIVITY/03 COLOUR FIELD/01 Field Implementation/observer_interior_quantum_colour_field_results.json,SCI/_ADD TO REPO/06 HELICAL RELATIVITY/03 COLOUR FIELD/01 Field Implementation/observer_interior_quantum_colour_field_results.json,.json,6877,2026-07-29T11:44:06.282165+00:00,e7e214c54bdf3475601d796491e3e54876f2298815e78a4fef04226700804ff2,False,2,SCI/Helical Relativity/06 Colour Field/01 Field Implementation/observer_interior_quantum_colour_field_results.json,C:\Users\joesh\Desktop\SCI\_ADD TO REPO\06 HELICAL RELATIVITY\03 COLOUR FIELD\01 Field Implementation\observer_interior_quantum_colour_field_results.json
SCI,_ADD TO REPO/06 HELICAL RELATIVITY/03 COLOUR FIELD/01 Field Implementation/observer_interior_quantum_colour_field_visuals.py,SCI/_ADD TO REPO/06 HELICAL RELATIVITY/03 COLOUR FIELD/01 Field Implementation/observer_interior_quantum_colour_field_visuals.py,.py,10467,2026-07-29T11:44:06.275631+00:00,2cce334a90d4c1a570ae4a7ac0ede8ca69ee03f3e6cdcc3ed4ace35f5219f9c2,False,2,SCI/Helical Relativity/06 Colour Field/01 Field Implementation/observer_interior_quantum_colour_field_visuals.py,C:\Users\joesh\Desktop\SCI\_ADD TO REPO\06 HELICAL RELATIVITY\03 COLOUR FIELD\01 Field Implementation\observer_interior_quantum_colour_field_visuals.py
SCI,_ADD TO REPO/06 HELICAL RELATIVITY/03 COLOUR FIELD/01 Field Implementation/requirements.txt,SCI/_ADD TO REPO/06 HELICAL RELATIVITY/03 COLOUR FIELD/01 Field Implementation/requirements.txt,.txt,41,2026-07-29T11:44:06.281165+00:00,a1083a2d359bada0ebfb5c61f712c112c55bdec588a5fb22dd5d04fa0aaf8e94,False,4,SCI/Helical Relativity/06 Colour Field/01 Field Implementation/requirements.txt,C:\Users\joesh\Desktop\SCI\_ADD TO REPO\06 HELICAL RELATIVITY\03 COLOUR FIELD\01 Field Implementation\requirements.txt
SCI,_ADD TO REPO/06 HELICAL RELATIVITY/03 COLOUR FIELD/01 Field Implementation/run_quantum_colour_field.command,SCI/_ADD TO REPO/06 HELICAL RELATIVITY/03 COLOUR FIELD/01 Field Implementation/run_quantum_colour_field.command,.command,383,2026-07-29T11:44:06.276632+00:00,1806838fdb50e6c728beeebca3359085136c8c497589f06334ae4ecc5bd3a670,False,2,SCI/Helical Relativity/06 Colour Field/01 Field Implementation/run_quantum_colour_field.command,C:\Users\joesh\Desktop\SCI\_ADD TO REPO\06 HELICAL RELATIVITY\03 COLOUR FIELD\01 Field Implementation\run_quantum_colour_field.command
SCI,_ADD TO REPO/06 HELICAL RELATIVITY/03 COLOUR FIELD/02 Interactive/observer-interior-quantum-colour-field.html,SCI/_ADD TO REPO/06 HELICAL RELATIVITY/03 COLOUR FIELD/02 Interactive/observer-interior-quantum-colour-field.html,.html,10980,2026-07-29T11:44:06.320728+00:00,79d5f668276f21edaa5c7c9691b21e2aa3d7aff26029de996b2578457450904a,False,2,SCI/Helical Relativity/06 Colour Field/02 Interactive/observer-interior-quantum-colour-field.html,C:\Users\joesh\Desktop\SCI\_ADD TO REPO\06 HELICAL RELATIVITY\03 COLOUR FIELD\02 Interactive\observer-interior-quantum-colour-field.html
SCI,_ADD TO REPO/06 HELICAL RELATIVITY/03 COLOUR FIELD/02 Interactive/observer_interior_quantum_colour_field_web_preview.png,SCI/_ADD TO REPO/06 HELICAL RELATIVITY/03 COLOUR FIELD/02 Interactive/observer_interior_quantum_colour_field_web_preview.png,.png,1164755,2026-07-29T11:44:06.322340+00:00,955d7c15defad3366ce9f969a653df678bab7fadc13c3f7ff2a761a078b5cb81,False,2,SCI/Helical Relativity/06 Colour Field/02 Interactive/observer_interior_quantum_colour_field_web_preview.png,C:\Users\joesh\Desktop\SCI\_ADD TO REPO\06 HELICAL RELATIVITY\03 COLOUR FIELD\02 Interactive\observer_interior_quantum_colour_field_web_preview.png
SCI,_ADD TO REPO/06 HELICAL RELATIVITY/03 COLOUR FIELD/02 Interactive/universal-field-exoplanet-lab.html,SCI/_ADD TO REPO/06 HELICAL RELATIVITY/03 COLOUR FIELD/02 Interactive/universal-field-exoplanet-lab.html,.html,31859,2026-07-29T11:44:06.746235+00:00,25a6c0fdfc922f3a668a078010cf95afa1fa2aa3400983e5280233f3347dcf41,False,2,SCI/Helical Relativity/02 Interactive/universal-field-exoplanet-lab.html,C:\Users\joesh\Desktop\SCI\_ADD TO REPO\06 HELICAL RELATIVITY\03 COLOUR FIELD\02 Interactive\universal-field-exoplanet-lab.html
SCI,_ADD TO REPO/06 HELICAL RELATIVITY/03 COLOUR FIELD/02 Interactive/universal-field-exoplanet-lab.zip,SCI/_ADD TO REPO/06 HELICAL RELATIVITY/03 COLOUR FIELD/02 Interactive/universal-field-exoplanet-lab.zip,.zip,12931,2026-07-29T11:44:06.747235+00:00,09ab0b6c94a1e29e4362147394c7601aa5f49d1c4aadc39fe52dead73192c9cf,False,3,MONOGRAPH/03 COMPANION/The Bubble Field/02 Interactive/universal-field-exoplanet-lab.zip,C:\Users\joesh\Desktop\SCI\_ADD TO REPO\06 HELICAL RELATIVITY\03 COLOUR FIELD\02 Interactive\universal-field-exoplanet-lab.zip
SCI,_ADD TO REPO/06 HELICAL RELATIVITY/03 COLOUR FIELD/02 Interactive/universal-field-solar-system.html,SCI/_ADD TO REPO/06 HELICAL RELATIVITY/03 COLOUR FIELD/02 Interactive/universal-field-solar-system.html,.html,45152,2026-07-29T11:44:06.748587+00:00,c352e6deec1e03ea083c3491639ac8d8cf116ab5e1f2f765610b2fad405dd2a4,False,2,SCI/Helical Relativity/02 Interactive/universal-field-solar-system.html,C:\Users\joesh\Desktop\SCI\_ADD TO REPO\06 HELICAL RELATIVITY\03 COLOUR FIELD\02 Interactive\universal-field-solar-system.html
SCI,_ADD TO REPO/06 HELICAL RELATIVITY/03 COLOUR FIELD/02 Interactive/universal-field-solar-system.zip,SCI/_ADD TO REPO/06 HELICAL RELATIVITY/03 COLOUR FIELD/02 Interactive/universal-field-solar-system.zip,.zip,15740,2026-07-29T11:44:06.749591+00:00,dec35cba7413ac793a52e03d961fbe2c3171fd9c7a914a32e77d535ff1903720,False,3,MONOGRAPH/03 COMPANION/The Bubble Field/02 Interactive/universal-field-solar-system.zip,C:\Users\joesh\Desktop\SCI\_ADD TO REPO\06 HELICAL RELATIVITY\03 COLOUR FIELD\02 Interactive\universal-field-solar-system.zip
SCI,_ADD TO REPO/06 HELICAL RELATIVITY/03 COLOUR FIELD/03 Visuals/colour_language_composition.png,SCI/_ADD TO REPO/06 HELICAL RELATIVITY/03 COLOUR FIELD/03 Visuals/colour_language_composition.png,.png,140861,2026-07-29T11:44:06.310233+00:00,d5c83cad72042b28a3cfadf1bbb629c2abb987b29890994007b040eedc7c3849,False,2,SCI/Helical Relativity/06 Colour Field/03 Visuals/colour_language_composition.png,C:\Users\joesh\Desktop\SCI\_ADD TO REPO\06 HELICAL RELATIVITY\03 COLOUR FIELD\03 Visuals\colour_language_composition.png
SCI,_ADD TO REPO/06 HELICAL RELATIVITY/03 COLOUR FIELD/03 Visuals/colour_resolution_ladder.png,SCI/_ADD TO REPO/06 HELICAL RELATIVITY/03 COLOUR FIELD/03 Visuals/colour_resolution_ladder.png,.png,59224,2026-07-29T11:44:06.305270+00:00,d409a6a490cefc524c488749888a5a92121f91e2cc302d57e538751810bbe52e,False,2,SCI/Helical Relativity/06 Colour Field/03 Visuals/colour_resolution_ladder.png,C:\Users\joesh\Desktop\SCI\_ADD TO REPO\06 HELICAL RELATIVITY\03 COLOUR FIELD\03 Visuals\colour_resolution_ladder.png
SCI,_ADD TO REPO/06 HELICAL RELATIVITY/03 COLOUR FIELD/03 Visuals/concept_arctangent_umbrella_field.png,SCI/_ADD TO REPO/06 HELICAL RELATIVITY/03 COLOUR FIELD/03 Visuals/concept_arctangent_umbrella_field.png,.png,3181610,2026-07-29T11:44:06.318620+00:00,02190319f86041b30465ece84eef194bfbfe434bf5d12c0a35d0bb79051b3ca9,False,2,SCI/Helical Relativity/06 Colour Field/03 Visuals/concept_arctangent_umbrella_field.png,C:\Users\joesh\Desktop\SCI\_ADD TO REPO\06 HELICAL RELATIVITY\03 COLOUR FIELD\03 Visuals\concept_arctangent_umbrella_field.png
SCI,_ADD TO REPO/06 HELICAL RELATIVITY/03 COLOUR FIELD/03 Visuals/concept_observer_inside_solid_wall_of_light.png,SCI/_ADD TO REPO/06 HELICAL RELATIVITY/03 COLOUR FIELD/03 Visuals/concept_observer_inside_solid_wall_of_light.png,.png,3152534,2026-07-29T11:44:06.303241+00:00,455bad8fed088b154b1eab8439434f04733f3dc90f013055c0ca733685f3a2d8,False,2,SCI/Helical Relativity/06 Colour Field/03 Visuals/concept_observer_inside_solid_wall_of_light.png,C:\Users\joesh\Desktop\SCI\_ADD TO REPO\06 HELICAL RELATIVITY\03 COLOUR FIELD\03 Visuals\concept_observer_inside_solid_wall_of_light.png
SCI,_ADD TO REPO/06 HELICAL RELATIVITY/03 COLOUR FIELD/03 Visuals/hydrogen_colour_construction.png,SCI/_ADD TO REPO/06 HELICAL RELATIVITY/03 COLOUR FIELD/03 Visuals/hydrogen_colour_construction.png,.png,107159,2026-07-29T11:44:06.309156+00:00,c2d9135ecd762001043e4d86e9b4c5b9a56dcced14d676a228b427db4e30a34c,False,2,SCI/Helical Relativity/06 Colour Field/03 Visuals/hydrogen_colour_construction.png,C:\Users\joesh\Desktop\SCI\_ADD TO REPO\06 HELICAL RELATIVITY\03 COLOUR FIELD\03 Visuals\hydrogen_colour_construction.png
SCI,_ADD TO REPO/06 HELICAL RELATIVITY/03 COLOUR FIELD/03 Visuals/observer_inside_colour_field_evolution.gif,SCI/_ADD TO REPO/06 HELICAL RELATIVITY/03 COLOUR FIELD/03 Visuals/observer_inside_colour_field_evolution.gif,.gif,7730590,2026-07-29T11:44:06.315988+00:00,2ebcd9bc40d40946d5c9e0911c2983dfd0a017fddd330045bf226ab7736b3915,False,2,SCI/Helical Relativity/06 Colour Field/03 Visuals/observer_inside_colour_field_evolution.gif,C:\Users\joesh\Desktop\SCI\_ADD TO REPO\06 HELICAL RELATIVITY\03 COLOUR FIELD\03 Visuals\observer_inside_colour_field_evolution.gif
SCI,_ADD TO REPO/06 HELICAL RELATIVITY/03 COLOUR FIELD/03 Visuals/observer_inside_quantum_colour_field.png,SCI/_ADD TO REPO/06 HELICAL RELATIVITY/03 COLOUR FIELD/03 Visuals/observer_inside_quantum_colour_field.png,.png,1510194,2026-07-29T11:44:06.307093+00:00,d6513a0e5295562e2f5d674601315774774e4ad3f805c5356ed1fa50cf83500f,False,2,SCI/Helical Relativity/06 Colour Field/03 Visuals/observer_inside_quantum_colour_field.png,C:\Users\joesh\Desktop\SCI\_ADD TO REPO\06 HELICAL RELATIVITY\03 COLOUR FIELD\03 Visuals\observer_inside_quantum_colour_field.png
SCI,_ADD TO REPO/06 HELICAL RELATIVITY/03 COLOUR FIELD/04 Data and Recipes/COLOUR_LANGUAGE_SPEC.md,SCI/_ADD TO REPO/06 HELICAL RELATIVITY/03 COLOUR FIELD/04 Data and Recipes/COLOUR_LANGUAGE_SPEC.md,.md,1231,2026-07-29T11:44:06.324398+00:00,513056e53255379f6ed027936c88a03726c4fcaa2cddcbe6d440a3ce6a5b82ed,False,2,SCI/Helical Relativity/06 Colour Field/04 Data and Recipes/COLOUR_LANGUAGE_SPEC.md,C:\Users\joesh\Desktop\SCI\_ADD TO REPO\06 HELICAL RELATIVITY\03 COLOUR FIELD\04 Data and Recipes\COLOUR_LANGUAGE_SPEC.md
SCI,_ADD TO REPO/06 HELICAL RELATIVITY/03 COLOUR FIELD/04 Data and Recipes/object_colour_recipes.json,SCI/_ADD TO REPO/06 HELICAL RELATIVITY/03 COLOUR FIELD/04 Data and Recipes/object_colour_recipes.json,.json,4578,2026-07-29T11:44:06.325560+00:00,117b641a6863342160434540c5e8389a1f7f4ddcfbca70f3f137b981d5bb6116,False,2,SCI/Helical Relativity/06 Colour Field/04 Data and Recipes/object_colour_recipes.json,C:\Users\joesh\Desktop\SCI\_ADD TO REPO\06 HELICAL RELATIVITY\03 COLOUR FIELD\04 Data and Recipes\object_colour_recipes.json
SCI,_ADD TO REPO/06 HELICAL RELATIVITY/03 COLOUR FIELD/05 Dictionary/qcd_generator_preview.png,SCI/_ADD TO REPO/06 HELICAL RELATIVITY/03 COLOUR FIELD/05 Dictionary/qcd_generator_preview.png,.png,137225,2026-07-29T11:44:06.286394+00:00,fa20547cb23738f2359c002225434426bff40e13f1f71751bb45fa991ecacb86,False,2,SCI/Helical Relativity/06 Colour Field/05 Dictionary/qcd_generator_preview.png,C:\Users\joesh\Desktop\SCI\_ADD TO REPO\06 HELICAL RELATIVITY\03 COLOUR FIELD\05 Dictionary\qcd_generator_preview.png
SCI,_ADD TO REPO/06 HELICAL RELATIVITY/03 COLOUR FIELD/05 Dictionary/qcd_start_preview.png,SCI/_ADD TO REPO/06 HELICAL RELATIVITY/03 COLOUR FIELD/05 Dictionary/qcd_start_preview.png,.png,177841,2026-07-29T11:44:06.297928+00:00,144615fe0aeb265607d1d857554436606f86312ed0abe50265617ebedd3cf548,False,2,SCI/Helical Relativity/06 Colour Field/05 Dictionary/qcd_start_preview.png,C:\Users\joesh\Desktop\SCI\_ADD TO REPO\06 HELICAL RELATIVITY\03 COLOUR FIELD\05 Dictionary\qcd_start_preview.png
SCI,_ADD TO REPO/06 HELICAL RELATIVITY/03 COLOUR FIELD/05 Dictionary/Quantum_Colour_Dictionary.docx,SCI/_ADD TO REPO/06 HELICAL RELATIVITY/03 COLOUR FIELD/05 Dictionary/Quantum_Colour_Dictionary.docx,.docx,52532,2026-07-29T11:44:06.295471+00:00,16e1da838c2a21aa631a32aca0c92457d954c4b0689e13857138b384f969e574,False,2,SCI/Helical Relativity/06 Colour Field/05 Dictionary/Quantum_Colour_Dictionary.docx,C:\Users\joesh\Desktop\SCI\_ADD TO REPO\06 HELICAL RELATIVITY\03 COLOUR FIELD\05 Dictionary\Quantum_Colour_Dictionary.docx
SCI,_ADD TO REPO/06 HELICAL RELATIVITY/03 COLOUR FIELD/05 Dictionary/Quantum_Colour_Dictionary.json,SCI/_ADD TO REPO/06 HELICAL RELATIVITY/03 COLOUR FIELD/05 Dictionary/Quantum_Colour_Dictionary.json,.json,4637142,2026-07-29T11:44:06.292263+00:00,ede45c493f7a552bc729afa1cfb3a5e806c940730af10ff16ba4cb1273594005,False,2,SCI/Helical Relativity/06 Colour Field/05 Dictionary/Quantum_Colour_Dictionary.json,C:\Users\joesh\Desktop\SCI\_ADD TO REPO\06 HELICAL RELATIVITY\03 COLOUR FIELD\05 Dictionary\Quantum_Colour_Dictionary.json
SCI,_ADD TO REPO/06 HELICAL RELATIVITY/03 COLOUR FIELD/05 Dictionary/Quantum_Colour_Dictionary.pdf,SCI/_ADD TO REPO/06 HELICAL RELATIVITY/03 COLOUR FIELD/05 Dictionary/Quantum_Colour_Dictionary.pdf,.pdf,340295,2026-07-29T11:44:06.296572+00:00,20df5219a68dcdda2ed4c64506cec13a497308faf66627ee43a5fdf932de9596,False,2,SCI/Helical Relativity/06 Colour Field/05 Dictionary/Quantum_Colour_Dictionary.pdf,C:\Users\joesh\Desktop\SCI\_ADD TO REPO\06 HELICAL RELATIVITY\03 COLOUR FIELD\05 Dictionary\Quantum_Colour_Dictionary.pdf
SCI,_ADD TO REPO/06 HELICAL RELATIVITY/03 COLOUR FIELD/05 Dictionary/Quantum_Colour_Dictionary.xlsx,SCI/_ADD TO REPO/06 HELICAL RELATIVITY/03 COLOUR FIELD/05 Dictionary/Quantum_Colour_Dictionary.xlsx,.xlsx,860974,2026-07-29T11:44:06.288422+00:00,4b254c7d1676c577c2dd2dbd8b05beb5ac15f890f64a062af1520a1d7bd6fc4d,False,2,SCI/Helical Relativity/06 Colour Field/05 Dictionary/Quantum_Colour_Dictionary.xlsx,C:\Users\joesh\Desktop\SCI\_ADD TO REPO\06 HELICAL RELATIVITY\03 COLOUR FIELD\05 Dictionary\Quantum_Colour_Dictionary.xlsx
SCI,_ADD TO REPO/06 HELICAL RELATIVITY/03 COLOUR FIELD/05 Dictionary/Quantum_Colour_Dictionary_Presets.csv,SCI/_ADD TO REPO/06 HELICAL RELATIVITY/03 COLOUR FIELD/05 Dictionary/Quantum_Colour_Dictionary_Presets.csv,.csv,1340251,2026-07-29T11:44:06.294327+00:00,65a380de15cbeef048700deb15d87e164c194eef0e61046f3e12b1f680615548,False,2,SCI/Helical Relativity/06 Colour Field/05 Dictionary/Quantum_Colour_Dictionary_Presets.csv,C:\Users\joesh\Desktop\SCI\_ADD TO REPO\06 HELICAL RELATIVITY\03 COLOUR FIELD\05 Dictionary\Quantum_Colour_Dictionary_Presets.csv
SCI,_ADD TO REPO/06 HELICAL RELATIVITY/03 COLOUR FIELD/05 Dictionary/Quantum_Colour_Dictionary_README.txt,SCI/_ADD TO REPO/06 HELICAL RELATIVITY/03 COLOUR FIELD/05 Dictionary/Quantum_Colour_Dictionary_README.txt,.txt,883,2026-07-29T11:44:06.299000+00:00,adeccce70df3950e5135a2579e72e0c4508d657e86ee977e643985fe90d831d1,False,2,SCI/Helical Relativity/06 Colour Field/05 Dictionary/Quantum_Colour_Dictionary_README.txt,C:\Users\joesh\Desktop\SCI\_ADD TO REPO\06 HELICAL RELATIVITY\03 COLOUR FIELD\05 Dictionary\Quantum_Colour_Dictionary_README.txt
SCI,_ADD TO REPO/06 HELICAL RELATIVITY/03 COLOUR FIELD/07 Atlas Plates/closure_spectrum_chord.wav,SCI/_ADD TO REPO/06 HELICAL RELATIVITY/03 COLOUR FIELD/07 Atlas Plates/closure_spectrum_chord.wav,.wav,352844,2026-07-29T11:44:06.262712+00:00,e7e47407ba6940387d381725d52539ce0f9386af5c944b9b02e6d51b74630125,False,2,SCI/Helical Relativity/06 Colour Field/07 Atlas Plates/closure_spectrum_chord.wav,C:\Users\joesh\Desktop\SCI\_ADD TO REPO\06 HELICAL RELATIVITY\03 COLOUR FIELD\07 Atlas Plates\closure_spectrum_chord.wav
SCI,_ADD TO REPO/06 HELICAL RELATIVITY/03 COLOUR FIELD/07 Atlas Plates/join_light_boundary_matter.wav,SCI/_ADD TO REPO/06 HELICAL RELATIVITY/03 COLOUR FIELD/07 Atlas Plates/join_light_boundary_matter.wav,.wav,342260,2026-07-29T11:44:06.261861+00:00,46ab2c4a3a06e24606bc01604008fc2791ec3f13c91600998046df90c265b4cc,False,2,SCI/Helical Relativity/06 Colour Field/07 Atlas Plates/join_light_boundary_matter.wav,C:\Users\joesh\Desktop\SCI\_ADD TO REPO\06 HELICAL RELATIVITY\03 COLOUR FIELD\07 Atlas Plates\join_light_boundary_matter.wav
SCI,_ADD TO REPO/06 HELICAL RELATIVITY/03 COLOUR FIELD/07 Atlas Plates/plate_1_notation.png,SCI/_ADD TO REPO/06 HELICAL RELATIVITY/03 COLOUR FIELD/07 Atlas Plates/plate_1_notation.png,.png,522497,2026-07-29T11:44:06.259742+00:00,e0770cd583383066f2457f68bef7bdccf1ce1359220871eed288f0f65dcd0961,False,2,SCI/Helical Relativity/06 Colour Field/07 Atlas Plates/plate_1_notation.png,C:\Users\joesh\Desktop\SCI\_ADD TO REPO\06 HELICAL RELATIVITY\03 COLOUR FIELD\07 Atlas Plates\plate_1_notation.png
SCI,_ADD TO REPO/06 HELICAL RELATIVITY/03 COLOUR FIELD/07 Atlas Plates/plate_2_bound.png,SCI/_ADD TO REPO/06 HELICAL RELATIVITY/03 COLOUR FIELD/07 Atlas Plates/plate_2_bound.png,.png,141185,2026-07-29T11:44:06.260814+00:00,a10b480fa48754bdbed741414d0630e4208ca2f87437b5a280660d35788567ec,False,2,SCI/Helical Relativity/06 Colour Field/07 Atlas Plates/plate_2_bound.png,C:\Users\joesh\Desktop\SCI\_ADD TO REPO\06 HELICAL RELATIVITY\03 COLOUR FIELD\07 Atlas Plates\plate_2_bound.png
SCI,_ADD TO REPO/06 HELICAL RELATIVITY/03 COLOUR FIELD/07 Atlas Plates/plate_3_spectrum.png,SCI/_ADD TO REPO/06 HELICAL RELATIVITY/03 COLOUR FIELD/07 Atlas Plates/plate_3_spectrum.png,.png,160827,2026-07-29T11:44:06.265270+00:00,2dedaf71697cbc2431479e35dec301b23295f814a611eb66f1f925fa3e887381,False,2,SCI/Helical Relativity/06 Colour Field/07 Atlas Plates/plate_3_spectrum.png,C:\Users\joesh\Desktop\SCI\_ADD TO REPO\06 HELICAL RELATIVITY\03 COLOUR FIELD\07 Atlas Plates\plate_3_spectrum.png
SCI,_ADD TO REPO/06 HELICAL RELATIVITY/03 COLOUR FIELD/07 Atlas Plates/plate_4_atlas.png,SCI/_ADD TO REPO/06 HELICAL RELATIVITY/03 COLOUR FIELD/07 Atlas Plates/plate_4_atlas.png,.png,220033,2026-07-29T11:44:06.266771+00:00,61449fc56027bfe339c1518a18d99dc25f3bb5785a900490668356be16a6fd67,False,2,SCI/Helical Relativity/06 Colour Field/07 Atlas Plates/plate_4_atlas.png,C:\Users\joesh\Desktop\SCI\_ADD TO REPO\06 HELICAL RELATIVITY\03 COLOUR FIELD\07 Atlas Plates\plate_4_atlas.png
SCI,_ADD TO REPO/06 HELICAL RELATIVITY/03 COLOUR FIELD/07 Atlas Plates/plate_5_frequency.png,SCI/_ADD TO REPO/06 HELICAL RELATIVITY/03 COLOUR FIELD/07 Atlas Plates/plate_5_frequency.png,.png,97072,2026-07-29T11:44:06.263242+00:00,293f19e6b8d4a2d54b7a76f2a12fabc22b245b3a2b6a3e0b4b99803827cb0455,False,2,SCI/Helical Relativity/06 Colour Field/07 Atlas Plates/plate_5_frequency.png,C:\Users\joesh\Desktop\SCI\_ADD TO REPO\06 HELICAL RELATIVITY\03 COLOUR FIELD\07 Atlas Plates\plate_5_frequency.png
SCI,_ADD TO REPO/06 HELICAL RELATIVITY/03 COLOUR FIELD/07 Atlas Plates/plate_6_mass_operator.png,SCI/_ADD TO REPO/06 HELICAL RELATIVITY/03 COLOUR FIELD/07 Atlas Plates/plate_6_mass_operator.png,.png,173473,2026-07-29T11:44:06.258190+00:00,7c1a091cfbebe79ee932440bdf3bed0b2ecc1b19c8f2641d8b18f817e2c2c0cc,False,2,SCI/Helical Relativity/06 Colour Field/07 Atlas Plates/plate_6_mass_operator.png,C:\Users\joesh\Desktop\SCI\_ADD TO REPO\06 HELICAL RELATIVITY\03 COLOUR FIELD\07 Atlas Plates\plate_6_mass_operator.png
SCI,_ADD TO REPO/06 HELICAL RELATIVITY/03 COLOUR FIELD/colour_field_atlas.py,SCI/_ADD TO REPO/06 HELICAL RELATIVITY/03 COLOUR FIELD/colour_field_atlas.py,.py,23352,2026-07-29T11:44:06.283165+00:00,366500009491511a9d2dbdd6657643a6ea65ac41c8bd9a3929484c4c9121be17,False,2,SCI/Helical Relativity/06 Colour Field/colour_field_atlas.py,C:\Users\joesh\Desktop\SCI\_ADD TO REPO\06 HELICAL RELATIVITY\03 COLOUR FIELD\colour_field_atlas.py
SCI,_ADD TO REPO/06 HELICAL RELATIVITY/03 COLOUR FIELD/colour_field_atlas_results.json,SCI/_ADD TO REPO/06 HELICAL RELATIVITY/03 COLOUR FIELD/colour_field_atlas_results.json,.json,1858,2026-07-29T11:44:06.256155+00:00,a54113506de8313da4ae062e1803ae6e407b2c1668ed00df5e6a13b466a141f4,False,2,SCI/Helical Relativity/06 Colour Field/colour_field_atlas_results.json,C:\Users\joesh\Desktop\SCI\_ADD TO REPO\06 HELICAL RELATIVITY\03 COLOUR FIELD\colour_field_atlas_results.json
SCI,_ADD TO REPO/06 HELICAL RELATIVITY/03 COLOUR FIELD/HOW TO READ A COLOUR FIELD.md,SCI/_ADD TO REPO/06 HELICAL RELATIVITY/03 COLOUR FIELD/HOW TO READ A COLOUR FIELD.md,.md,6851,2026-07-29T11:44:06.268272+00:00,00c988f7729b00a660b9060e5198fee91c370191a53696461e436658fc1fe287,False,2,SCI/Helical Relativity/06 Colour Field/HOW TO READ A COLOUR FIELD.md,C:\Users\joesh\Desktop\SCI\_ADD TO REPO\06 HELICAL RELATIVITY\03 COLOUR FIELD\HOW TO READ A COLOUR FIELD.md
SCI,_ADD TO REPO/06 HELICAL RELATIVITY/04 HELICAL FIELD/00_Paper/The_Helical_Bubble_Field_Observer_Interior_Time_Evolution_Joseph_Shields.docx,SCI/_ADD TO REPO/06 HELICAL RELATIVITY/04 HELICAL FIELD/00_Paper/The_Helical_Bubble_Field_Observer_Interior_Time_Evolution_Joseph_Shields.docx,.docx,6312657,2026-07-29T11:44:06.380193+00:00,f278c1aeec5f82746de1c976ecae1257b3502b17a6116c0ae65134a1e1351755,False,2,SCI/Helical Relativity/07 Helical Field/00_Paper/The_Helical_Bubble_Field_Observer_Interior_Time_Evolution_Joseph_Shields.docx,C:\Users\joesh\Desktop\SCI\_ADD TO REPO\06 HELICAL RELATIVITY\04 HELICAL FIELD\00_Paper\The_Helical_Bubble_Field_Observer_Interior_Time_Evolution_Joseph_Shields.docx
SCI,_ADD TO REPO/06 HELICAL RELATIVITY/04 HELICAL FIELD/00_Paper/The_Helical_Bubble_Field_Observer_Interior_Time_Evolution_Joseph_Shields.pdf,SCI/_ADD TO REPO/06 HELICAL RELATIVITY/04 HELICAL FIELD/00_Paper/The_Helical_Bubble_Field_Observer_Interior_Time_Evolution_Joseph_Shields.pdf,.pdf,1710809,2026-07-29T11:44:06.382885+00:00,98e7d6553e69d7e562245ceed81cc8c9b512f9d0a73de209ae59ed73b523bc21,False,2,SCI/Helical Relativity/07 Helical Field/00_Paper/The_Helical_Bubble_Field_Observer_Interior_Time_Evolution_Joseph_Shields.pdf,C:\Users\joesh\Desktop\SCI\_ADD TO REPO\06 HELICAL RELATIVITY\04 HELICAL FIELD\00_Paper\The_Helical_Bubble_Field_Observer_Interior_Time_Evolution_Joseph_Shields.pdf
SCI,_ADD TO REPO/06 HELICAL RELATIVITY/04 HELICAL FIELD/01_Field_Implementation/helical_bubble_field.py,SCI/_ADD TO REPO/06 HELICAL RELATIVITY/04 HELICAL FIELD/01_Field_Implementation/helical_bubble_field.py,.py,16338,2026-07-29T11:44:06.355787+00:00,af5e6b264965760ee7a23cc3ff1714f6b1b2cff5d587d20509577ee29fa85410,False,2,SCI/Helical Relativity/07 Helical Field/01_Field_Implementation/helical_bubble_field.py,C:\Users\joesh\Desktop\SCI\_ADD TO REPO\06 HELICAL RELATIVITY\04 HELICAL FIELD\01_Field_Implementation\helical_bubble_field.py
SCI,_ADD TO REPO/06 HELICAL RELATIVITY/04 HELICAL FIELD/01_Field_Implementation/helical_bubble_field_results.json,SCI/_ADD TO REPO/06 HELICAL RELATIVITY/04 HELICAL FIELD/01_Field_Implementation/helical_bubble_field_results.json,.json,2300,2026-07-29T11:44:06.353258+00:00,e1195eac0d8b2db49fc85f18774635e5101f2f2d67f21ae5a8f6d80eb017b24b,False,2,SCI/Helical Relativity/07 Helical Field/01_Field_Implementation/helical_bubble_field_results.json,C:\Users\joesh\Desktop\SCI\_ADD TO REPO\06 HELICAL RELATIVITY\04 HELICAL FIELD\01_Field_Implementation\helical_bubble_field_results.json
SCI,_ADD TO REPO/06 HELICAL RELATIVITY/04 HELICAL FIELD/01_Field_Implementation/helical_bubble_field_visuals.py,SCI/_ADD TO REPO/06 HELICAL RELATIVITY/04 HELICAL FIELD/01_Field_Implementation/helical_bubble_field_visuals.py,.py,9053,2026-07-29T11:44:06.354786+00:00,adc2f3d19a0c22de2b424377cc6a2ea720a19149dbbc67f18b038ad128a4f0de,False,2,SCI/Helical Relativity/07 Helical Field/01_Field_Implementation/helical_bubble_field_visuals.py,C:\Users\joesh\Desktop\SCI\_ADD TO REPO\06 HELICAL RELATIVITY\04 HELICAL FIELD\01_Field_Implementation\helical_bubble_field_visuals.py
SCI,_ADD TO REPO/06 HELICAL RELATIVITY/04 HELICAL FIELD/01_Field_Implementation/requirements.txt,SCI/_ADD TO REPO/06 HELICAL RELATIVITY/04 HELICAL FIELD/01_Field_Implementation/requirements.txt,.txt,41,2026-07-29T11:44:06.357122+00:00,a1083a2d359bada0ebfb5c61f712c112c55bdec588a5fb22dd5d04fa0aaf8e94,False,4,SCI/Helical Relativity/06 Colour Field/01 Field Implementation/requirements.txt,C:\Users\joesh\Desktop\SCI\_ADD TO REPO\06 HELICAL RELATIVITY\04 HELICAL FIELD\01_Field_Implementation\requirements.txt
SCI,_ADD TO REPO/06 HELICAL RELATIVITY/04 HELICAL FIELD/01_Field_Implementation/run_helical_field.command,SCI/_ADD TO REPO/06 HELICAL RELATIVITY/04 HELICAL FIELD/01_Field_Implementation/run_helical_field.command,.command,170,2026-07-29T11:44:06.358140+00:00,45f48ffab905bad17aecee86811e6d22679ce611d090467f0afe700e7948edbc,False,2,SCI/Helical Relativity/07 Helical Field/01_Field_Implementation/run_helical_field.command,C:\Users\joesh\Desktop\SCI\_ADD TO REPO\06 HELICAL RELATIVITY\04 HELICAL FIELD\01_Field_Implementation\run_helical_field.command
SCI,_ADD TO REPO/06 HELICAL RELATIVITY/04 HELICAL FIELD/02_Interactive_Field/helical-bubble-field.html,SCI/_ADD TO REPO/06 HELICAL RELATIVITY/04 HELICAL FIELD/02_Interactive_Field/helical-bubble-field.html,.html,13408,2026-07-29T11:44:06.360179+00:00,7574bdd4efb6849f7310098ae0656ea8096f6e7d86447943ce1a9d9206f4d168,False,2,SCI/Helical Relativity/07 Helical Field/02_Interactive_Field/helical-bubble-field.html,C:\Users\joesh\Desktop\SCI\_ADD TO REPO\06 HELICAL RELATIVITY\04 HELICAL FIELD\02_Interactive_Field\helical-bubble-field.html
SCI,_ADD TO REPO/06 HELICAL RELATIVITY/04 HELICAL FIELD/03_Visuals/helical_bubble_field_architecture.png,SCI/_ADD TO REPO/06 HELICAL RELATIVITY/04 HELICAL FIELD/03_Visuals/helical_bubble_field_architecture.png,.png,1727394,2026-07-29T11:44:06.367538+00:00,4f896c497a4d7ab0f3fe512fc09edf801a636e5456a6afac707dbbebd22212f4,False,4,MONOGRAPH/Field Ledger Second Edition/figures/js_plate_10.png,C:\Users\joesh\Desktop\SCI\_ADD TO REPO\06 HELICAL RELATIVITY\04 HELICAL FIELD\03_Visuals\helical_bubble_field_architecture.png
SCI,_ADD TO REPO/06 HELICAL RELATIVITY/04 HELICAL FIELD/03_Visuals/helical_bubble_field_time_evolution.gif,SCI/_ADD TO REPO/06 HELICAL RELATIVITY/04 HELICAL FIELD/03_Visuals/helical_bubble_field_time_evolution.gif,.gif,2242997,2026-07-29T11:44:06.374382+00:00,c4307e3baf4a7cc01ab9a77d536e4c5b940d61747850f16e8324ce20a429d40d,False,2,SCI/Helical Relativity/07 Helical Field/03_Visuals/helical_bubble_field_time_evolution.gif,C:\Users\joesh\Desktop\SCI\_ADD TO REPO\06 HELICAL RELATIVITY\04 HELICAL FIELD\03_Visuals\helical_bubble_field_time_evolution.gif
SCI,_ADD TO REPO/06 HELICAL RELATIVITY/04 HELICAL FIELD/03_Visuals/helical_time_tomography.png,SCI/_ADD TO REPO/06 HELICAL RELATIVITY/04 HELICAL FIELD/03_Visuals/helical_time_tomography.png,.png,223799,2026-07-29T11:44:06.369122+00:00,d3bf951e01fc93213866fbfbee348cd563dfd68c0307a642043f9d0f54788784,False,2,SCI/Helical Relativity/07 Helical Field/03_Visuals/helical_time_tomography.png,C:\Users\joesh\Desktop\SCI\_ADD TO REPO\06 HELICAL RELATIVITY\04 HELICAL FIELD\03_Visuals\helical_time_tomography.png
SCI,_ADD TO REPO/06 HELICAL RELATIVITY/04 HELICAL FIELD/03_Visuals/observer_inside_helical_field.png,SCI/_ADD TO REPO/06 HELICAL RELATIVITY/04 HELICAL FIELD/03_Visuals/observer_inside_helical_field.png,.png,1343121,2026-07-29T11:44:06.365288+00:00,502c1602bcb18b63f2b31a68f671ac159b82c8d0e67e8e412cd93ca28fac244c,False,2,SCI/Helical Relativity/07 Helical Field/03_Visuals/observer_inside_helical_field.png,C:\Users\joesh\Desktop\SCI\_ADD TO REPO\06 HELICAL RELATIVITY\04 HELICAL FIELD\03_Visuals\observer_inside_helical_field.png
SCI,_ADD TO REPO/06 HELICAL RELATIVITY/04 HELICAL FIELD/03_Visuals/umbrella_observer_concept.png,SCI/_ADD TO REPO/06 HELICAL RELATIVITY/04 HELICAL FIELD/03_Visuals/umbrella_observer_concept.png,.png,3024182,2026-07-29T11:44:06.371763+00:00,4536936e88ea9ab7281d9079d52c55b48a01143f4dca10e21ae742ce00f5b744,False,2,SCI/Helical Relativity/07 Helical Field/03_Visuals/umbrella_observer_concept.png,C:\Users\joesh\Desktop\SCI\_ADD TO REPO\06 HELICAL RELATIVITY\04 HELICAL FIELD\03_Visuals\umbrella_observer_concept.png
SCI,_ADD TO REPO/06 HELICAL RELATIVITY/04 HELICAL FIELD/04_Foundations/Geometric_Lift_of_Negative_Holographic_Evolution_Joseph_Shields.docx,SCI/_ADD TO REPO/06 HELICAL RELATIVITY/04 HELICAL FIELD/04_Foundations/Geometric_Lift_of_Negative_Holographic_Evolution_Joseph_Shields.docx,.docx,143638,2026-07-29T11:44:06.352192+00:00,528803ede7701f98c0aebe41ee8892e8ced8fb1b1f48a0efad2518d418e74186,False,8,MONOGRAPH/06 HELICAL RELATIVITY/01 THE FIELD/Geometric_Lift_of_Negative_Holographic_Evolution_Joseph_Shields.docx,C:\Users\joesh\Desktop\SCI\_ADD TO REPO\06 HELICAL RELATIVITY\04 HELICAL FIELD\04_Foundations\Geometric_Lift_of_Negative_Holographic_Evolution_Joseph_Shields.docx
SCI,_ADD TO REPO/06 HELICAL RELATIVITY/04 HELICAL FIELD/README.md,SCI/_ADD TO REPO/06 HELICAL RELATIVITY/04 HELICAL FIELD/README.md,.md,1358,2026-07-29T11:44:06.362256+00:00,6816a71b225a1cd3dc1c708f9c932b9018ad24ed9cc492b3ef49b87be8f59dbb,False,2,SCI/Helical Relativity/07 Helical Field/README.md,C:\Users\joesh\Desktop\SCI\_ADD TO REPO\06 HELICAL RELATIVITY\04 HELICAL FIELD\README.md
SCI,_ADD TO REPO/06 HELICAL RELATIVITY/04 HELICAL FIELD/SHA256SUMS.txt,SCI/_ADD TO REPO/06 HELICAL RELATIVITY/04 HELICAL FIELD/SHA256SUMS.txt,.txt,1895,2026-07-29T11:44:06.361228+00:00,9f01d748c59ce194871f4ff9b7b5e922b125588310164c30fc980e138b1485c1,False,2,SCI/Helical Relativity/07 Helical Field/SHA256SUMS.txt,C:\Users\joesh\Desktop\SCI\_ADD TO REPO\06 HELICAL RELATIVITY\04 HELICAL FIELD\SHA256SUMS.txt
SCI,_ADD TO REPO/06 HELICAL RELATIVITY/05 FIGURES/bubble_architecture.png,SCI/_ADD TO REPO/06 HELICAL RELATIVITY/05 FIGURES/bubble_architecture.png,.png,194891,2026-07-29T11:44:06.410223+00:00,8e77662ed39e664bdf74950548d7c311eaf23d0dd7c0c37cc8e7bdf731343444,False,5,MONOGRAPH/06 HELICAL RELATIVITY/05 FIGURES/bubble_architecture.png,C:\Users\joesh\Desktop\SCI\_ADD TO REPO\06 HELICAL RELATIVITY\05 FIGURES\bubble_architecture.png
SCI,_ADD TO REPO/06 HELICAL RELATIVITY/05 FIGURES/bubble_closure_chain.png,SCI/_ADD TO REPO/06 HELICAL RELATIVITY/05 FIGURES/bubble_closure_chain.png,.png,43456,2026-07-29T11:44:06.411256+00:00,45593d2dff3e9da3920fe48d56f9d0f16b820d89084930fd3f4c75896500fe3d,False,5,MONOGRAPH/06 HELICAL RELATIVITY/05 FIGURES/bubble_closure_chain.png,C:\Users\joesh\Desktop\SCI\_ADD TO REPO\06 HELICAL RELATIVITY\05 FIGURES\bubble_closure_chain.png
SCI,_ADD TO REPO/06 HELICAL RELATIVITY/05 FIGURES/bubble_field_compression_boundary_map.png,SCI/_ADD TO REPO/06 HELICAL RELATIVITY/05 FIGURES/bubble_field_compression_boundary_map.png,.png,210668,2026-07-29T11:44:06.414797+00:00,6f12621bc5d85c645d6ee9488835c068feb8f2ded00e0fe6223e1f2336dce1d5,False,5,MONOGRAPH/06 HELICAL RELATIVITY/05 FIGURES/bubble_field_compression_boundary_map.png,C:\Users\joesh\Desktop\SCI\_ADD TO REPO\06 HELICAL RELATIVITY\05 FIGURES\bubble_field_compression_boundary_map.png
SCI,_ADD TO REPO/06 HELICAL RELATIVITY/05 FIGURES/bubble_field_G_bridge.png,SCI/_ADD TO REPO/06 HELICAL RELATIVITY/05 FIGURES/bubble_field_G_bridge.png,.png,78914,2026-07-29T11:44:06.412756+00:00,4248a812a538e37f697990ddc22f13af9fd768fd43224896ecfd96a1536108d2,False,5,MONOGRAPH/06 HELICAL RELATIVITY/05 FIGURES/bubble_field_G_bridge.png,C:\Users\joesh\Desktop\SCI\_ADD TO REPO\06 HELICAL RELATIVITY\05 FIGURES\bubble_field_G_bridge.png
SCI,_ADD TO REPO/06 HELICAL RELATIVITY/05 FIGURES/bubble_field_lepton_candidate.png,SCI/_ADD TO REPO/06 HELICAL RELATIVITY/05 FIGURES/bubble_field_lepton_candidate.png,.png,47026,2026-07-29T11:44:06.416298+00:00,2a130f8c9a2ca61cd02f1d1b46c704fff852daff6d75f5b58cdd857ebaf58996,False,5,MONOGRAPH/06 HELICAL RELATIVITY/05 FIGURES/bubble_field_lepton_candidate.png,C:\Users\joesh\Desktop\SCI\_ADD TO REPO\06 HELICAL RELATIVITY\05 FIGURES\bubble_field_lepton_candidate.png
SCI,_ADD TO REPO/06 HELICAL RELATIVITY/05 FIGURES/bubble_field_recovery_ledger.png,SCI/_ADD TO REPO/06 HELICAL RELATIVITY/05 FIGURES/bubble_field_recovery_ledger.png,.png,205527,2026-07-29T11:44:06.417799+00:00,eabd8e916e5d2c0bfedb7a58f2a3a4333de2899f5769d825c4a57ff6d433e1e6,False,5,MONOGRAPH/06 HELICAL RELATIVITY/05 FIGURES/bubble_field_recovery_ledger.png,C:\Users\joesh\Desktop\SCI\_ADD TO REPO\06 HELICAL RELATIVITY\05 FIGURES\bubble_field_recovery_ledger.png
SCI,_ADD TO REPO/06 HELICAL RELATIVITY/05 FIGURES/bubble_field_rigorous_profiles.png,SCI/_ADD TO REPO/06 HELICAL RELATIVITY/05 FIGURES/bubble_field_rigorous_profiles.png,.png,196929,2026-07-29T11:44:06.418942+00:00,6c9f73aa66b41ed35a6e07f1e8706da7676ab6cc8b7163c559616292d34d51d2,False,5,MONOGRAPH/06 HELICAL RELATIVITY/05 FIGURES/bubble_field_rigorous_profiles.png,C:\Users\joesh\Desktop\SCI\_ADD TO REPO\06 HELICAL RELATIVITY\05 FIGURES\bubble_field_rigorous_profiles.png
SCI,_ADD TO REPO/06 HELICAL RELATIVITY/05 FIGURES/bubble_field_scale_ladder.png,SCI/_ADD TO REPO/06 HELICAL RELATIVITY/05 FIGURES/bubble_field_scale_ladder.png,.png,90773,2026-07-29T11:44:06.427484+00:00,932641087c76db2fb9806dc64300de29609f3a04ddc2d79a28bf666525f7679f,False,5,MONOGRAPH/06 HELICAL RELATIVITY/05 FIGURES/bubble_field_scale_ladder.png,C:\Users\joesh\Desktop\SCI\_ADD TO REPO\06 HELICAL RELATIVITY\05 FIGURES\bubble_field_scale_ladder.png
SCI,_ADD TO REPO/06 HELICAL RELATIVITY/05 FIGURES/bubble_field_source_profiles.png,SCI/_ADD TO REPO/06 HELICAL RELATIVITY/05 FIGURES/bubble_field_source_profiles.png,.png,144414,2026-07-29T11:44:06.435184+00:00,2271624471e9f6665ef3b8474bc0386e3c87585979c0e2b1d5b5cf5ec699ed78,False,5,MONOGRAPH/06 HELICAL RELATIVITY/05 FIGURES/bubble_field_source_profiles.png,C:\Users\joesh\Desktop\SCI\_ADD TO REPO\06 HELICAL RELATIVITY\05 FIGURES\bubble_field_source_profiles.png
SCI,_ADD TO REPO/06 HELICAL RELATIVITY/05 FIGURES/bubble_source_sector.png,SCI/_ADD TO REPO/06 HELICAL RELATIVITY/05 FIGURES/bubble_source_sector.png,.png,36467,2026-07-29T11:44:06.420443+00:00,728445b9ccdc4f97dc6f798e4da5cf678ea7c94f7f64809882846c9fb3c80362,False,5,MONOGRAPH/06 HELICAL RELATIVITY/05 FIGURES/bubble_source_sector.png,C:\Users\joesh\Desktop\SCI\_ADD TO REPO\06 HELICAL RELATIVITY\05 FIGURES\bubble_source_sector.png
SCI,_ADD TO REPO/06 HELICAL RELATIVITY/05 FIGURES/bubble_status.png,SCI/_ADD TO REPO/06 HELICAL RELATIVITY/05 FIGURES/bubble_status.png,.png,158410,2026-07-29T11:44:06.421942+00:00,22f15115bc11fbb96525bbe9184fcd3509647e452c174247e3ea328aae1090c5,False,5,MONOGRAPH/06 HELICAL RELATIVITY/05 FIGURES/bubble_status.png,C:\Users\joesh\Desktop\SCI\_ADD TO REPO\06 HELICAL RELATIVITY\05 FIGURES\bubble_status.png
SCI,_ADD TO REPO/06 HELICAL RELATIVITY/05 FIGURES/cef_codistinction.png,SCI/_ADD TO REPO/06 HELICAL RELATIVITY/05 FIGURES/cef_codistinction.png,.png,42271,2026-07-29T11:44:06.422943+00:00,93b85dcab8e94bfb5685fac82bb74fb439fb8903e66c9a0640beb715823d7530,False,5,MONOGRAPH/06 HELICAL RELATIVITY/05 FIGURES/cef_codistinction.png,C:\Users\joesh\Desktop\SCI\_ADD TO REPO\06 HELICAL RELATIVITY\05 FIGURES\cef_codistinction.png
SCI,_ADD TO REPO/06 HELICAL RELATIVITY/05 FIGURES/cef_field_architecture.png,SCI/_ADD TO REPO/06 HELICAL RELATIVITY/05 FIGURES/cef_field_architecture.png,.png,160429,2026-07-29T11:44:06.428984+00:00,876d7ebb8261fdbafa10a88bcdb4a0421c18c151a4c3892ee95bd661ad88ff8c,False,5,MONOGRAPH/06 HELICAL RELATIVITY/05 FIGURES/cef_field_architecture.png,C:\Users\joesh\Desktop\SCI\_ADD TO REPO\06 HELICAL RELATIVITY\05 FIGURES\cef_field_architecture.png
SCI,_ADD TO REPO/06 HELICAL RELATIVITY/05 FIGURES/cef_internal_cycle.png,SCI/_ADD TO REPO/06 HELICAL RELATIVITY/05 FIGURES/cef_internal_cycle.png,.png,96180,2026-07-29T11:44:06.430485+00:00,8a127f0c93ccc67c6a9b5161120ca302975ebc85888ccdf5e93ac3ffa253d1e3,False,5,MONOGRAPH/06 HELICAL RELATIVITY/05 FIGURES/cef_internal_cycle.png,C:\Users\joesh\Desktop\SCI\_ADD TO REPO\06 HELICAL RELATIVITY\05 FIGURES\cef_internal_cycle.png
SCI,_ADD TO REPO/06 HELICAL RELATIVITY/05 FIGURES/cef_interrogative_loop.png,SCI/_ADD TO REPO/06 HELICAL RELATIVITY/05 FIGURES/cef_interrogative_loop.png,.png,48991,2026-07-29T11:44:06.409178+00:00,435369ccc41d5466fbd5c06cdf8dab4eff1ae02ae1331c582026e679b27d8561,False,5,MONOGRAPH/06 HELICAL RELATIVITY/05 FIGURES/cef_interrogative_loop.png,C:\Users\joesh\Desktop\SCI\_ADD TO REPO\06 HELICAL RELATIVITY\05 FIGURES\cef_interrogative_loop.png
SCI,_ADD TO REPO/06 HELICAL RELATIVITY/05 FIGURES/exoplanet_lab_plots.png,SCI/_ADD TO REPO/06 HELICAL RELATIVITY/05 FIGURES/exoplanet_lab_plots.png,.png,378276,2026-07-29T11:44:06.432020+00:00,c4c363099cbb8a4fcdc0ea947431d1f839d7f483eedc6122a9ce9e9061615d00,False,5,MONOGRAPH/06 HELICAL RELATIVITY/05 FIGURES/exoplanet_lab_plots.png,C:\Users\joesh\Desktop\SCI\_ADD TO REPO\06 HELICAL RELATIVITY\05 FIGURES\exoplanet_lab_plots.png
SCI,_ADD TO REPO/06 HELICAL RELATIVITY/05 FIGURES/interactive_scalar_field_map_visualization.png,SCI/_ADD TO REPO/06 HELICAL RELATIVITY/05 FIGURES/interactive_scalar_field_map_visualization.png,.png,1667819,2026-07-29T11:44:06.425983+00:00,ada2ed7dbf4163c4cbe60afdc30bf4a6ea6e6602cb47392944c885ef9a14bbbe,False,3,MONOGRAPH/03 COMPANION/The Bubble Field/03 Figures/interactive_scalar_field_map_visualization.png,C:\Users\joesh\Desktop\SCI\_ADD TO REPO\06 HELICAL RELATIVITY\05 FIGURES\interactive_scalar_field_map_visualization.png
SCI,_ADD TO REPO/06 HELICAL RELATIVITY/05 FIGURES/universal_field_of_least_action_diagram.png,SCI/_ADD TO REPO/06 HELICAL RELATIVITY/05 FIGURES/universal_field_of_least_action_diagram.png,.png,1515747,2026-07-29T11:44:06.437661+00:00,7d012d4a27098aa746f443740ce0cd0f87de3388fc44be9d63f60e844c3eed3b,False,3,MONOGRAPH/03 COMPANION/The Bubble Field/03 Figures/universal_field_of_least_action_diagram.png,C:\Users\joesh\Desktop\SCI\_ADD TO REPO\06 HELICAL RELATIVITY\05 FIGURES\universal_field_of_least_action_diagram.png
SCI,_ADD TO REPO/06 HELICAL RELATIVITY/05 FIGURES/visual_scalar_field_system_diagram.png,SCI/_ADD TO REPO/06 HELICAL RELATIVITY/05 FIGURES/visual_scalar_field_system_diagram.png,.png,1422622,2026-07-29T11:44:06.434072+00:00,2321dd62d4ecf3f1d09e29150c556dc4b83fb6a9ad99f95bc3ac6cd6102bda87,False,3,MONOGRAPH/03 COMPANION/The Bubble Field/03 Figures/visual_scalar_field_system_diagram.png,C:\Users\joesh\Desktop\SCI\_ADD TO REPO\06 HELICAL RELATIVITY\05 FIGURES\visual_scalar_field_system_diagram.png
SCI,_ADD TO REPO/06 HELICAL RELATIVITY/06 ATOMIC WEB/01_Master_Plates/00_helical_atomic_tree_118_intuitive.png,SCI/_ADD TO REPO/06 HELICAL RELATIVITY/06 ATOMIC WEB/01_Master_Plates/00_helical_atomic_tree_118_intuitive.png,.png,2997929,2026-07-29T11:44:06.645173+00:00,c2a43b50636df2a330798e4a602af189862cb0ce0d48747fd8491b24c1995f01,False,2,SCI/Atomic Web/01_Master_Plates/00_helical_atomic_tree_118_intuitive.png,C:\Users\joesh\Desktop\SCI\_ADD TO REPO\06 HELICAL RELATIVITY\06 ATOMIC WEB\01_Master_Plates\00_helical_atomic_tree_118_intuitive.png
SCI,_ADD TO REPO/06 HELICAL RELATIVITY/06 ATOMIC WEB/01_Master_Plates/01_complete_periodic_table_118.png,SCI/_ADD TO REPO/06 HELICAL RELATIVITY/06 ATOMIC WEB/01_Master_Plates/01_complete_periodic_table_118.png,.png,1076878,2026-07-29T11:44:06.648386+00:00,1faf78035fd03051e5b617abcc767b56daa50f61df2ba3aab6c63fc356316a63,False,2,SCI/Atomic Web/01_Master_Plates/01_complete_periodic_table_118.png,C:\Users\joesh\Desktop\SCI\_ADD TO REPO\06 HELICAL RELATIVITY\06 ATOMIC WEB\01_Master_Plates\01_complete_periodic_table_118.png
SCI,_ADD TO REPO/06 HELICAL RELATIVITY/06 ATOMIC WEB/01_Master_Plates/02_radial_atomic_tree_118.png,SCI/_ADD TO REPO/06 HELICAL RELATIVITY/06 ATOMIC WEB/01_Master_Plates/02_radial_atomic_tree_118.png,.png,1759388,2026-07-29T11:44:06.640651+00:00,62dceddce0191e05c511b51dc63eff01b3d2802cb98e85eb4d9d614503cb0a14,False,2,SCI/Atomic Web/01_Master_Plates/02_radial_atomic_tree_118.png,C:\Users\joesh\Desktop\SCI\_ADD TO REPO\06 HELICAL RELATIVITY\06 ATOMIC WEB\01_Master_Plates\02_radial_atomic_tree_118.png
SCI,_ADD TO REPO/06 HELICAL RELATIVITY/06 ATOMIC WEB/01_Master_Plates/03_elemental_relationship_web_118.png,SCI/_ADD TO REPO/06 HELICAL RELATIVITY/06 ATOMIC WEB/01_Master_Plates/03_elemental_relationship_web_118.png,.png,952721,2026-07-29T11:44:06.642398+00:00,4a9e9c9922df9d4da0242ad2d9fbbe14ea09102cd0165c0cfb36f005f4da22bc,False,2,SCI/Atomic Web/01_Master_Plates/03_elemental_relationship_web_118.png,C:\Users\joesh\Desktop\SCI\_ADD TO REPO\06 HELICAL RELATIVITY\06 ATOMIC WEB\01_Master_Plates\03_elemental_relationship_web_118.png
SCI,_ADD TO REPO/06 HELICAL RELATIVITY/06 ATOMIC WEB/01_Master_Plates/04_decay_relationships_and_nuclide_rules.png,SCI/_ADD TO REPO/06 HELICAL RELATIVITY/06 ATOMIC WEB/01_Master_Plates/04_decay_relationships_and_nuclide_rules.png,.png,911017,2026-07-29T11:44:06.646822+00:00,0b53483b316061a14c6c995186e57315c0e578cc446b5221570bee23f0e7df53,False,2,SCI/Atomic Web/01_Master_Plates/04_decay_relationships_and_nuclide_rules.png,C:\Users\joesh\Desktop\SCI\_ADD TO REPO\06 HELICAL RELATIVITY\06 ATOMIC WEB\01_Master_Plates\04_decay_relationships_and_nuclide_rules.png
SCI,_ADD TO REPO/06 HELICAL RELATIVITY/06 ATOMIC WEB/01_Master_Plates/05_helical_gravity_compression_118.png,SCI/_ADD TO REPO/06 HELICAL RELATIVITY/06 ATOMIC WEB/01_Master_Plates/05_helical_gravity_compression_118.png,.png,736742,2026-07-29T11:44:06.649430+00:00,8a6e2414b8dee746c3ec07b7355d98ed8c23b47de588fd09fc6a77a595b0797d,False,2,SCI/Atomic Web/01_Master_Plates/05_helical_gravity_compression_118.png,C:\Users\joesh\Desktop\SCI\_ADD TO REPO\06 HELICAL RELATIVITY\06 ATOMIC WEB\01_Master_Plates\05_helical_gravity_compression_118.png
SCI,_ADD TO REPO/06 HELICAL RELATIVITY/06 ATOMIC WEB/02_Atlas_Boards/atomic_web_atlas_001_030.png,SCI/_ADD TO REPO/06 HELICAL RELATIVITY/06 ATOMIC WEB/02_Atlas_Boards/atomic_web_atlas_001_030.png,.png,2292701,2026-07-29T11:44:06.467277+00:00,bd684810a75b693f13b0349e0639f3f0ebb007724bae8c5c0bdf98d1daeb6d14,False,2,SCI/Atomic Web/02_Atlas_Boards/atomic_web_atlas_001_030.png,C:\Users\joesh\Desktop\SCI\_ADD TO REPO\06 HELICAL RELATIVITY\06 ATOMIC WEB\02_Atlas_Boards\atomic_web_atlas_001_030.png
SCI,_ADD TO REPO/06 HELICAL RELATIVITY/06 ATOMIC WEB/02_Atlas_Boards/atomic_web_atlas_031_060.png,SCI/_ADD TO REPO/06 HELICAL RELATIVITY/06 ATOMIC WEB/02_Atlas_Boards/atomic_web_atlas_031_060.png,.png,2810732,2026-07-29T11:44:06.472543+00:00,0364060357081e1c736d27491c793339a12e3e8e01e62cbb500cba59fa773fbf,False,2,SCI/Atomic Web/02_Atlas_Boards/atomic_web_atlas_031_060.png,C:\Users\joesh\Desktop\SCI\_ADD TO REPO\06 HELICAL RELATIVITY\06 ATOMIC WEB\02_Atlas_Boards\atomic_web_atlas_031_060.png
SCI,_ADD TO REPO/06 HELICAL RELATIVITY/06 ATOMIC WEB/02_Atlas_Boards/atomic_web_atlas_061_090.png,SCI/_ADD TO REPO/06 HELICAL RELATIVITY/06 ATOMIC WEB/02_Atlas_Boards/atomic_web_atlas_061_090.png,.png,3149784,2026-07-29T11:44:06.470469+00:00,c922faf81a9220555b3d3a15562944dd5de864c3ca15dc93edaa41a1efbf378f,False,2,SCI/Atomic Web/02_Atlas_Boards/atomic_web_atlas_061_090.png,C:\Users\joesh\Desktop\SCI\_ADD TO REPO\06 HELICAL RELATIVITY\06 ATOMIC WEB\02_Atlas_Boards\atomic_web_atlas_061_090.png
SCI,_ADD TO REPO/06 HELICAL RELATIVITY/06 ATOMIC WEB/02_Atlas_Boards/atomic_web_atlas_091_118.png,SCI/_ADD TO REPO/06 HELICAL RELATIVITY/06 ATOMIC WEB/02_Atlas_Boards/atomic_web_atlas_091_118.png,.png,3239665,2026-07-29T11:44:06.464966+00:00,423dc51d7b7ffa149d98622c231814406a6d9567b16ceb9ca31fdef3d4ec0bc6,False,2,SCI/Atomic Web/02_Atlas_Boards/atomic_web_atlas_091_118.png,C:\Users\joesh\Desktop\SCI\_ADD TO REPO\06 HELICAL RELATIVITY\06 ATOMIC WEB\02_Atlas_Boards\atomic_web_atlas_091_118.png
SCI,_ADD TO REPO/06 HELICAL RELATIVITY/06 ATOMIC WEB/03_Element_Cards/001_H_Hydrogen.png,SCI/_ADD TO REPO/06 HELICAL RELATIVITY/06 ATOMIC WEB/03_Element_Cards/001_H_Hydrogen.png,.png,163608,2026-07-29T11:44:06.582994+00:00,24aba405ff23e0ed4513a86d2671b54e5041f893cdbea961ea08aa9d8ffaed92,False,2,SCI/Atomic Web/03_Element_Cards/001_H_Hydrogen.png,C:\Users\joesh\Desktop\SCI\_ADD TO REPO\06 HELICAL RELATIVITY\06 ATOMIC WEB\03_Element_Cards\001_H_Hydrogen.png
SCI,_ADD TO REPO/06 HELICAL RELATIVITY/06 ATOMIC WEB/03_Element_Cards/002_He_Helium.png,SCI/_ADD TO REPO/06 HELICAL RELATIVITY/06 ATOMIC WEB/03_Element_Cards/002_He_Helium.png,.png,159822,2026-07-29T11:44:06.634489+00:00,1393a5227c703b00d5bcff1f333c37beb685c4d2891f76f7e5ec8ed04987ee54,False,2,SCI/Atomic Web/03_Element_Cards/002_He_Helium.png,C:\Users\joesh\Desktop\SCI\_ADD TO REPO\06 HELICAL RELATIVITY\06 ATOMIC WEB\03_Element_Cards\002_He_Helium.png
SCI,_ADD TO REPO/06 HELICAL RELATIVITY/06 ATOMIC WEB/03_Element_Cards/003_Li_Lithium.png,SCI/_ADD TO REPO/06 HELICAL RELATIVITY/06 ATOMIC WEB/03_Element_Cards/003_Li_Lithium.png,.png,167267,2026-07-29T11:44:06.567005+00:00,7b39e352bfd06f8942b8bff01e8eb59d5d32ea51a0ce59e4fd1ccc61864931ed,False,2,SCI/Atomic Web/03_Element_Cards/003_Li_Lithium.png,C:\Users\joesh\Desktop\SCI\_ADD TO REPO\06 HELICAL RELATIVITY\06 ATOMIC WEB\03_Element_Cards\003_Li_Lithium.png
SCI,_ADD TO REPO/06 HELICAL RELATIVITY/06 ATOMIC WEB/03_Element_Cards/004_Be_Beryllium.png,SCI/_ADD TO REPO/06 HELICAL RELATIVITY/06 ATOMIC WEB/03_Element_Cards/004_Be_Beryllium.png,.png,172857,2026-07-29T11:44:06.564118+00:00,44a06bf4fe931dfeb87b0f1c700b55480a11b22868024f98089d097a08cfc438,False,2,SCI/Atomic Web/03_Element_Cards/004_Be_Beryllium.png,C:\Users\joesh\Desktop\SCI\_ADD TO REPO\06 HELICAL RELATIVITY\06 ATOMIC WEB\03_Element_Cards\004_Be_Beryllium.png
SCI,_ADD TO REPO/06 HELICAL RELATIVITY/06 ATOMIC WEB/03_Element_Cards/005_B_Boron.png,SCI/_ADD TO REPO/06 HELICAL RELATIVITY/06 ATOMIC WEB/03_Element_Cards/005_B_Boron.png,.png,173756,2026-07-29T11:44:06.608771+00:00,b787679acd8b2e4350b97b1b83ff00e628da6ea62a717bdee4e393bd9f54b3c9,False,2,SCI/Atomic Web/03_Element_Cards/005_B_Boron.png,C:\Users\joesh\Desktop\SCI\_ADD TO REPO\06 HELICAL RELATIVITY\06 ATOMIC WEB\03_Element_Cards\005_B_Boron.png
SCI,_ADD TO REPO/06 HELICAL RELATIVITY/06 ATOMIC WEB/03_Element_Cards/006_C_Carbon.png,SCI/_ADD TO REPO/06 HELICAL RELATIVITY/06 ATOMIC WEB/03_Element_Cards/006_C_Carbon.png,.png,173803,2026-07-29T11:44:06.482216+00:00,18029a76a4b559d003ab4f1b4cc613c378d4234f12476f2bc652570704072364,False,2,SCI/Atomic Web/03_Element_Cards/006_C_Carbon.png,C:\Users\joesh\Desktop\SCI\_ADD TO REPO\06 HELICAL RELATIVITY\06 ATOMIC WEB\03_Element_Cards\006_C_Carbon.png
SCI,_ADD TO REPO/06 HELICAL RELATIVITY/06 ATOMIC WEB/03_Element_Cards/007_N_Nitrogen.png,SCI/_ADD TO REPO/06 HELICAL RELATIVITY/06 ATOMIC WEB/03_Element_Cards/007_N_Nitrogen.png,.png,174521,2026-07-29T11:44:06.624507+00:00,5bdd600e354edbf14ce4a33b4ae2ed6178405d1fc1853f65491aa8a86d0c1e98,False,2,SCI/Atomic Web/03_Element_Cards/007_N_Nitrogen.png,C:\Users\joesh\Desktop\SCI\_ADD TO REPO\06 HELICAL RELATIVITY\06 ATOMIC WEB\03_Element_Cards\007_N_Nitrogen.png
SCI,_ADD TO REPO/06 HELICAL RELATIVITY/06 ATOMIC WEB/03_Element_Cards/008_O_Oxygen.png,SCI/_ADD TO REPO/06 HELICAL RELATIVITY/06 ATOMIC WEB/03_Element_Cards/008_O_Oxygen.png,.png,173903,2026-07-29T11:44:06.529590+00:00,99f2a7502d67648df42e7d0456f542081f8db192780c7b7cb023962d56d87141,False,2,SCI/Atomic Web/03_Element_Cards/008_O_Oxygen.png,C:\Users\joesh\Desktop\SCI\_ADD TO REPO\06 HELICAL RELATIVITY\06 ATOMIC WEB\03_Element_Cards\008_O_Oxygen.png
SCI,_ADD TO REPO/06 HELICAL RELATIVITY/06 ATOMIC WEB/03_Element_Cards/009_F_Fluorine.png,SCI/_ADD TO REPO/06 HELICAL RELATIVITY/06 ATOMIC WEB/03_Element_Cards/009_F_Fluorine.png,.png,171838,2026-07-29T11:44:06.617946+00:00,281c8b862c94028280abef7ec33fc2fd1e144a48c216665100f66b3acef4e428,False,2,SCI/Atomic Web/03_Element_Cards/009_F_Fluorine.png,C:\Users\joesh\Desktop\SCI\_ADD TO REPO\06 HELICAL RELATIVITY\06 ATOMIC WEB\03_Element_Cards\009_F_Fluorine.png
SCI,_ADD TO REPO/06 HELICAL RELATIVITY/06 ATOMIC WEB/03_Element_Cards/010_Ne_Neon.png,SCI/_ADD TO REPO/06 HELICAL RELATIVITY/06 ATOMIC WEB/03_Element_Cards/010_Ne_Neon.png,.png,172580,2026-07-29T11:44:06.536388+00:00,cc3c6badcc42d11bf5f0ae5f8bae4e93e065cc4cb40b153592e122b4e34c9e12,False,2,SCI/Atomic Web/03_Element_Cards/010_Ne_Neon.png,C:\Users\joesh\Desktop\SCI\_ADD TO REPO\06 HELICAL RELATIVITY\06 ATOMIC WEB\03_Element_Cards\010_Ne_Neon.png
SCI,_ADD TO REPO/06 HELICAL RELATIVITY/06 ATOMIC WEB/03_Element_Cards/011_Na_Sodium.png,SCI/_ADD TO REPO/06 HELICAL RELATIVITY/06 ATOMIC WEB/03_Element_Cards/011_Na_Sodium.png,.png,180143,2026-07-29T11:44:06.500174+00:00,84b16f15ce72a5415ae17a0decda85614ccf4ecafa8b6e1bb0370f81b16a702c,False,2,SCI/Atomic Web/03_Element_Cards/011_Na_Sodium.png,C:\Users\joesh\Desktop\SCI\_ADD TO REPO\06 HELICAL RELATIVITY\06 ATOMIC WEB\03_Element_Cards\011_Na_Sodium.png
SCI,_ADD TO REPO/06 HELICAL RELATIVITY/06 ATOMIC WEB/03_Element_Cards/012_Mg_Magnesium.png,SCI/_ADD TO REPO/06 HELICAL RELATIVITY/06 ATOMIC WEB/03_Element_Cards/012_Mg_Magnesium.png,.png,183506,2026-07-29T11:44:06.598420+00:00,dd6483d6a821e70b2da3ec34a2c5761792b99283c85408a27bbefb2b667d968a,False,2,SCI/Atomic Web/03_Element_Cards/012_Mg_Magnesium.png,C:\Users\joesh\Desktop\SCI\_ADD TO REPO\06 HELICAL RELATIVITY\06 ATOMIC WEB\03_Element_Cards\012_Mg_Magnesium.png
SCI,_ADD TO REPO/06 HELICAL RELATIVITY/06 ATOMIC WEB/03_Element_Cards/013_Al_Aluminum.png,SCI/_ADD TO REPO/06 HELICAL RELATIVITY/06 ATOMIC WEB/03_Element_Cards/013_Al_Aluminum.png,.png,183082,2026-07-29T11:44:06.552366+00:00,e3e1a0ec3c8c83547ec9ac6e983336879bb2976b7abb6a32c500ef57309d20a0,False,2,SCI/Atomic Web/03_Element_Cards/013_Al_Aluminum.png,C:\Users\joesh\Desktop\SCI\_ADD TO REPO\06 HELICAL RELATIVITY\06 ATOMIC WEB\03_Element_Cards\013_Al_Aluminum.png
SCI,_ADD TO REPO/06 HELICAL RELATIVITY/06 ATOMIC WEB/03_Element_Cards/014_Si_Silicon.png,SCI/_ADD TO REPO/06 HELICAL RELATIVITY/06 ATOMIC WEB/03_Element_Cards/014_Si_Silicon.png,.png,183390,2026-07-29T11:44:06.626009+00:00,b6344bb386160fa021a3a059b5d531db6aaf5b5e56d22628b406b69dc48b6a88,False,2,SCI/Atomic Web/03_Element_Cards/014_Si_Silicon.png,C:\Users\joesh\Desktop\SCI\_ADD TO REPO\06 HELICAL RELATIVITY\06 ATOMIC WEB\03_Element_Cards\014_Si_Silicon.png
SCI,_ADD TO REPO/06 HELICAL RELATIVITY/06 ATOMIC WEB/03_Element_Cards/015_P_Phosphorus.png,SCI/_ADD TO REPO/06 HELICAL RELATIVITY/06 ATOMIC WEB/03_Element_Cards/015_P_Phosphorus.png,.png,187101,2026-07-29T11:44:06.511129+00:00,da013d0f9306678289c62c10feb72a452ffec149416dd825b433a2cb4e1ee290,False,2,SCI/Atomic Web/03_Element_Cards/015_P_Phosphorus.png,C:\Users\joesh\Desktop\SCI\_ADD TO REPO\06 HELICAL RELATIVITY\06 ATOMIC WEB\03_Element_Cards\015_P_Phosphorus.png
SCI,_ADD TO REPO/06 HELICAL RELATIVITY/06 ATOMIC WEB/03_Element_Cards/016_S_Sulfur.png,SCI/_ADD TO REPO/06 HELICAL RELATIVITY/06 ATOMIC WEB/03_Element_Cards/016_S_Sulfur.png,.png,184242,2026-07-29T11:44:06.507358+00:00,2ac79a3c4c872916d6ee36d09e51c48e244fd9002ae96f1976ee8023c92b996a,False,2,SCI/Atomic Web/03_Element_Cards/016_S_Sulfur.png,C:\Users\joesh\Desktop\SCI\_ADD TO REPO\06 HELICAL RELATIVITY\06 ATOMIC WEB\03_Element_Cards\016_S_Sulfur.png
SCI,_ADD TO REPO/06 HELICAL RELATIVITY/06 ATOMIC WEB/03_Element_Cards/017_Cl_Chlorine.png,SCI/_ADD TO REPO/06 HELICAL RELATIVITY/06 ATOMIC WEB/03_Element_Cards/017_Cl_Chlorine.png,.png,183841,2026-07-29T11:44:06.578470+00:00,2fed19fcc12569980c06a8d7fa240926a29b31ceb20fe09ba9674497f684faae,False,2,SCI/Atomic Web/03_Element_Cards/017_Cl_Chlorine.png,C:\Users\joesh\Desktop\SCI\_ADD TO REPO\06 HELICAL RELATIVITY\06 ATOMIC WEB\03_Element_Cards\017_Cl_Chlorine.png
SCI,_ADD TO REPO/06 HELICAL RELATIVITY/06 ATOMIC WEB/03_Element_Cards/018_Ar_Argon.png,SCI/_ADD TO REPO/06 HELICAL RELATIVITY/06 ATOMIC WEB/03_Element_Cards/018_Ar_Argon.png,.png,185266,2026-07-29T11:44:06.560216+00:00,6aff09d74ad184d07bb11fb8f442b2ff73105a9e670c4e5f1ff5a589eb10091b,False,2,SCI/Atomic Web/03_Element_Cards/018_Ar_Argon.png,C:\Users\joesh\Desktop\SCI\_ADD TO REPO\06 HELICAL RELATIVITY\06 ATOMIC WEB\03_Element_Cards\018_Ar_Argon.png
SCI,_ADD TO REPO/06 HELICAL RELATIVITY/06 ATOMIC WEB/03_Element_Cards/019_K_Potassium.png,SCI/_ADD TO REPO/06 HELICAL RELATIVITY/06 ATOMIC WEB/03_Element_Cards/019_K_Potassium.png,.png,191315,2026-07-29T11:44:06.570004+00:00,427107c2fbd03f53684b15fdde6756290faa9fd7965f8731338d398926f44c87,False,2,SCI/Atomic Web/03_Element_Cards/019_K_Potassium.png,C:\Users\joesh\Desktop\SCI\_ADD TO REPO\06 HELICAL RELATIVITY\06 ATOMIC WEB\03_Element_Cards\019_K_Potassium.png
SCI,_ADD TO REPO/06 HELICAL RELATIVITY/06 ATOMIC WEB/03_Element_Cards/020_Ca_Calcium.png,SCI/_ADD TO REPO/06 HELICAL RELATIVITY/06 ATOMIC WEB/03_Element_Cards/020_Ca_Calcium.png,.png,192791,2026-07-29T11:44:06.612403+00:00,2930e370428541e92397ac915dc90293b7f99660d7c67033d20a7951d3cbb05d,False,2,SCI/Atomic Web/03_Element_Cards/020_Ca_Calcium.png,C:\Users\joesh\Desktop\SCI\_ADD TO REPO\06 HELICAL RELATIVITY\06 ATOMIC WEB\03_Element_Cards\020_Ca_Calcium.png
SCI,_ADD TO REPO/06 HELICAL RELATIVITY/06 ATOMIC WEB/03_Element_Cards/021_Sc_Scandium.png,SCI/_ADD TO REPO/06 HELICAL RELATIVITY/06 ATOMIC WEB/03_Element_Cards/021_Sc_Scandium.png,.png,193322,2026-07-29T11:44:06.506472+00:00,2505a155c1f5e92aba345b25bbcef650c7136b94139f3c87fe7345085d777e40,False,2,SCI/Atomic Web/03_Element_Cards/021_Sc_Scandium.png,C:\Users\joesh\Desktop\SCI\_ADD TO REPO\06 HELICAL RELATIVITY\06 ATOMIC WEB\03_Element_Cards\021_Sc_Scandium.png
SCI,_ADD TO REPO/06 HELICAL RELATIVITY/06 ATOMIC WEB/03_Element_Cards/022_Ti_Titanium.png,SCI/_ADD TO REPO/06 HELICAL RELATIVITY/06 ATOMIC WEB/03_Element_Cards/022_Ti_Titanium.png,.png,191861,2026-07-29T11:44:06.540622+00:00,4024f3d5a9db949ae69338306362bc3623c358ec1d8769e4fdc2954c86bb3042,False,2,SCI/Atomic Web/03_Element_Cards/022_Ti_Titanium.png,C:\Users\joesh\Desktop\SCI\_ADD TO REPO\06 HELICAL RELATIVITY\06 ATOMIC WEB\03_Element_Cards\022_Ti_Titanium.png
SCI,_ADD TO REPO/06 HELICAL RELATIVITY/06 ATOMIC WEB/03_Element_Cards/023_V_Vanadium.png,SCI/_ADD TO REPO/06 HELICAL RELATIVITY/06 ATOMIC WEB/03_Element_Cards/023_V_Vanadium.png,.png,194291,2026-07-29T11:44:06.602207+00:00,4642482f06e44a909f191077ef7b3b6daff7895a2516404c25b147cfc7156748,False,2,SCI/Atomic Web/03_Element_Cards/023_V_Vanadium.png,C:\Users\joesh\Desktop\SCI\_ADD TO REPO\06 HELICAL RELATIVITY\06 ATOMIC WEB\03_Element_Cards\023_V_Vanadium.png
SCI,_ADD TO REPO/06 HELICAL RELATIVITY/06 ATOMIC WEB/03_Element_Cards/024_Cr_Chromium.png,SCI/_ADD TO REPO/06 HELICAL RELATIVITY/06 ATOMIC WEB/03_Element_Cards/024_Cr_Chromium.png,.png,194989,2026-07-29T11:44:06.548611+00:00,b59b423546cafb2af3e8c5127a8d0233b3a0e024e25206dddbd181c051170e99,False,2,SCI/Atomic Web/03_Element_Cards/024_Cr_Chromium.png,C:\Users\joesh\Desktop\SCI\_ADD TO REPO\06 HELICAL RELATIVITY\06 ATOMIC WEB\03_Element_Cards\024_Cr_Chromium.png
SCI,_ADD TO REPO/06 HELICAL RELATIVITY/06 ATOMIC WEB/03_Element_Cards/025_Mn_Manganese.png,SCI/_ADD TO REPO/06 HELICAL RELATIVITY/06 ATOMIC WEB/03_Element_Cards/025_Mn_Manganese.png,.png,196323,2026-07-29T11:44:06.586453+00:00,25891c5d5d3d01d97c7f55271536d6ab2cb34b3450f8e051f8f433fc122a7391,False,2,SCI/Atomic Web/03_Element_Cards/025_Mn_Manganese.png,C:\Users\joesh\Desktop\SCI\_ADD TO REPO\06 HELICAL RELATIVITY\06 ATOMIC WEB\03_Element_Cards\025_Mn_Manganese.png
SCI,_ADD TO REPO/06 HELICAL RELATIVITY/06 ATOMIC WEB/03_Element_Cards/026_Fe_Iron.png,SCI/_ADD TO REPO/06 HELICAL RELATIVITY/06 ATOMIC WEB/03_Element_Cards/026_Fe_Iron.png,.png,193932,2026-07-29T11:44:06.496173+00:00,5d974c055670b67ee2f3562149bc4a72a3af9110f7a226b9d14c8424584451ba,False,2,SCI/Atomic Web/03_Element_Cards/026_Fe_Iron.png,C:\Users\joesh\Desktop\SCI\_ADD TO REPO\06 HELICAL RELATIVITY\06 ATOMIC WEB\03_Element_Cards\026_Fe_Iron.png
SCI,_ADD TO REPO/06 HELICAL RELATIVITY/06 ATOMIC WEB/03_Element_Cards/027_Co_Cobalt.png,SCI/_ADD TO REPO/06 HELICAL RELATIVITY/06 ATOMIC WEB/03_Element_Cards/027_Co_Cobalt.png,.png,195035,2026-07-29T11:44:06.539441+00:00,03d4fe199f222075946802ab5c27486602115e1c541da9564126dc58161ce87f,False,2,SCI/Atomic Web/03_Element_Cards/027_Co_Cobalt.png,C:\Users\joesh\Desktop\SCI\_ADD TO REPO\06 HELICAL RELATIVITY\06 ATOMIC WEB\03_Element_Cards\027_Co_Cobalt.png
SCI,_ADD TO REPO/06 HELICAL RELATIVITY/06 ATOMIC WEB/03_Element_Cards/028_Ni_Nickel.png,SCI/_ADD TO REPO/06 HELICAL RELATIVITY/06 ATOMIC WEB/03_Element_Cards/028_Ni_Nickel.png,.png,194539,2026-07-29T11:44:06.631956+00:00,14eaae2fd05685eb58b91e71069cd93fbc5075e591322b2d28a939f353284d01,False,2,SCI/Atomic Web/03_Element_Cards/028_Ni_Nickel.png,C:\Users\joesh\Desktop\SCI\_ADD TO REPO\06 HELICAL RELATIVITY\06 ATOMIC WEB\03_Element_Cards\028_Ni_Nickel.png
SCI,_ADD TO REPO/06 HELICAL RELATIVITY/06 ATOMIC WEB/03_Element_Cards/029_Cu_Copper.png,SCI/_ADD TO REPO/06 HELICAL RELATIVITY/06 ATOMIC WEB/03_Element_Cards/029_Cu_Copper.png,.png,191775,2026-07-29T11:44:06.627954+00:00,370e27e3c34286b15f6ae02b6c849106d6523b2a60bc1f4519ef5e6d9b8a0b75,False,2,SCI/Atomic Web/03_Element_Cards/029_Cu_Copper.png,C:\Users\joesh\Desktop\SCI\_ADD TO REPO\06 HELICAL RELATIVITY\06 ATOMIC WEB\03_Element_Cards\029_Cu_Copper.png
SCI,_ADD TO REPO/06 HELICAL RELATIVITY/06 ATOMIC WEB/03_Element_Cards/030_Zn_Zinc.png,SCI/_ADD TO REPO/06 HELICAL RELATIVITY/06 ATOMIC WEB/03_Element_Cards/030_Zn_Zinc.png,.png,192245,2026-07-29T11:44:06.504825+00:00,1fe026d02148546bf5dfe07aad780ff35108c964d99e738343cae661fac4971a,False,2,SCI/Atomic Web/03_Element_Cards/030_Zn_Zinc.png,C:\Users\joesh\Desktop\SCI\_ADD TO REPO\06 HELICAL RELATIVITY\06 ATOMIC WEB\03_Element_Cards\030_Zn_Zinc.png
SCI,_ADD TO REPO/06 HELICAL RELATIVITY/06 ATOMIC WEB/03_Element_Cards/031_Ga_Gallium.png,SCI/_ADD TO REPO/06 HELICAL RELATIVITY/06 ATOMIC WEB/03_Element_Cards/031_Ga_Gallium.png,.png,197014,2026-07-29T11:44:06.557715+00:00,5613e1f73c04d12926e0a3a42c31941a4037225a3e6105b2cd122859809c88e4,False,2,SCI/Atomic Web/03_Element_Cards/031_Ga_Gallium.png,C:\Users\joesh\Desktop\SCI\_ADD TO REPO\06 HELICAL RELATIVITY\06 ATOMIC WEB\03_Element_Cards\031_Ga_Gallium.png
SCI,_ADD TO REPO/06 HELICAL RELATIVITY/06 ATOMIC WEB/03_Element_Cards/032_Ge_Germanium.png,SCI/_ADD TO REPO/06 HELICAL RELATIVITY/06 ATOMIC WEB/03_Element_Cards/032_Ge_Germanium.png,.png,195987,2026-07-29T11:44:06.489444+00:00,e1153fb98b786521d98efa7cac70e857fa0408e30ae3cf7fde3e7fe5395f8bdb,False,2,SCI/Atomic Web/03_Element_Cards/032_Ge_Germanium.png,C:\Users\joesh\Desktop\SCI\_ADD TO REPO\06 HELICAL RELATIVITY\06 ATOMIC WEB\03_Element_Cards\032_Ge_Germanium.png
SCI,_ADD TO REPO/06 HELICAL RELATIVITY/06 ATOMIC WEB/03_Element_Cards/033_As_Arsenic.png,SCI/_ADD TO REPO/06 HELICAL RELATIVITY/06 ATOMIC WEB/03_Element_Cards/033_As_Arsenic.png,.png,197551,2026-07-29T11:44:06.543123+00:00,cd83c2e3f6767a0ad39fd4ccd41f5eca008e32436718db924bd7f9d4a14e0794,False,2,SCI/Atomic Web/03_Element_Cards/033_As_Arsenic.png,C:\Users\joesh\Desktop\SCI\_ADD TO REPO\06 HELICAL RELATIVITY\06 ATOMIC WEB\03_Element_Cards\033_As_Arsenic.png
SCI,_ADD TO REPO/06 HELICAL RELATIVITY/06 ATOMIC WEB/03_Element_Cards/034_Se_Selenium.png,SCI/_ADD TO REPO/06 HELICAL RELATIVITY/06 ATOMIC WEB/03_Element_Cards/034_Se_Selenium.png,.png,197429,2026-07-29T11:44:06.590364+00:00,337976b0aa1277f3e21a0119a0317ba23941079bbff8d50938108632507b2030,False,2,SCI/Atomic Web/03_Element_Cards/034_Se_Selenium.png,C:\Users\joesh\Desktop\SCI\_ADD TO REPO\06 HELICAL RELATIVITY\06 ATOMIC WEB\03_Element_Cards\034_Se_Selenium.png
SCI,_ADD TO REPO/06 HELICAL RELATIVITY/06 ATOMIC WEB/03_Element_Cards/035_Br_Bromine.png,SCI/_ADD TO REPO/06 HELICAL RELATIVITY/06 ATOMIC WEB/03_Element_Cards/035_Br_Bromine.png,.png,195215,2026-07-29T11:44:06.491828+00:00,2eff154ce7ec6dd53bcafb1eb0fc8691db1281d2b76bab2fd20f3709beacdec0,False,2,SCI/Atomic Web/03_Element_Cards/035_Br_Bromine.png,C:\Users\joesh\Desktop\SCI\_ADD TO REPO\06 HELICAL RELATIVITY\06 ATOMIC WEB\03_Element_Cards\035_Br_Bromine.png
SCI,_ADD TO REPO/06 HELICAL RELATIVITY/06 ATOMIC WEB/03_Element_Cards/036_Kr_Krypton.png,SCI/_ADD TO REPO/06 HELICAL RELATIVITY/06 ATOMIC WEB/03_Element_Cards/036_Kr_Krypton.png,.png,197112,2026-07-29T11:44:06.579971+00:00,b5d98aed0ca1c2f807266df48999d3b8ccd56e8c69d91b2ed70fa220f79e1603,False,2,SCI/Atomic Web/03_Element_Cards/036_Kr_Krypton.png,C:\Users\joesh\Desktop\SCI\_ADD TO REPO\06 HELICAL RELATIVITY\06 ATOMIC WEB\03_Element_Cards\036_Kr_Krypton.png
SCI,_ADD TO REPO/06 HELICAL RELATIVITY/06 ATOMIC WEB/03_Element_Cards/037_Rb_Rubidium.png,SCI/_ADD TO REPO/06 HELICAL RELATIVITY/06 ATOMIC WEB/03_Element_Cards/037_Rb_Rubidium.png,.png,202269,2026-07-29T11:44:06.551365+00:00,ea352b3a12b3e5a0f8635c0139ae183505b4469e6e5f0402eded9af5d0440aa6,False,2,SCI/Atomic Web/03_Element_Cards/037_Rb_Rubidium.png,C:\Users\joesh\Desktop\SCI\_ADD TO REPO\06 HELICAL RELATIVITY\06 ATOMIC WEB\03_Element_Cards\037_Rb_Rubidium.png
SCI,_ADD TO REPO/06 HELICAL RELATIVITY/06 ATOMIC WEB/03_Element_Cards/038_Sr_Strontium.png,SCI/_ADD TO REPO/06 HELICAL RELATIVITY/06 ATOMIC WEB/03_Element_Cards/038_Sr_Strontium.png,.png,204760,2026-07-29T11:44:06.519190+00:00,d721a2ccd8250d5d4c4ed0e4c6ecb9fe22502a8f726664f5ca56f1bc25093747,False,2,SCI/Atomic Web/03_Element_Cards/038_Sr_Strontium.png,C:\Users\joesh\Desktop\SCI\_ADD TO REPO\06 HELICAL RELATIVITY\06 ATOMIC WEB\03_Element_Cards\038_Sr_Strontium.png
SCI,_ADD TO REPO/06 HELICAL RELATIVITY/06 ATOMIC WEB/03_Element_Cards/039_Y_Yttrium.png,SCI/_ADD TO REPO/06 HELICAL RELATIVITY/06 ATOMIC WEB/03_Element_Cards/039_Y_Yttrium.png,.png,201235,2026-07-29T11:44:06.596388+00:00,51147e3cc1e71c613b80b749b98379f46feb3807816b8d6ace8fd2d7fb7e66dd,False,2,SCI/Atomic Web/03_Element_Cards/039_Y_Yttrium.png,C:\Users\joesh\Desktop\SCI\_ADD TO REPO\06 HELICAL RELATIVITY\06 ATOMIC WEB\03_Element_Cards\039_Y_Yttrium.png
SCI,_ADD TO REPO/06 HELICAL RELATIVITY/06 ATOMIC WEB/03_Element_Cards/040_Zr_Zirconium.png,SCI/_ADD TO REPO/06 HELICAL RELATIVITY/06 ATOMIC WEB/03_Element_Cards/040_Zr_Zirconium.png,.png,203315,2026-07-29T11:44:06.520693+00:00,8f63b79963bed9c5d69430d65a7e63372365f454c350c48204114fe047dbe285,False,2,SCI/Atomic Web/03_Element_Cards/040_Zr_Zirconium.png,C:\Users\joesh\Desktop\SCI\_ADD TO REPO\06 HELICAL RELATIVITY\06 ATOMIC WEB\03_Element_Cards\040_Zr_Zirconium.png
SCI,_ADD TO REPO/06 HELICAL RELATIVITY/06 ATOMIC WEB/03_Element_Cards/041_Nb_Niobium.png,SCI/_ADD TO REPO/06 HELICAL RELATIVITY/06 ATOMIC WEB/03_Element_Cards/041_Nb_Niobium.png,.png,202587,2026-07-29T11:44:06.604841+00:00,4e73740cca002930c5aca696bd7b8846ffd294f3a9da6eca0ee42273a90cafa5,False,2,SCI/Atomic Web/03_Element_Cards/041_Nb_Niobium.png,C:\Users\joesh\Desktop\SCI\_ADD TO REPO\06 HELICAL RELATIVITY\06 ATOMIC WEB\03_Element_Cards\041_Nb_Niobium.png
SCI,_ADD TO REPO/06 HELICAL RELATIVITY/06 ATOMIC WEB/03_Element_Cards/042_Mo_Molybdenum.png,SCI/_ADD TO REPO/06 HELICAL RELATIVITY/06 ATOMIC WEB/03_Element_Cards/042_Mo_Molybdenum.png,.png,204745,2026-07-29T11:44:06.542122+00:00,cc0d41e0260d33c9f8b8a3dbb66cc4c51c3976a0036ba10ecc724099e487ffb9,False,2,SCI/Atomic Web/03_Element_Cards/042_Mo_Molybdenum.png,C:\Users\joesh\Desktop\SCI\_ADD TO REPO\06 HELICAL RELATIVITY\06 ATOMIC WEB\03_Element_Cards\042_Mo_Molybdenum.png
SCI,_ADD TO REPO/06 HELICAL RELATIVITY/06 ATOMIC WEB/03_Element_Cards/043_Tc_Technetium.png,SCI/_ADD TO REPO/06 HELICAL RELATIVITY/06 ATOMIC WEB/03_Element_Cards/043_Tc_Technetium.png,.png,201024,2026-07-29T11:44:06.569004+00:00,df4652e95f97bd696d3525269b93ddb4f0a2ea7bcdfa3d62d1d19f00b7586a8a,False,2,SCI/Atomic Web/03_Element_Cards/043_Tc_Technetium.png,C:\Users\joesh\Desktop\SCI\_ADD TO REPO\06 HELICAL RELATIVITY\06 ATOMIC WEB\03_Element_Cards\043_Tc_Technetium.png
SCI,_ADD TO REPO/06 HELICAL RELATIVITY/06 ATOMIC WEB/03_Element_Cards/044_Ru_Ruthenium.png,SCI/_ADD TO REPO/06 HELICAL RELATIVITY/06 ATOMIC WEB/03_Element_Cards/044_Ru_Ruthenium.png,.png,201956,2026-07-29T11:44:06.625508+00:00,7798ec1fa66a5c4fd4282e4d79ef68b894fae0851f6bc71cd1f6fff14318dd0f,False,2,SCI/Atomic Web/03_Element_Cards/044_Ru_Ruthenium.png,C:\Users\joesh\Desktop\SCI\_ADD TO REPO\06 HELICAL RELATIVITY\06 ATOMIC WEB\03_Element_Cards\044_Ru_Ruthenium.png
SCI,_ADD TO REPO/06 HELICAL RELATIVITY/06 ATOMIC WEB/03_Element_Cards/045_Rh_Rhodium.png,SCI/_ADD TO REPO/06 HELICAL RELATIVITY/06 ATOMIC WEB/03_Element_Cards/045_Rh_Rhodium.png,.png,203357,2026-07-29T11:44:06.573050+00:00,aa62412a87f2f85e1e2d38dcba3a77b70c5ff009e2fd714e477208a713f11728,False,2,SCI/Atomic Web/03_Element_Cards/045_Rh_Rhodium.png,C:\Users\joesh\Desktop\SCI\_ADD TO REPO\06 HELICAL RELATIVITY\06 ATOMIC WEB\03_Element_Cards\045_Rh_Rhodium.png
SCI,_ADD TO REPO/06 HELICAL RELATIVITY/06 ATOMIC WEB/03_Element_Cards/046_Pd_Palladium.png,SCI/_ADD TO REPO/06 HELICAL RELATIVITY/06 ATOMIC WEB/03_Element_Cards/046_Pd_Palladium.png,.png,194731,2026-07-29T11:44:06.620975+00:00,875ef55aff541edf503ec6325a07b03616e6dfff3265ec42f76df49b93a1e7c8,False,2,SCI/Atomic Web/03_Element_Cards/046_Pd_Palladium.png,C:\Users\joesh\Desktop\SCI\_ADD TO REPO\06 HELICAL RELATIVITY\06 ATOMIC WEB\03_Element_Cards\046_Pd_Palladium.png
SCI,_ADD TO REPO/06 HELICAL RELATIVITY/06 ATOMIC WEB/03_Element_Cards/047_Ag_Silver.png,SCI/_ADD TO REPO/06 HELICAL RELATIVITY/06 ATOMIC WEB/03_Element_Cards/047_Ag_Silver.png,.png,201880,2026-07-29T11:44:06.483291+00:00,ce28c99116fe2e98b9b13ea8b8b1a0d9e6a05f6af7aaa836a35386e96528eef0,False,2,SCI/Atomic Web/03_Element_Cards/047_Ag_Silver.png,C:\Users\joesh\Desktop\SCI\_ADD TO REPO\06 HELICAL RELATIVITY\06 ATOMIC WEB\03_Element_Cards\047_Ag_Silver.png
SCI,_ADD TO REPO/06 HELICAL RELATIVITY/06 ATOMIC WEB/03_Element_Cards/048_Cd_Cadmium.png,SCI/_ADD TO REPO/06 HELICAL RELATIVITY/06 ATOMIC WEB/03_Element_Cards/048_Cd_Cadmium.png,.png,204655,2026-07-29T11:44:06.499174+00:00,13a96eb7053ccdc829e5fdbc4b75e7dee9d0d37b89d5cb3ef1c5f8780bc0db96,False,2,SCI/Atomic Web/03_Element_Cards/048_Cd_Cadmium.png,C:\Users\joesh\Desktop\SCI\_ADD TO REPO\06 HELICAL RELATIVITY\06 ATOMIC WEB\03_Element_Cards\048_Cd_Cadmium.png
SCI,_ADD TO REPO/06 HELICAL RELATIVITY/06 ATOMIC WEB/03_Element_Cards/049_In_Indium.png,SCI/_ADD TO REPO/06 HELICAL RELATIVITY/06 ATOMIC WEB/03_Element_Cards/049_In_Indium.png,.png,203626,2026-07-29T11:44:06.488294+00:00,1d5370e50727aede1a2c410bead7afe890d0b000fcf2a77445a8ea2dee668b0b,False,2,SCI/Atomic Web/03_Element_Cards/049_In_Indium.png,C:\Users\joesh\Desktop\SCI\_ADD TO REPO\06 HELICAL RELATIVITY\06 ATOMIC WEB\03_Element_Cards\049_In_Indium.png
SCI,_ADD TO REPO/06 HELICAL RELATIVITY/06 ATOMIC WEB/03_Element_Cards/050_Sn_Tin.png,SCI/_ADD TO REPO/06 HELICAL RELATIVITY/06 ATOMIC WEB/03_Element_Cards/050_Sn_Tin.png,.png,204334,2026-07-29T11:44:06.615732+00:00,1f16f23cd22004e28ae6bf925d55ece6819e1be9f03cb69579fcaa3d74b81f88,False,2,SCI/Atomic Web/03_Element_Cards/050_Sn_Tin.png,C:\Users\joesh\Desktop\SCI\_ADD TO REPO\06 HELICAL RELATIVITY\06 ATOMIC WEB\03_Element_Cards\050_Sn_Tin.png
SCI,_ADD TO REPO/06 HELICAL RELATIVITY/06 ATOMIC WEB/03_Element_Cards/051_Sb_Antimony.png,SCI/_ADD TO REPO/06 HELICAL RELATIVITY/06 ATOMIC WEB/03_Element_Cards/051_Sb_Antimony.png,.png,206810,2026-07-29T11:44:06.522218+00:00,21d258cf885908c56422bca48bc1abfbd2355d81f09d4659f8f79bd62bc8a510,False,2,SCI/Atomic Web/03_Element_Cards/051_Sb_Antimony.png,C:\Users\joesh\Desktop\SCI\_ADD TO REPO\06 HELICAL RELATIVITY\06 ATOMIC WEB\03_Element_Cards\051_Sb_Antimony.png
SCI,_ADD TO REPO/06 HELICAL RELATIVITY/06 ATOMIC WEB/03_Element_Cards/052_Te_Tellurium.png,SCI/_ADD TO REPO/06 HELICAL RELATIVITY/06 ATOMIC WEB/03_Element_Cards/052_Te_Tellurium.png,.png,205454,2026-07-29T11:44:06.510055+00:00,3a1b9ac60c913ba6a2be7cd864c89b2480e943f9f2412645ce91db926929262a,False,2,SCI/Atomic Web/03_Element_Cards/052_Te_Tellurium.png,C:\Users\joesh\Desktop\SCI\_ADD TO REPO\06 HELICAL RELATIVITY\06 ATOMIC WEB\03_Element_Cards\052_Te_Tellurium.png
SCI,_ADD TO REPO/06 HELICAL RELATIVITY/06 ATOMIC WEB/03_Element_Cards/053_I_Iodine.png,SCI/_ADD TO REPO/06 HELICAL RELATIVITY/06 ATOMIC WEB/03_Element_Cards/053_I_Iodine.png,.png,202522,2026-07-29T11:44:06.607092+00:00,3c84fb8c45c8019d7668ad0bc78677862655589f364ee6efddb5e671c59f5164,False,2,SCI/Atomic Web/03_Element_Cards/053_I_Iodine.png,C:\Users\joesh\Desktop\SCI\_ADD TO REPO\06 HELICAL RELATIVITY\06 ATOMIC WEB\03_Element_Cards\053_I_Iodine.png
SCI,_ADD TO REPO/06 HELICAL RELATIVITY/06 ATOMIC WEB/03_Element_Cards/054_Xe_Xenon.png,SCI/_ADD TO REPO/06 HELICAL RELATIVITY/06 ATOMIC WEB/03_Element_Cards/054_Xe_Xenon.png,.png,205838,2026-07-29T11:44:06.537391+00:00,fc44e0021a5096f5a7438dec505db9e65b35718ee8c05e783f7039904a82c2a9,False,2,SCI/Atomic Web/03_Element_Cards/054_Xe_Xenon.png,C:\Users\joesh\Desktop\SCI\_ADD TO REPO\06 HELICAL RELATIVITY\06 ATOMIC WEB\03_Element_Cards\054_Xe_Xenon.png
SCI,_ADD TO REPO/06 HELICAL RELATIVITY/06 ATOMIC WEB/03_Element_Cards/055_Cs_Cesium.png,SCI/_ADD TO REPO/06 HELICAL RELATIVITY/06 ATOMIC WEB/03_Element_Cards/055_Cs_Cesium.png,.png,210637,2026-07-29T11:44:06.484823+00:00,75ede57240a357b6d47e25d47d01698ac37fb4220689a30256f80683f74f654b,False,2,SCI/Atomic Web/03_Element_Cards/055_Cs_Cesium.png,C:\Users\joesh\Desktop\SCI\_ADD TO REPO\06 HELICAL RELATIVITY\06 ATOMIC WEB\03_Element_Cards\055_Cs_Cesium.png
SCI,_ADD TO REPO/06 HELICAL RELATIVITY/06 ATOMIC WEB/03_Element_Cards/056_Ba_Barium.png,SCI/_ADD TO REPO/06 HELICAL RELATIVITY/06 ATOMIC WEB/03_Element_Cards/056_Ba_Barium.png,.png,213589,2026-07-29T11:44:06.556715+00:00,65a5097dc8d67c468d806d068e1944917f805bf6eb942c477219a3f03029789b,False,2,SCI/Atomic Web/03_Element_Cards/056_Ba_Barium.png,C:\Users\joesh\Desktop\SCI\_ADD TO REPO\06 HELICAL RELATIVITY\06 ATOMIC WEB\03_Element_Cards\056_Ba_Barium.png
SCI,_ADD TO REPO/06 HELICAL RELATIVITY/06 ATOMIC WEB/03_Element_Cards/057_La_Lanthanum.png,SCI/_ADD TO REPO/06 HELICAL RELATIVITY/06 ATOMIC WEB/03_Element_Cards/057_La_Lanthanum.png,.png,211159,2026-07-29T11:44:06.575969+00:00,8c955222019d270b3e7c7e610ba55e49dff2b7c13e11fcae63b7d2dfe04f26cb,False,2,SCI/Atomic Web/03_Element_Cards/057_La_Lanthanum.png,C:\Users\joesh\Desktop\SCI\_ADD TO REPO\06 HELICAL RELATIVITY\06 ATOMIC WEB\03_Element_Cards\057_La_Lanthanum.png
SCI,_ADD TO REPO/06 HELICAL RELATIVITY/06 ATOMIC WEB/03_Element_Cards/058_Ce_Cerium.png,SCI/_ADD TO REPO/06 HELICAL RELATIVITY/06 ATOMIC WEB/03_Element_Cards/058_Ce_Cerium.png,.png,213777,2026-07-29T11:44:06.629955+00:00,3cde30df2e31374b76dcb651b711388d9ce51cb19d68442586dcb5af94eba197,False,2,SCI/Atomic Web/03_Element_Cards/058_Ce_Cerium.png,C:\Users\joesh\Desktop\SCI\_ADD TO REPO\06 HELICAL RELATIVITY\06 ATOMIC WEB\03_Element_Cards\058_Ce_Cerium.png
SCI,_ADD TO REPO/06 HELICAL RELATIVITY/06 ATOMIC WEB/03_Element_Cards/059_Pr_Praseodymium.png,SCI/_ADD TO REPO/06 HELICAL RELATIVITY/06 ATOMIC WEB/03_Element_Cards/059_Pr_Praseodymium.png,.png,215092,2026-07-29T11:44:06.531090+00:00,72bc13585d190af5a7faebe2b3e87a7a38dd3fb4ecfc3649ee9aa75a6cfa2b59,False,2,SCI/Atomic Web/03_Element_Cards/059_Pr_Praseodymium.png,C:\Users\joesh\Desktop\SCI\_ADD TO REPO\06 HELICAL RELATIVITY\06 ATOMIC WEB\03_Element_Cards\059_Pr_Praseodymium.png
SCI,_ADD TO REPO/06 HELICAL RELATIVITY/06 ATOMIC WEB/03_Element_Cards/060_Nd_Neodymium.png,SCI/_ADD TO REPO/06 HELICAL RELATIVITY/06 ATOMIC WEB/03_Element_Cards/060_Nd_Neodymium.png,.png,215142,2026-07-29T11:44:06.637131+00:00,5fc28481d87b19cdb1340aa119c335113af00d2243115de2e7c38d1980474f2e,False,2,SCI/Atomic Web/03_Element_Cards/060_Nd_Neodymium.png,C:\Users\joesh\Desktop\SCI\_ADD TO REPO\06 HELICAL RELATIVITY\06 ATOMIC WEB\03_Element_Cards\060_Nd_Neodymium.png
SCI,_ADD TO REPO/06 HELICAL RELATIVITY/06 ATOMIC WEB/03_Element_Cards/061_Pm_Promethium.png,SCI/_ADD TO REPO/06 HELICAL RELATIVITY/06 ATOMIC WEB/03_Element_Cards/061_Pm_Promethium.png,.png,212399,2026-07-29T11:44:06.597419+00:00,bc0be36b10ba086afb3eea661c0748e313a407c8b832ad701c48ae69909cc2a2,False,2,SCI/Atomic Web/03_Element_Cards/061_Pm_Promethium.png,C:\Users\joesh\Desktop\SCI\_ADD TO REPO\06 HELICAL RELATIVITY\06 ATOMIC WEB\03_Element_Cards\061_Pm_Promethium.png
SCI,_ADD TO REPO/06 HELICAL RELATIVITY/06 ATOMIC WEB/03_Element_Cards/062_Sm_Samarium.png,SCI/_ADD TO REPO/06 HELICAL RELATIVITY/06 ATOMIC WEB/03_Element_Cards/062_Sm_Samarium.png,.png,217339,2026-07-29T11:44:06.527521+00:00,39ae5d3a7746340c3d6918f83d83eaea8f23b0e378586eb5c25d7ec05e19eeb3,False,2,SCI/Atomic Web/03_Element_Cards/062_Sm_Samarium.png,C:\Users\joesh\Desktop\SCI\_ADD TO REPO\06 HELICAL RELATIVITY\06 ATOMIC WEB\03_Element_Cards\062_Sm_Samarium.png
SCI,_ADD TO REPO/06 HELICAL RELATIVITY/06 ATOMIC WEB/03_Element_Cards/063_Eu_Europium.png,SCI/_ADD TO REPO/06 HELICAL RELATIVITY/06 ATOMIC WEB/03_Element_Cards/063_Eu_Europium.png,.png,214567,2026-07-29T11:44:06.622975+00:00,fb00d31009f752cfdd758adc1f681ab8f1fd52d5debb1a29fd14ea528197dd8c,False,2,SCI/Atomic Web/03_Element_Cards/063_Eu_Europium.png,C:\Users\joesh\Desktop\SCI\_ADD TO REPO\06 HELICAL RELATIVITY\06 ATOMIC WEB\03_Element_Cards\063_Eu_Europium.png
SCI,_ADD TO REPO/06 HELICAL RELATIVITY/06 ATOMIC WEB/03_Element_Cards/064_Gd_Gadolinium.png,SCI/_ADD TO REPO/06 HELICAL RELATIVITY/06 ATOMIC WEB/03_Element_Cards/064_Gd_Gadolinium.png,.png,217447,2026-07-29T11:44:06.544126+00:00,18357679160480becfded188af5e3c248006306bd9e6defeca633ff71238fefd,False,2,SCI/Atomic Web/03_Element_Cards/064_Gd_Gadolinium.png,C:\Users\joesh\Desktop\SCI\_ADD TO REPO\06 HELICAL RELATIVITY\06 ATOMIC WEB\03_Element_Cards\064_Gd_Gadolinium.png
SCI,_ADD TO REPO/06 HELICAL RELATIVITY/06 ATOMIC WEB/03_Element_Cards/065_Tb_Terbium.png,SCI/_ADD TO REPO/06 HELICAL RELATIVITY/06 ATOMIC WEB/03_Element_Cards/065_Tb_Terbium.png,.png,213751,2026-07-29T11:44:06.513288+00:00,aa8b1faefbd00226e2c9d145b6edb9a144a7aa2a7c582dbb6162eb9d928c0f61,False,2,SCI/Atomic Web/03_Element_Cards/065_Tb_Terbium.png,C:\Users\joesh\Desktop\SCI\_ADD TO REPO\06 HELICAL RELATIVITY\06 ATOMIC WEB\03_Element_Cards\065_Tb_Terbium.png
SCI,_ADD TO REPO/06 HELICAL RELATIVITY/06 ATOMIC WEB/03_Element_Cards/066_Dy_Dysprosium.png,SCI/_ADD TO REPO/06 HELICAL RELATIVITY/06 ATOMIC WEB/03_Element_Cards/066_Dy_Dysprosium.png,.png,218919,2026-07-29T11:44:06.524754+00:00,eb7ac63f2283c61923f2907c735561931f7eff654b7bd20a38da0abd80ccbebb,False,2,SCI/Atomic Web/03_Element_Cards/066_Dy_Dysprosium.png,C:\Users\joesh\Desktop\SCI\_ADD TO REPO\06 HELICAL RELATIVITY\06 ATOMIC WEB\03_Element_Cards\066_Dy_Dysprosium.png
SCI,_ADD TO REPO/06 HELICAL RELATIVITY/06 ATOMIC WEB/03_Element_Cards/067_Ho_Holmium.png,SCI/_ADD TO REPO/06 HELICAL RELATIVITY/06 ATOMIC WEB/03_Element_Cards/067_Ho_Holmium.png,.png,215940,2026-07-29T11:44:06.485665+00:00,07394c1ff2c0a6982a0ab0fcdf5f69635085ed2f94f6dce34422653358f0b0f0,False,2,SCI/Atomic Web/03_Element_Cards/067_Ho_Holmium.png,C:\Users\joesh\Desktop\SCI\_ADD TO REPO\06 HELICAL RELATIVITY\06 ATOMIC WEB\03_Element_Cards\067_Ho_Holmium.png
SCI,_ADD TO REPO/06 HELICAL RELATIVITY/06 ATOMIC WEB/03_Element_Cards/068_Er_Erbium.png,SCI/_ADD TO REPO/06 HELICAL RELATIVITY/06 ATOMIC WEB/03_Element_Cards/068_Er_Erbium.png,.png,213779,2026-07-29T11:44:06.580994+00:00,0e054b36c288cf0dfac7967241fa15a7fa792336426ef3c1533951dad68aa66a,False,2,SCI/Atomic Web/03_Element_Cards/068_Er_Erbium.png,C:\Users\joesh\Desktop\SCI\_ADD TO REPO\06 HELICAL RELATIVITY\06 ATOMIC WEB\03_Element_Cards\068_Er_Erbium.png
SCI,_ADD TO REPO/06 HELICAL RELATIVITY/06 ATOMIC WEB/03_Element_Cards/069_Tm_Thulium.png,SCI/_ADD TO REPO/06 HELICAL RELATIVITY/06 ATOMIC WEB/03_Element_Cards/069_Tm_Thulium.png,.png,214946,2026-07-29T11:44:06.585137+00:00,ea9d8d3f4846f72d71af9cc734ff011a76e05e35b601bb87fa652e3585c3b6ef,False,2,SCI/Atomic Web/03_Element_Cards/069_Tm_Thulium.png,C:\Users\joesh\Desktop\SCI\_ADD TO REPO\06 HELICAL RELATIVITY\06 ATOMIC WEB\03_Element_Cards\069_Tm_Thulium.png
SCI,_ADD TO REPO/06 HELICAL RELATIVITY/06 ATOMIC WEB/03_Element_Cards/070_Yb_Ytterbium.png,SCI/_ADD TO REPO/06 HELICAL RELATIVITY/06 ATOMIC WEB/03_Element_Cards/070_Yb_Ytterbium.png,.png,215763,2026-07-29T11:44:06.616785+00:00,f9e6af74ae98d028696c9c4e183a954aff92783ef1b2c1bc003ee7dd39fca564,False,2,SCI/Atomic Web/03_Element_Cards/070_Yb_Ytterbium.png,C:\Users\joesh\Desktop\SCI\_ADD TO REPO\06 HELICAL RELATIVITY\06 ATOMIC WEB\03_Element_Cards\070_Yb_Ytterbium.png
SCI,_ADD TO REPO/06 HELICAL RELATIVITY/06 ATOMIC WEB/03_Element_Cards/071_Lu_Lutetium.png,SCI/_ADD TO REPO/06 HELICAL RELATIVITY/06 ATOMIC WEB/03_Element_Cards/071_Lu_Lutetium.png,.png,212807,2026-07-29T11:44:06.606163+00:00,3e4648b4a4aaba896473a85c013b805bf6fd52b7c79ce05638cc1859aabb5d14,False,2,SCI/Atomic Web/03_Element_Cards/071_Lu_Lutetium.png,C:\Users\joesh\Desktop\SCI\_ADD TO REPO\06 HELICAL RELATIVITY\06 ATOMIC WEB\03_Element_Cards\071_Lu_Lutetium.png
SCI,_ADD TO REPO/06 HELICAL RELATIVITY/06 ATOMIC WEB/03_Element_Cards/072_Hf_Hafnium.png,SCI/_ADD TO REPO/06 HELICAL RELATIVITY/06 ATOMIC WEB/03_Element_Cards/072_Hf_Hafnium.png,.png,214980,2026-07-29T11:44:06.487294+00:00,31c4744dcef351f547e7b40ca2d35bad5bfff2deb3d203e65e4e2768434e6c29,False,2,SCI/Atomic Web/03_Element_Cards/072_Hf_Hafnium.png,C:\Users\joesh\Desktop\SCI\_ADD TO REPO\06 HELICAL RELATIVITY\06 ATOMIC WEB\03_Element_Cards\072_Hf_Hafnium.png
SCI,_ADD TO REPO/06 HELICAL RELATIVITY/06 ATOMIC WEB/03_Element_Cards/073_Ta_Tantalum.png,SCI/_ADD TO REPO/06 HELICAL RELATIVITY/06 ATOMIC WEB/03_Element_Cards/073_Ta_Tantalum.png,.png,216616,2026-07-29T11:44:06.574054+00:00,0cfc3e57a7a735b4dad07d6825399b0c650b202a3311005ec84da4fedae68b72,False,2,SCI/Atomic Web/03_Element_Cards/073_Ta_Tantalum.png,C:\Users\joesh\Desktop\SCI\_ADD TO REPO\06 HELICAL RELATIVITY\06 ATOMIC WEB\03_Element_Cards\073_Ta_Tantalum.png
SCI,_ADD TO REPO/06 HELICAL RELATIVITY/06 ATOMIC WEB/03_Element_Cards/074_W_Tungsten.png,SCI/_ADD TO REPO/06 HELICAL RELATIVITY/06 ATOMIC WEB/03_Element_Cards/074_W_Tungsten.png,.png,216908,2026-07-29T11:44:06.619474+00:00,0abbab7824babf47bf12486804ada49ed4bc26454661b29464e39ed76e984197,False,2,SCI/Atomic Web/03_Element_Cards/074_W_Tungsten.png,C:\Users\joesh\Desktop\SCI\_ADD TO REPO\06 HELICAL RELATIVITY\06 ATOMIC WEB\03_Element_Cards\074_W_Tungsten.png
SCI,_ADD TO REPO/06 HELICAL RELATIVITY/06 ATOMIC WEB/03_Element_Cards/075_Re_Rhenium.png,SCI/_ADD TO REPO/06 HELICAL RELATIVITY/06 ATOMIC WEB/03_Element_Cards/075_Re_Rhenium.png,.png,216390,2026-07-29T11:44:06.545155+00:00,a7eceabbc8cd28ab8a88890632d7a55bbc75938ed6643f965f9f47d5563a8f8f,False,2,SCI/Atomic Web/03_Element_Cards/075_Re_Rhenium.png,C:\Users\joesh\Desktop\SCI\_ADD TO REPO\06 HELICAL RELATIVITY\06 ATOMIC WEB\03_Element_Cards\075_Re_Rhenium.png
SCI,_ADD TO REPO/06 HELICAL RELATIVITY/06 ATOMIC WEB/03_Element_Cards/076_Os_Osmium.png,SCI/_ADD TO REPO/06 HELICAL RELATIVITY/06 ATOMIC WEB/03_Element_Cards/076_Os_Osmium.png,.png,218771,2026-07-29T11:44:06.621975+00:00,5c62ffd3ef4538903a8baf5a64d48ec3ec26196a1321986a3e609dc8696669fe,False,2,SCI/Atomic Web/03_Element_Cards/076_Os_Osmium.png,C:\Users\joesh\Desktop\SCI\_ADD TO REPO\06 HELICAL RELATIVITY\06 ATOMIC WEB\03_Element_Cards\076_Os_Osmium.png
SCI,_ADD TO REPO/06 HELICAL RELATIVITY/06 ATOMIC WEB/03_Element_Cards/077_Ir_Iridium.png,SCI/_ADD TO REPO/06 HELICAL RELATIVITY/06 ATOMIC WEB/03_Element_Cards/077_Ir_Iridium.png,.png,214499,2026-07-29T11:44:06.535093+00:00,78db60584821c843dc86cd7ad4ffee415ab73907e281d21a6b086690f3ce26b2,False,2,SCI/Atomic Web/03_Element_Cards/077_Ir_Iridium.png,C:\Users\joesh\Desktop\SCI\_ADD TO REPO\06 HELICAL RELATIVITY\06 ATOMIC WEB\03_Element_Cards\077_Ir_Iridium.png
SCI,_ADD TO REPO/06 HELICAL RELATIVITY/06 ATOMIC WEB/03_Element_Cards/078_Pt_Platinum.png,SCI/_ADD TO REPO/06 HELICAL RELATIVITY/06 ATOMIC WEB/03_Element_Cards/078_Pt_Platinum.png,.png,216882,2026-07-29T11:44:06.526257+00:00,84bedf66e3b21d04d05cf1eb5d059eb19e69ddd50b20d9d50f20c804df894730,False,2,SCI/Atomic Web/03_Element_Cards/078_Pt_Platinum.png,C:\Users\joesh\Desktop\SCI\_ADD TO REPO\06 HELICAL RELATIVITY\06 ATOMIC WEB\03_Element_Cards\078_Pt_Platinum.png
SCI,_ADD TO REPO/06 HELICAL RELATIVITY/06 ATOMIC WEB/03_Element_Cards/079_Au_Gold.png,SCI/_ADD TO REPO/06 HELICAL RELATIVITY/06 ATOMIC WEB/03_Element_Cards/079_Au_Gold.png,.png,217087,2026-07-29T11:44:06.592883+00:00,efcc522397036ed25d4dbb8b147906e85db0104551726a35ab8effd0e35f2561,False,2,SCI/Atomic Web/03_Element_Cards/079_Au_Gold.png,C:\Users\joesh\Desktop\SCI\_ADD TO REPO\06 HELICAL RELATIVITY\06 ATOMIC WEB\03_Element_Cards\079_Au_Gold.png
SCI,_ADD TO REPO/06 HELICAL RELATIVITY/06 ATOMIC WEB/03_Element_Cards/080_Hg_Mercury.png,SCI/_ADD TO REPO/06 HELICAL RELATIVITY/06 ATOMIC WEB/03_Element_Cards/080_Hg_Mercury.png,.png,219154,2026-07-29T11:44:06.561691+00:00,6a3b69e02af736c954a93566fffd4c93aefab190ff8b475e3eff68f09fb67e53,False,2,SCI/Atomic Web/03_Element_Cards/080_Hg_Mercury.png,C:\Users\joesh\Desktop\SCI\_ADD TO REPO\06 HELICAL RELATIVITY\06 ATOMIC WEB\03_Element_Cards\080_Hg_Mercury.png
SCI,_ADD TO REPO/06 HELICAL RELATIVITY/06 ATOMIC WEB/03_Element_Cards/081_Tl_Thallium.png,SCI/_ADD TO REPO/06 HELICAL RELATIVITY/06 ATOMIC WEB/03_Element_Cards/081_Tl_Thallium.png,.png,217689,2026-07-29T11:44:06.587453+00:00,79fd13eccbc2152ff851b1e90dd91dd518e3d56bbe9ef452251197e384c063a2,False,2,SCI/Atomic Web/03_Element_Cards/081_Tl_Thallium.png,C:\Users\joesh\Desktop\SCI\_ADD TO REPO\06 HELICAL RELATIVITY\06 ATOMIC WEB\03_Element_Cards\081_Tl_Thallium.png
SCI,_ADD TO REPO/06 HELICAL RELATIVITY/06 ATOMIC WEB/03_Element_Cards/082_Pb_Lead.png,SCI/_ADD TO REPO/06 HELICAL RELATIVITY/06 ATOMIC WEB/03_Element_Cards/082_Pb_Lead.png,.png,221860,2026-07-29T11:44:06.494526+00:00,a891300b2951b9e3dc4c83ab5956dc5c887a4f311a22bf6e092049fe49af04a0,False,2,SCI/Atomic Web/03_Element_Cards/082_Pb_Lead.png,C:\Users\joesh\Desktop\SCI\_ADD TO REPO\06 HELICAL RELATIVITY\06 ATOMIC WEB\03_Element_Cards\082_Pb_Lead.png
SCI,_ADD TO REPO/06 HELICAL RELATIVITY/06 ATOMIC WEB/03_Element_Cards/083_Bi_Bismuth.png,SCI/_ADD TO REPO/06 HELICAL RELATIVITY/06 ATOMIC WEB/03_Element_Cards/083_Bi_Bismuth.png,.png,220551,2026-07-29T11:44:06.593886+00:00,bf679886bd2abf6c69dc6c25a11665519563eea1468846310a4eefcb1d099481,False,2,SCI/Atomic Web/03_Element_Cards/083_Bi_Bismuth.png,C:\Users\joesh\Desktop\SCI\_ADD TO REPO\06 HELICAL RELATIVITY\06 ATOMIC WEB\03_Element_Cards\083_Bi_Bismuth.png
SCI,_ADD TO REPO/06 HELICAL RELATIVITY/06 ATOMIC WEB/03_Element_Cards/084_Po_Polonium.png,SCI/_ADD TO REPO/06 HELICAL RELATIVITY/06 ATOMIC WEB/03_Element_Cards/084_Po_Polonium.png,.png,219418,2026-07-29T11:44:06.501175+00:00,1a0cf46b6f5175a0f386c78038e3675577857d51dab6c36762a834a957527c09,False,2,SCI/Atomic Web/03_Element_Cards/084_Po_Polonium.png,C:\Users\joesh\Desktop\SCI\_ADD TO REPO\06 HELICAL RELATIVITY\06 ATOMIC WEB\03_Element_Cards\084_Po_Polonium.png
SCI,_ADD TO REPO/06 HELICAL RELATIVITY/06 ATOMIC WEB/03_Element_Cards/085_At_Astatine.png,SCI/_ADD TO REPO/06 HELICAL RELATIVITY/06 ATOMIC WEB/03_Element_Cards/085_At_Astatine.png,.png,218785,2026-07-29T11:44:06.611403+00:00,2466b03c9d2b7ab409e65adf934bb90676eabb0fa43beb486cce106e6a31e946,False,2,SCI/Atomic Web/03_Element_Cards/085_At_Astatine.png,C:\Users\joesh\Desktop\SCI\_ADD TO REPO\06 HELICAL RELATIVITY\06 ATOMIC WEB\03_Element_Cards\085_At_Astatine.png
SCI,_ADD TO REPO/06 HELICAL RELATIVITY/06 ATOMIC WEB/03_Element_Cards/086_Rn_Radon.png,SCI/_ADD TO REPO/06 HELICAL RELATIVITY/06 ATOMIC WEB/03_Element_Cards/086_Rn_Radon.png,.png,220808,2026-07-29T11:44:06.577470+00:00,b64109b07dc9853df3ab8323d556cf6fa444526d0bef1779d20f3f41be28224d,False,2,SCI/Atomic Web/03_Element_Cards/086_Rn_Radon.png,C:\Users\joesh\Desktop\SCI\_ADD TO REPO\06 HELICAL RELATIVITY\06 ATOMIC WEB\03_Element_Cards\086_Rn_Radon.png
SCI,_ADD TO REPO/06 HELICAL RELATIVITY/06 ATOMIC WEB/03_Element_Cards/087_Fr_Francium.png,SCI/_ADD TO REPO/06 HELICAL RELATIVITY/06 ATOMIC WEB/03_Element_Cards/087_Fr_Francium.png,.png,221439,2026-07-29T11:44:06.550198+00:00,11d22494d8e0d9de10a23c71602ef36fffb3a6089cc0f2e5192b1665113a7843,False,2,SCI/Atomic Web/03_Element_Cards/087_Fr_Francium.png,C:\Users\joesh\Desktop\SCI\_ADD TO REPO\06 HELICAL RELATIVITY\06 ATOMIC WEB\03_Element_Cards\087_Fr_Francium.png
SCI,_ADD TO REPO/06 HELICAL RELATIVITY/06 ATOMIC WEB/03_Element_Cards/088_Ra_Radium.png,SCI/_ADD TO REPO/06 HELICAL RELATIVITY/06 ATOMIC WEB/03_Element_Cards/088_Ra_Radium.png,.png,226125,2026-07-29T11:44:06.553868+00:00,4a147c5d1316767a87bcf2a60b379c4de4b610f29854ef6e162a2d2b0eec1236,False,2,SCI/Atomic Web/03_Element_Cards/088_Ra_Radium.png,C:\Users\joesh\Desktop\SCI\_ADD TO REPO\06 HELICAL RELATIVITY\06 ATOMIC WEB\03_Element_Cards\088_Ra_Radium.png
SCI,_ADD TO REPO/06 HELICAL RELATIVITY/06 ATOMIC WEB/03_Element_Cards/089_Ac_Actinium.png,SCI/_ADD TO REPO/06 HELICAL RELATIVITY/06 ATOMIC WEB/03_Element_Cards/089_Ac_Actinium.png,.png,222324,2026-07-29T11:44:06.523218+00:00,b1eb90b56129e40eacea1047d99c71960b73482940b6d42f842e6389e784a6da,False,2,SCI/Atomic Web/03_Element_Cards/089_Ac_Actinium.png,C:\Users\joesh\Desktop\SCI\_ADD TO REPO\06 HELICAL RELATIVITY\06 ATOMIC WEB\03_Element_Cards\089_Ac_Actinium.png
SCI,_ADD TO REPO/06 HELICAL RELATIVITY/06 ATOMIC WEB/03_Element_Cards/090_Th_Thorium.png,SCI/_ADD TO REPO/06 HELICAL RELATIVITY/06 ATOMIC WEB/03_Element_Cards/090_Th_Thorium.png,.png,222076,2026-07-29T11:44:06.502784+00:00,b2c7386a3b0d91ae272442e2e9578d1f3da7872eecb1dee06197f4d6f3f9d6e9,False,2,SCI/Atomic Web/03_Element_Cards/090_Th_Thorium.png,C:\Users\joesh\Desktop\SCI\_ADD TO REPO\06 HELICAL RELATIVITY\06 ATOMIC WEB\03_Element_Cards\090_Th_Thorium.png
SCI,_ADD TO REPO/06 HELICAL RELATIVITY/06 ATOMIC WEB/03_Element_Cards/091_Pa_Protactinium.png,SCI/_ADD TO REPO/06 HELICAL RELATIVITY/06 ATOMIC WEB/03_Element_Cards/091_Pa_Protactinium.png,.png,226010,2026-07-29T11:44:06.599734+00:00,a62cbdc02facb6f0b1c8a0e4343a89a8419e89b4c1921bbb574f9506b4b9e4a6,False,2,SCI/Atomic Web/03_Element_Cards/091_Pa_Protactinium.png,C:\Users\joesh\Desktop\SCI\_ADD TO REPO\06 HELICAL RELATIVITY\06 ATOMIC WEB\03_Element_Cards\091_Pa_Protactinium.png
SCI,_ADD TO REPO/06 HELICAL RELATIVITY/06 ATOMIC WEB/03_Element_Cards/092_U_Uranium.png,SCI/_ADD TO REPO/06 HELICAL RELATIVITY/06 ATOMIC WEB/03_Element_Cards/092_U_Uranium.png,.png,225357,2026-07-29T11:44:06.601207+00:00,a1b8092d4bbe3bfdbd66d9f3e69e239b37cd0e8a764e312177450b6f8a93df7c,False,2,SCI/Atomic Web/03_Element_Cards/092_U_Uranium.png,C:\Users\joesh\Desktop\SCI\_ADD TO REPO\06 HELICAL RELATIVITY\06 ATOMIC WEB\03_Element_Cards\092_U_Uranium.png
SCI,_ADD TO REPO/06 HELICAL RELATIVITY/06 ATOMIC WEB/03_Element_Cards/093_Np_Neptunium.png,SCI/_ADD TO REPO/06 HELICAL RELATIVITY/06 ATOMIC WEB/03_Element_Cards/093_Np_Neptunium.png,.png,225309,2026-07-29T11:44:06.609903+00:00,11573d0cc26ab642de805b4ca260ca2fe7ce0752c75f37589ac4b3cc467b29b5,False,2,SCI/Atomic Web/03_Element_Cards/093_Np_Neptunium.png,C:\Users\joesh\Desktop\SCI\_ADD TO REPO\06 HELICAL RELATIVITY\06 ATOMIC WEB\03_Element_Cards\093_Np_Neptunium.png
SCI,_ADD TO REPO/06 HELICAL RELATIVITY/06 ATOMIC WEB/03_Element_Cards/094_Pu_Plutonium.png,SCI/_ADD TO REPO/06 HELICAL RELATIVITY/06 ATOMIC WEB/03_Element_Cards/094_Pu_Plutonium.png,.png,225852,2026-07-29T11:44:06.508955+00:00,fcee846f9f482394bfd3a41277bda6bb93d949a5a74ba23436da5f462cdacde9,False,2,SCI/Atomic Web/03_Element_Cards/094_Pu_Plutonium.png,C:\Users\joesh\Desktop\SCI\_ADD TO REPO\06 HELICAL RELATIVITY\06 ATOMIC WEB\03_Element_Cards\094_Pu_Plutonium.png
SCI,_ADD TO REPO/06 HELICAL RELATIVITY/06 ATOMIC WEB/03_Element_Cards/095_Am_Americium.png,SCI/_ADD TO REPO/06 HELICAL RELATIVITY/06 ATOMIC WEB/03_Element_Cards/095_Am_Americium.png,.png,226546,2026-07-29T11:44:06.554900+00:00,3e4591bb4dc1c8f88de8badf68a0da7dbc1bd662908f25a7e7421a44fe76af79,False,2,SCI/Atomic Web/03_Element_Cards/095_Am_Americium.png,C:\Users\joesh\Desktop\SCI\_ADD TO REPO\06 HELICAL RELATIVITY\06 ATOMIC WEB\03_Element_Cards\095_Am_Americium.png
SCI,_ADD TO REPO/06 HELICAL RELATIVITY/06 ATOMIC WEB/03_Element_Cards/096_Cm_Curium.png,SCI/_ADD TO REPO/06 HELICAL RELATIVITY/06 ATOMIC WEB/03_Element_Cards/096_Cm_Curium.png,.png,226370,2026-07-29T11:44:06.563115+00:00,8fd4ebd09a93d3351bed91741c113d2f837d086d5463bf0a54d9761921fb2a04,False,2,SCI/Atomic Web/03_Element_Cards/096_Cm_Curium.png,C:\Users\joesh\Desktop\SCI\_ADD TO REPO\06 HELICAL RELATIVITY\06 ATOMIC WEB\03_Element_Cards\096_Cm_Curium.png
SCI,_ADD TO REPO/06 HELICAL RELATIVITY/06 ATOMIC WEB/03_Element_Cards/097_Bk_Berkelium.png,SCI/_ADD TO REPO/06 HELICAL RELATIVITY/06 ATOMIC WEB/03_Element_Cards/097_Bk_Berkelium.png,.png,225799,2026-07-29T11:44:06.532091+00:00,0955c4d6203a23ce29df4267ca53747ec840ba402bb882da96aa7623b7cb3f52,False,2,SCI/Atomic Web/03_Element_Cards/097_Bk_Berkelium.png,C:\Users\joesh\Desktop\SCI\_ADD TO REPO\06 HELICAL RELATIVITY\06 ATOMIC WEB\03_Element_Cards\097_Bk_Berkelium.png
SCI,_ADD TO REPO/06 HELICAL RELATIVITY/06 ATOMIC WEB/03_Element_Cards/098_Cf_Californium.png,SCI/_ADD TO REPO/06 HELICAL RELATIVITY/06 ATOMIC WEB/03_Element_Cards/098_Cf_Californium.png,.png,226497,2026-07-29T11:44:06.518055+00:00,7770c334f52add23b388a3febf022fac2cf3a5035fe699cffdf64c8c993beb56,False,2,SCI/Atomic Web/03_Element_Cards/098_Cf_Californium.png,C:\Users\joesh\Desktop\SCI\_ADD TO REPO\06 HELICAL RELATIVITY\06 ATOMIC WEB\03_Element_Cards\098_Cf_Californium.png
SCI,_ADD TO REPO/06 HELICAL RELATIVITY/06 ATOMIC WEB/03_Element_Cards/099_Es_Einsteinium.png,SCI/_ADD TO REPO/06 HELICAL RELATIVITY/06 ATOMIC WEB/03_Element_Cards/099_Es_Einsteinium.png,.png,225551,2026-07-29T11:44:06.497674+00:00,0d8a2517804297be0b5eb4faf5c5d015b9ee653b131e8e3df7789a1e7d4938f7,False,2,SCI/Atomic Web/03_Element_Cards/099_Es_Einsteinium.png,C:\Users\joesh\Desktop\SCI\_ADD TO REPO\06 HELICAL RELATIVITY\06 ATOMIC WEB\03_Element_Cards\099_Es_Einsteinium.png
SCI,_ADD TO REPO/06 HELICAL RELATIVITY/06 ATOMIC WEB/03_Element_Cards/100_Fm_Fermium.png,SCI/_ADD TO REPO/06 HELICAL RELATIVITY/06 ATOMIC WEB/03_Element_Cards/100_Fm_Fermium.png,.png,224495,2026-07-29T11:44:06.635224+00:00,21c61de503be3349ac256d67967e4ee1fb89b504737335c3f25779d871c11ba0,False,2,SCI/Atomic Web/03_Element_Cards/100_Fm_Fermium.png,C:\Users\joesh\Desktop\SCI\_ADD TO REPO\06 HELICAL RELATIVITY\06 ATOMIC WEB\03_Element_Cards\100_Fm_Fermium.png
SCI,_ADD TO REPO/06 HELICAL RELATIVITY/06 ATOMIC WEB/03_Element_Cards/101_Md_Mendelevium.png,SCI/_ADD TO REPO/06 HELICAL RELATIVITY/06 ATOMIC WEB/03_Element_Cards/101_Md_Mendelevium.png,.png,226058,2026-07-29T11:44:06.533091+00:00,b3a85260786d2429c5fb2adbacb3b9d8fb3b6e56643fabb84c6d060c4da4c654,False,2,SCI/Atomic Web/03_Element_Cards/101_Md_Mendelevium.png,C:\Users\joesh\Desktop\SCI\_ADD TO REPO\06 HELICAL RELATIVITY\06 ATOMIC WEB\03_Element_Cards\101_Md_Mendelevium.png
SCI,_ADD TO REPO/06 HELICAL RELATIVITY/06 ATOMIC WEB/03_Element_Cards/102_No_Nobelium.png,SCI/_ADD TO REPO/06 HELICAL RELATIVITY/06 ATOMIC WEB/03_Element_Cards/102_No_Nobelium.png,.png,226274,2026-07-29T11:44:06.630956+00:00,c0cc3c322740d830bf8e845bfc805a3e231547ba770d5fb88c51b877db98a543,False,2,SCI/Atomic Web/03_Element_Cards/102_No_Nobelium.png,C:\Users\joesh\Desktop\SCI\_ADD TO REPO\06 HELICAL RELATIVITY\06 ATOMIC WEB\03_Element_Cards\102_No_Nobelium.png
SCI,_ADD TO REPO/06 HELICAL RELATIVITY/06 ATOMIC WEB/03_Element_Cards/103_Lr_Lawrencium.png,SCI/_ADD TO REPO/06 HELICAL RELATIVITY/06 ATOMIC WEB/03_Element_Cards/103_Lr_Lawrencium.png,.png,226904,2026-07-29T11:44:06.547141+00:00,29f8a6945ae3db5020bf6d83ca3bb8f7e05e2f43052f5b2a06db26737fe7146a,False,2,SCI/Atomic Web/03_Element_Cards/103_Lr_Lawrencium.png,C:\Users\joesh\Desktop\SCI\_ADD TO REPO\06 HELICAL RELATIVITY\06 ATOMIC WEB\03_Element_Cards\103_Lr_Lawrencium.png
SCI,_ADD TO REPO/06 HELICAL RELATIVITY/06 ATOMIC WEB/03_Element_Cards/104_Rf_Rutherfordium.png,SCI/_ADD TO REPO/06 HELICAL RELATIVITY/06 ATOMIC WEB/03_Element_Cards/104_Rf_Rutherfordium.png,.png,227268,2026-07-29T11:44:06.582494+00:00,746ad95c172e9c908813cc2837106857bff51389144f9ad5dde1562f145cb77d,False,2,SCI/Atomic Web/03_Element_Cards/104_Rf_Rutherfordium.png,C:\Users\joesh\Desktop\SCI\_ADD TO REPO\06 HELICAL RELATIVITY\06 ATOMIC WEB\03_Element_Cards\104_Rf_Rutherfordium.png
SCI,_ADD TO REPO/06 HELICAL RELATIVITY/06 ATOMIC WEB/03_Element_Cards/105_Db_Dubnium.png,SCI/_ADD TO REPO/06 HELICAL RELATIVITY/06 ATOMIC WEB/03_Element_Cards/105_Db_Dubnium.png,.png,227650,2026-07-29T11:44:06.528590+00:00,45706f81edd5b7fee2b4eda504ae65585528bb339b2da820514ba84efea67254,False,2,SCI/Atomic Web/03_Element_Cards/105_Db_Dubnium.png,C:\Users\joesh\Desktop\SCI\_ADD TO REPO\06 HELICAL RELATIVITY\06 ATOMIC WEB\03_Element_Cards\105_Db_Dubnium.png
SCI,_ADD TO REPO/06 HELICAL RELATIVITY/06 ATOMIC WEB/03_Element_Cards/106_Sg_Seaborgium.png,SCI/_ADD TO REPO/06 HELICAL RELATIVITY/06 ATOMIC WEB/03_Element_Cards/106_Sg_Seaborgium.png,.png,230221,2026-07-29T11:44:06.492978+00:00,a7d5eab7ed5412ad4b6de78f1a041facdf0ee89f94a0ac79b969bd438e1c67b3,False,2,SCI/Atomic Web/03_Element_Cards/106_Sg_Seaborgium.png,C:\Users\joesh\Desktop\SCI\_ADD TO REPO\06 HELICAL RELATIVITY\06 ATOMIC WEB\03_Element_Cards\106_Sg_Seaborgium.png
SCI,_ADD TO REPO/06 HELICAL RELATIVITY/06 ATOMIC WEB/03_Element_Cards/107_Bh_Bohrium.png,SCI/_ADD TO REPO/06 HELICAL RELATIVITY/06 ATOMIC WEB/03_Element_Cards/107_Bh_Bohrium.png,.png,226807,2026-07-29T11:44:06.559216+00:00,a9708a1774c5e755fecc4602dc121e02962a84ef9efaf992aec4073a350bee70,False,2,SCI/Atomic Web/03_Element_Cards/107_Bh_Bohrium.png,C:\Users\joesh\Desktop\SCI\_ADD TO REPO\06 HELICAL RELATIVITY\06 ATOMIC WEB\03_Element_Cards\107_Bh_Bohrium.png
SCI,_ADD TO REPO/06 HELICAL RELATIVITY/06 ATOMIC WEB/03_Element_Cards/108_Hs_Hassium.png,SCI/_ADD TO REPO/06 HELICAL RELATIVITY/06 ATOMIC WEB/03_Element_Cards/108_Hs_Hassium.png,.png,229051,2026-07-29T11:44:06.491069+00:00,08bae5d703da416fe21f21099aa9c17dbb915a4081802179598dfc47491f0508,False,2,SCI/Atomic Web/03_Element_Cards/108_Hs_Hassium.png,C:\Users\joesh\Desktop\SCI\_ADD TO REPO\06 HELICAL RELATIVITY\06 ATOMIC WEB\03_Element_Cards\108_Hs_Hassium.png
SCI,_ADD TO REPO/06 HELICAL RELATIVITY/06 ATOMIC WEB/03_Element_Cards/109_Mt_Meitnerium.png,SCI/_ADD TO REPO/06 HELICAL RELATIVITY/06 ATOMIC WEB/03_Element_Cards/109_Mt_Meitnerium.png,.png,229388,2026-07-29T11:44:06.603315+00:00,49aa482da7a111e1909a0dda2ce659319d87d3cb935cc2845d94dd5acb13e9e1,False,2,SCI/Atomic Web/03_Element_Cards/109_Mt_Meitnerium.png,C:\Users\joesh\Desktop\SCI\_ADD TO REPO\06 HELICAL RELATIVITY\06 ATOMIC WEB\03_Element_Cards\109_Mt_Meitnerium.png
SCI,_ADD TO REPO/06 HELICAL RELATIVITY/06 ATOMIC WEB/03_Element_Cards/110_Ds_Darmstadtium.png,SCI/_ADD TO REPO/06 HELICAL RELATIVITY/06 ATOMIC WEB/03_Element_Cards/110_Ds_Darmstadtium.png,.png,232498,2026-07-29T11:44:06.632956+00:00,57ed728eb7c7d1a6aa06f9d3ddb5f87f415c38d9ea89262ffa99671c0d368637,False,2,SCI/Atomic Web/03_Element_Cards/110_Ds_Darmstadtium.png,C:\Users\joesh\Desktop\SCI\_ADD TO REPO\06 HELICAL RELATIVITY\06 ATOMIC WEB\03_Element_Cards\110_Ds_Darmstadtium.png
SCI,_ADD TO REPO/06 HELICAL RELATIVITY/06 ATOMIC WEB/03_Element_Cards/111_Rg_Roentgenium.png,SCI/_ADD TO REPO/06 HELICAL RELATIVITY/06 ATOMIC WEB/03_Element_Cards/111_Rg_Roentgenium.png,.png,231138,2026-07-29T11:44:06.515320+00:00,59c4d28e246cda5dce8084c34f64c853784682bd0329a3b063a6521c4ba83fac,False,2,SCI/Atomic Web/03_Element_Cards/111_Rg_Roentgenium.png,C:\Users\joesh\Desktop\SCI\_ADD TO REPO\06 HELICAL RELATIVITY\06 ATOMIC WEB\03_Element_Cards\111_Rg_Roentgenium.png
SCI,_ADD TO REPO/06 HELICAL RELATIVITY/06 ATOMIC WEB/03_Element_Cards/112_Cn_Copernicium.png,SCI/_ADD TO REPO/06 HELICAL RELATIVITY/06 ATOMIC WEB/03_Element_Cards/112_Cn_Copernicium.png,.png,231078,2026-07-29T11:44:06.588455+00:00,e232f4b3a9bbc70a8f92524f3dc2513dc88770ef5d2e9a5c70c0fdece7ece603,False,2,SCI/Atomic Web/03_Element_Cards/112_Cn_Copernicium.png,C:\Users\joesh\Desktop\SCI\_ADD TO REPO\06 HELICAL RELATIVITY\06 ATOMIC WEB\03_Element_Cards\112_Cn_Copernicium.png
SCI,_ADD TO REPO/06 HELICAL RELATIVITY/06 ATOMIC WEB/03_Element_Cards/113_Nh_Nihonium.png,SCI/_ADD TO REPO/06 HELICAL RELATIVITY/06 ATOMIC WEB/03_Element_Cards/113_Nh_Nihonium.png,.png,231447,2026-07-29T11:44:06.516822+00:00,b8580e10e620d1eba28175ec1da44335c10feddfa87cbaddf6af4311ead08084,False,2,SCI/Atomic Web/03_Element_Cards/113_Nh_Nihonium.png,C:\Users\joesh\Desktop\SCI\_ADD TO REPO\06 HELICAL RELATIVITY\06 ATOMIC WEB\03_Element_Cards\113_Nh_Nihonium.png
SCI,_ADD TO REPO/06 HELICAL RELATIVITY/06 ATOMIC WEB/03_Element_Cards/114_Fl_Flerovium.png,SCI/_ADD TO REPO/06 HELICAL RELATIVITY/06 ATOMIC WEB/03_Element_Cards/114_Fl_Flerovium.png,.png,231577,2026-07-29T11:44:06.566008+00:00,0cdcc8acc2bb949b3e233a1685b8189d7e23f8d0766e4e00c16be8319a13dec2,False,2,SCI/Atomic Web/03_Element_Cards/114_Fl_Flerovium.png,C:\Users\joesh\Desktop\SCI\_ADD TO REPO\06 HELICAL RELATIVITY\06 ATOMIC WEB\03_Element_Cards\114_Fl_Flerovium.png
SCI,_ADD TO REPO/06 HELICAL RELATIVITY/06 ATOMIC WEB/03_Element_Cards/115_Mc_Moscovium.png,SCI/_ADD TO REPO/06 HELICAL RELATIVITY/06 ATOMIC WEB/03_Element_Cards/115_Mc_Moscovium.png,.png,235593,2026-07-29T11:44:06.512286+00:00,83b2ca83ae9c01f9d1f58bb4c35123d90816118c751df3bd6986bb0d85a41aa9,False,2,SCI/Atomic Web/03_Element_Cards/115_Mc_Moscovium.png,C:\Users\joesh\Desktop\SCI\_ADD TO REPO\06 HELICAL RELATIVITY\06 ATOMIC WEB\03_Element_Cards\115_Mc_Moscovium.png
SCI,_ADD TO REPO/06 HELICAL RELATIVITY/06 ATOMIC WEB/03_Element_Cards/116_Lv_Livermorium.png,SCI/_ADD TO REPO/06 HELICAL RELATIVITY/06 ATOMIC WEB/03_Element_Cards/116_Lv_Livermorium.png,.png,233252,2026-07-29T11:44:06.613906+00:00,fafeee8e2489ced22a050d0d3e39a7f1a3dd0625ed0eb9bd4eca8fe71d45d708,False,2,SCI/Atomic Web/03_Element_Cards/116_Lv_Livermorium.png,C:\Users\joesh\Desktop\SCI\_ADD TO REPO\06 HELICAL RELATIVITY\06 ATOMIC WEB\03_Element_Cards\116_Lv_Livermorium.png
SCI,_ADD TO REPO/06 HELICAL RELATIVITY/06 ATOMIC WEB/03_Element_Cards/117_Ts_Tennessine.png,SCI/_ADD TO REPO/06 HELICAL RELATIVITY/06 ATOMIC WEB/03_Element_Cards/117_Ts_Tennessine.png,.png,231726,2026-07-29T11:44:06.591883+00:00,a0ee7489045d91146a439503fbe0cbbaec3291eb84407c65138f33a09e19b088,False,2,SCI/Atomic Web/03_Element_Cards/117_Ts_Tennessine.png,C:\Users\joesh\Desktop\SCI\_ADD TO REPO\06 HELICAL RELATIVITY\06 ATOMIC WEB\03_Element_Cards\117_Ts_Tennessine.png
SCI,_ADD TO REPO/06 HELICAL RELATIVITY/06 ATOMIC WEB/03_Element_Cards/118_Og_Oganesson.png,SCI/_ADD TO REPO/06 HELICAL RELATIVITY/06 ATOMIC WEB/03_Element_Cards/118_Og_Oganesson.png,.png,242442,2026-07-29T11:44:06.571894+00:00,4dd6df469b63adfefbe935ee580c3766b31aa06e360b7c85af2f2c0e3c8243e8,False,2,SCI/Atomic Web/03_Element_Cards/118_Og_Oganesson.png,C:\Users\joesh\Desktop\SCI\_ADD TO REPO\06 HELICAL RELATIVITY\06 ATOMIC WEB\03_Element_Cards\118_Og_Oganesson.png
SCI,_ADD TO REPO/06 HELICAL RELATIVITY/06 ATOMIC WEB/04_Data/atomic_web_elements_118.csv,SCI/_ADD TO REPO/06 HELICAL RELATIVITY/06 ATOMIC WEB/04_Data/atomic_web_elements_118.csv,.csv,31629,2026-07-29T11:44:06.476806+00:00,7e14b76507c26504048d0364478ab3c75060b676e7770e85aa57ce3b1f8dfaf2,False,2,SCI/Atomic Web/04_Data/atomic_web_elements_118.csv,C:\Users\joesh\Desktop\SCI\_ADD TO REPO\06 HELICAL RELATIVITY\06 ATOMIC WEB\04_Data\atomic_web_elements_118.csv
SCI,_ADD TO REPO/06 HELICAL RELATIVITY/06 ATOMIC WEB/04_Data/atomic_web_elements_118.json,SCI/_ADD TO REPO/06 HELICAL RELATIVITY/06 ATOMIC WEB/04_Data/atomic_web_elements_118.json,.json,108912,2026-07-29T11:44:06.479608+00:00,d3025bb7cdc53d2cd8bf71b365554f318c0ec607c6a739e39a8181ac3c83970b,False,2,SCI/Atomic Web/04_Data/atomic_web_elements_118.json,C:\Users\joesh\Desktop\SCI\_ADD TO REPO\06 HELICAL RELATIVITY\06 ATOMIC WEB\04_Data\atomic_web_elements_118.json
SCI,_ADD TO REPO/06 HELICAL RELATIVITY/06 ATOMIC WEB/04_Data/render_complete_atomic_web_png.py,SCI/_ADD TO REPO/06 HELICAL RELATIVITY/06 ATOMIC WEB/04_Data/render_complete_atomic_web_png.py,.py,50817,2026-07-29T11:44:06.478847+00:00,8ef4defe433463054b27670fbba9688c60221539da3b9b43fcd4c4a49750b5f5,False,2,SCI/Atomic Web/04_Data/render_complete_atomic_web_png.py,C:\Users\joesh\Desktop\SCI\_ADD TO REPO\06 HELICAL RELATIVITY\06 ATOMIC WEB\04_Data\render_complete_atomic_web_png.py
SCI,_ADD TO REPO/06 HELICAL RELATIVITY/06 ATOMIC WEB/05_Audit/audit_atomic_web_results.json,SCI/_ADD TO REPO/06 HELICAL RELATIVITY/06 ATOMIC WEB/05_Audit/audit_atomic_web_results.json,.json,429,2026-07-29T11:44:06.656118+00:00,809fbe17eccba642792ce2cdbad52331bdb24bed1ea099c4ab53878212cf06f8,False,2,SCI/Atomic Web/05_Audit/audit_atomic_web_results.json,C:\Users\joesh\Desktop\SCI\_ADD TO REPO\06 HELICAL RELATIVITY\06 ATOMIC WEB\05_Audit\audit_atomic_web_results.json
SCI,_ADD TO REPO/06 HELICAL RELATIVITY/06 ATOMIC WEB/05_Audit/audit_results_118.csv,SCI/_ADD TO REPO/06 HELICAL RELATIVITY/06 ATOMIC WEB/05_Audit/audit_results_118.csv,.csv,12391,2026-07-29T11:44:06.654088+00:00,ecc2a535e27755f34a91ac5ccd8a43cdab1b7079e6ce79e05ecd4a34bf9ea7f8,False,2,SCI/Atomic Web/05_Audit/audit_results_118.csv,C:\Users\joesh\Desktop\SCI\_ADD TO REPO\06 HELICAL RELATIVITY\06 ATOMIC WEB\05_Audit\audit_results_118.csv
SCI,_ADD TO REPO/06 HELICAL RELATIVITY/06 ATOMIC WEB/05_Audit/audit_summary.txt,SCI/_ADD TO REPO/06 HELICAL RELATIVITY/06 ATOMIC WEB/05_Audit/audit_summary.txt,.txt,808,2026-07-29T11:44:06.653085+00:00,9aa442e4b231ec72394fe442b476317702cffc5c0d9df4db082120fdbb1d284b,False,2,SCI/Atomic Web/05_Audit/audit_summary.txt,C:\Users\joesh\Desktop\SCI\_ADD TO REPO\06 HELICAL RELATIVITY\06 ATOMIC WEB\05_Audit\audit_summary.txt
SCI,_ADD TO REPO/06 HELICAL RELATIVITY/06 ATOMIC WEB/05_Audit/independent_audit.py,SCI/_ADD TO REPO/06 HELICAL RELATIVITY/06 ATOMIC WEB/05_Audit/independent_audit.py,.py,9360,2026-07-29T11:44:06.655116+00:00,f100dbf325a70815dd8e15fe33ba9d12c5edf85e6cc1549c846c20626431e5de,False,2,SCI/Atomic Web/05_Audit/independent_audit.py,C:\Users\joesh\Desktop\SCI\_ADD TO REPO\06 HELICAL RELATIVITY\06 ATOMIC WEB\05_Audit\independent_audit.py
SCI,_ADD TO REPO/06 HELICAL RELATIVITY/06 ATOMIC WEB/manifest.json,SCI/_ADD TO REPO/06 HELICAL RELATIVITY/06 ATOMIC WEB/manifest.json,.json,10920,2026-07-29T11:44:06.473072+00:00,ee9bae4c79449db396e8c3e56ac3cca1255d39b7b994f45b1cd6216545315f52,False,2,SCI/Atomic Web/manifest.json,C:\Users\joesh\Desktop\SCI\_ADD TO REPO\06 HELICAL RELATIVITY\06 ATOMIC WEB\manifest.json
SCI,_ADD TO REPO/06 HELICAL RELATIVITY/06 ATOMIC WEB/README.txt,SCI/_ADD TO REPO/06 HELICAL RELATIVITY/06 ATOMIC WEB/README.txt,.txt,1833,2026-07-29T11:44:06.474611+00:00,984d48760e2c6a7ebd1f5dffdd308f4d509db958eb5f9d6602a8bb82a6621a59,False,2,SCI/Atomic Web/README.txt,C:\Users\joesh\Desktop\SCI\_ADD TO REPO\06 HELICAL RELATIVITY\06 ATOMIC WEB\README.txt
SCI,_ADD TO REPO/06 HELICAL RELATIVITY/06 ATOMIC WEB/SHA256SUMS.txt,SCI/_ADD TO REPO/06 HELICAL RELATIVITY/06 ATOMIC WEB/SHA256SUMS.txt,.txt,14559,2026-07-29T11:44:06.651042+00:00,a99b16391342b84fd36fba3d93152a5dcbb024ea00e4504ad90f9f2c73d3c738,False,2,SCI/Atomic Web/SHA256SUMS.txt,C:\Users\joesh\Desktop\SCI\_ADD TO REPO\06 HELICAL RELATIVITY\06 ATOMIC WEB\SHA256SUMS.txt
SCI,_ADD TO REPO/06 HELICAL RELATIVITY/90 HISTORY/00 First draft - The Bubble Field.md,SCI/_ADD TO REPO/06 HELICAL RELATIVITY/90 HISTORY/00 First draft - The Bubble Field.md,.md,18139,2026-07-29T11:44:06.719018+00:00,4ae07297829a29c323e85daba897a821f8aa172a828429768cb7d8f052563686,False,6,SCI/Helical Relativity/04 Foundations/The Bubble Field(1).md,C:\Users\joesh\Desktop\SCI\_ADD TO REPO\06 HELICAL RELATIVITY\90 HISTORY\00 First draft - The Bubble Field.md
SCI,_ADD TO REPO/06 HELICAL RELATIVITY/90 HISTORY/Bubble_Field_Closure_Attack_G_Source_Weak_Leptons_Joseph_Shields.docx,SCI/_ADD TO REPO/06 HELICAL RELATIVITY/90 HISTORY/Bubble_Field_Closure_Attack_G_Source_Weak_Leptons_Joseph_Shields.docx,.docx,432720,2026-07-29T11:44:06.716089+00:00,bb6be69eabfa6c3bbcdd8ee9bbc79d2310acce371bc15b1e3cc95e7fa3eefe1d,False,5,MONOGRAPH/06 HELICAL RELATIVITY/90 HISTORY/Bubble_Field_Closure_Attack_G_Source_Weak_Leptons_Joseph_Shields.docx,C:\Users\joesh\Desktop\SCI\_ADD TO REPO\06 HELICAL RELATIVITY\90 HISTORY\Bubble_Field_Closure_Attack_G_Source_Weak_Leptons_Joseph_Shields.docx
SCI,_ADD TO REPO/06 HELICAL RELATIVITY/90 HISTORY/Bubble_Field_Closure_Attack_G_Source_Weak_Leptons_Joseph_Shields.pdf,SCI/_ADD TO REPO/06 HELICAL RELATIVITY/90 HISTORY/Bubble_Field_Closure_Attack_G_Source_Weak_Leptons_Joseph_Shields.pdf,.pdf,688393,2026-07-29T11:44:06.718018+00:00,3b7dc8a5b6a2d9f9eb01c2f288ac533f4a3aa685657689d2457e57840b43c486,False,5,MONOGRAPH/06 HELICAL RELATIVITY/90 HISTORY/Bubble_Field_Closure_Attack_G_Source_Weak_Leptons_Joseph_Shields.pdf,C:\Users\joesh\Desktop\SCI\_ADD TO REPO\06 HELICAL RELATIVITY\90 HISTORY\Bubble_Field_Closure_Attack_G_Source_Weak_Leptons_Joseph_Shields.pdf
SCI,_ADD TO REPO/06 HELICAL RELATIVITY/90 HISTORY/The_Bubble_Field_Compression_Boundary_Closure_Joseph_Shields.docx,SCI/_ADD TO REPO/06 HELICAL RELATIVITY/90 HISTORY/The_Bubble_Field_Compression_Boundary_Closure_Joseph_Shields.docx,.docx,595380,2026-07-29T11:44:06.707287+00:00,bfd20642585796fce447d8031a890259455194d95e69ca8e826b8986a17dc010,False,5,MONOGRAPH/06 HELICAL RELATIVITY/90 HISTORY/The_Bubble_Field_Compression_Boundary_Closure_Joseph_Shields.docx,C:\Users\joesh\Desktop\SCI\_ADD TO REPO\06 HELICAL RELATIVITY\90 HISTORY\The_Bubble_Field_Compression_Boundary_Closure_Joseph_Shields.docx
SCI,_ADD TO REPO/06 HELICAL RELATIVITY/90 HISTORY/The_Bubble_Field_Compression_Boundary_Closure_Joseph_Shields.pdf,SCI/_ADD TO REPO/06 HELICAL RELATIVITY/90 HISTORY/The_Bubble_Field_Compression_Boundary_Closure_Joseph_Shields.pdf,.pdf,842900,2026-07-29T11:44:06.709324+00:00,449f92368667d9dc4734dfad930af8a608a970340c52951828cb6ca3c58c80ef,False,5,MONOGRAPH/06 HELICAL RELATIVITY/90 HISTORY/The_Bubble_Field_Compression_Boundary_Closure_Joseph_Shields.pdf,C:\Users\joesh\Desktop\SCI\_ADD TO REPO\06 HELICAL RELATIVITY\90 HISTORY\The_Bubble_Field_Compression_Boundary_Closure_Joseph_Shields.pdf
SCI,_ADD TO REPO/06 HELICAL RELATIVITY/90 HISTORY/The_Bubble_Field_Compression_Boundary_Closure_Joseph_Shields_REFERENT_PRINCIPLE.docx,SCI/_ADD TO REPO/06 HELICAL RELATIVITY/90 HISTORY/The_Bubble_Field_Compression_Boundary_Closure_Joseph_Shields_REFERENT_PRINCIPLE.docx,.docx,596506,2026-07-29T11:44:06.711375+00:00,86b795f22bb01ee39ac6df9e45dc37d84b3680f9396ae21fd11fcbf7551f24d9,False,5,MONOGRAPH/06 HELICAL RELATIVITY/90 HISTORY/The_Bubble_Field_Compression_Boundary_Closure_Joseph_Shields_REFERENT_PRINCIPLE.docx,C:\Users\joesh\Desktop\SCI\_ADD TO REPO\06 HELICAL RELATIVITY\90 HISTORY\The_Bubble_Field_Compression_Boundary_Closure_Joseph_Shields_REFERENT_PRINCIPLE.docx
SCI,_ADD TO REPO/06 HELICAL RELATIVITY/90 HISTORY/The_Bubble_Field_Rigorous_Formulation_Joseph_Shields.docx,SCI/_ADD TO REPO/06 HELICAL RELATIVITY/90 HISTORY/The_Bubble_Field_Rigorous_Formulation_Joseph_Shields.docx,.docx,2333310,2026-07-29T11:44:06.713948+00:00,cfe602f13364d52d3b5e1b83e5c2e9476c9a18d60584b7a2137b551ebc5789fd,False,5,MONOGRAPH/06 HELICAL RELATIVITY/90 HISTORY/The_Bubble_Field_Rigorous_Formulation_Joseph_Shields.docx,C:\Users\joesh\Desktop\SCI\_ADD TO REPO\06 HELICAL RELATIVITY\90 HISTORY\The_Bubble_Field_Rigorous_Formulation_Joseph_Shields.docx
SCI,_ADD TO REPO/README.md,SCI/_ADD TO REPO/README.md,.md,7912,2026-07-29T11:46:04.187277+00:00,4db82dd9bc0a36d9e569f141576a2f31d46df5dc92bf8fae560c7d821f453878,True,2,SCI/_ADD TO REPO/README.md,C:\Users\joesh\Desktop\SCI\_ADD TO REPO\README.md
SCI,ADDENDA.zip,SCI/ADDENDA.zip,.zip,1021733,2026-07-30T06:47:54.393160+00:00,52d55c150104ee8c3cea955400cce5172c232329ab1009c53bddb9d13889d139,True,1,SCI/ADDENDA.zip,C:\Users\joesh\Desktop\SCI\ADDENDA.zip
SCI,ADDENDA/00 ADDENDA INDEX.md,SCI/ADDENDA/00 ADDENDA INDEX.md,.md,19783,2026-07-30T12:58:18.727016+00:00,b68c270752b8943acfefebd594531d165af385268df3e0475e914502bde277bc,False,2,MONOGRAPH/ADDENDA/00 ADDENDA INDEX.md,C:\Users\joesh\Desktop\SCI\ADDENDA\00 ADDENDA INDEX.md
SCI,ADDENDA/00 hash_addenda.py,SCI/ADDENDA/00 hash_addenda.py,.py,798,2026-07-30T03:17:43.511871+00:00,346d4b645de3b84e6dc8f6d75db4112968c9e56f53d29b242df82edc30f27b4e,True,1,SCI/ADDENDA/00 hash_addenda.py,C:\Users\joesh\Desktop\SCI\ADDENDA\00 hash_addenda.py
SCI,ADDENDA/A01 The Resolution Operator/SHA256SUMS.txt,SCI/ADDENDA/A01 The Resolution Operator/SHA256SUMS.txt,.txt,225,2026-07-30T12:58:18.826507+00:00,475203056bc04759d76a3e6678e42679ca623731c3124629bb26a6790f9e42a4,False,2,MONOGRAPH/ADDENDA/A01 The Resolution Operator/SHA256SUMS.txt,C:\Users\joesh\Desktop\SCI\ADDENDA\A01 The Resolution Operator\SHA256SUMS.txt
SCI,ADDENDA/A01 The Resolution Operator/The_Resolution_Operator_Joseph_Shields.docx,SCI/ADDENDA/A01 The Resolution Operator/The_Resolution_Operator_Joseph_Shields.docx,.docx,49368,2026-07-30T03:24:19.214335+00:00,f9d9b5b69613d40b400f31c1fe7c48a28c9b8a761c42d84c5c20c20af0857faa,False,2,MONOGRAPH/ADDENDA/A01 The Resolution Operator/The_Resolution_Operator_Joseph_Shields.docx,C:\Users\joesh\Desktop\SCI\ADDENDA\A01 The Resolution Operator\The_Resolution_Operator_Joseph_Shields.docx
SCI,ADDENDA/A01 The Resolution Operator/The_Resolution_Operator_Joseph_Shields.pdf,SCI/ADDENDA/A01 The Resolution Operator/The_Resolution_Operator_Joseph_Shields.pdf,.pdf,199547,2026-07-30T03:24:20.688646+00:00,4db4bd93cffe4cd507917e608faf817a1de586c788265e96584c317b10c75306,False,2,MONOGRAPH/ADDENDA/A01 The Resolution Operator/The_Resolution_Operator_Joseph_Shields.pdf,C:\Users\joesh\Desktop\SCI\ADDENDA\A01 The Resolution Operator\The_Resolution_Operator_Joseph_Shields.pdf
SCI,ADDENDA/A02 The Field Derivation Suite/SHA256SUMS.txt,SCI/ADDENDA/A02 The Field Derivation Suite/SHA256SUMS.txt,.txt,184,2026-07-30T12:58:18.827539+00:00,7d96383f5e596ad8a35c43e44be12c509925f3ada084678f16930bb52e805549,False,2,MONOGRAPH/ADDENDA/A02 The Field Derivation Suite/SHA256SUMS.txt,C:\Users\joesh\Desktop\SCI\ADDENDA\A02 The Field Derivation Suite\SHA256SUMS.txt
SCI,ADDENDA/A02 The Field Derivation Suite/um_field_suite.py,SCI/ADDENDA/A02 The Field Derivation Suite/um_field_suite.py,.py,19474,2026-07-30T03:18:05.991763+00:00,83dfd09e3c470d188ce7cce88c00ca49b293422bc0d9c1aaebacb8c04da4372c,True,1,SCI/ADDENDA/A02 The Field Derivation Suite/um_field_suite.py,C:\Users\joesh\Desktop\SCI\ADDENDA\A02 The Field Derivation Suite\um_field_suite.py
SCI,ADDENDA/A02 The Field Derivation Suite/um_field_suite_results.json,SCI/ADDENDA/A02 The Field Derivation Suite/um_field_suite_results.json,.json,13206,2026-07-30T03:18:06.011944+00:00,d770be1b04b36970826c81f83a190a9715a566b8e968162700b54350cc9f018b,False,2,MONOGRAPH/ADDENDA/A02 The Field Derivation Suite/um_field_suite_results.json,C:\Users\joesh\Desktop\SCI\ADDENDA\A02 The Field Derivation Suite\um_field_suite_results.json
SCI,ADDENDA/A03 The Forward Solver/SHA256SUMS.txt,SCI/ADDENDA/A03 The Forward Solver/SHA256SUMS.txt,.txt,305,2026-07-30T12:58:18.829657+00:00,43e8d27d0812d9a3b9639d72026358de997e0ac37208e1bc2e9377e854a82078,False,2,MONOGRAPH/ADDENDA/A03 The Forward Solver/SHA256SUMS.txt,C:\Users\joesh\Desktop\SCI\ADDENDA\A03 The Forward Solver\SHA256SUMS.txt
SCI,ADDENDA/A03 The Forward Solver/um_forward_solver.py,SCI/ADDENDA/A03 The Forward Solver/um_forward_solver.py,.py,13981,2026-07-30T03:18:06.046026+00:00,f12fd136cc5143e4991682e420d95402caf4fee450593bffc4ece4fc3a9ac2d2,True,1,SCI/ADDENDA/A03 The Forward Solver/um_forward_solver.py,C:\Users\joesh\Desktop\SCI\ADDENDA\A03 The Forward Solver\um_forward_solver.py
SCI,ADDENDA/A03 The Forward Solver/um_forward_solver_results.json,SCI/ADDENDA/A03 The Forward Solver/um_forward_solver_results.json,.json,2538,2026-07-30T04:13:10.637997+00:00,66407c6fd0bc614aa6392cb8d694b5d3ecfd993c59dea69e5c13d3655ced2c28,False,2,MONOGRAPH/ADDENDA/A03 The Forward Solver/um_forward_solver_results.json,C:\Users\joesh\Desktop\SCI\ADDENDA\A03 The Forward Solver\um_forward_solver_results.json
SCI,ADDENDA/A04 The Internal State Instrument/internal_state_instrument.py,SCI/ADDENDA/A04 The Internal State Instrument/internal_state_instrument.py,.py,7767,2026-07-30T03:39:39.151230+00:00,7946b66bf71a909785928c1ab756040cb5fddbafd07d799f338e486b26a3712c,True,1,SCI/ADDENDA/A04 The Internal State Instrument/internal_state_instrument.py,C:\Users\joesh\Desktop\SCI\ADDENDA\A04 The Internal State Instrument\internal_state_instrument.py
SCI,ADDENDA/A04 The Internal State Instrument/internal_state_instrument_results.json,SCI/ADDENDA/A04 The Internal State Instrument/internal_state_instrument_results.json,.json,6968,2026-07-30T03:40:32.798174+00:00,5ef4e78f5d033374c24bf16838d98413b181ef40380409a93e16cda3d3b2db81,False,2,MONOGRAPH/ADDENDA/A04 The Internal State Instrument/internal_state_instrument_results.json,C:\Users\joesh\Desktop\SCI\ADDENDA\A04 The Internal State Instrument\internal_state_instrument_results.json
SCI,ADDENDA/A04 The Internal State Instrument/SHA256SUMS.txt,SCI/ADDENDA/A04 The Internal State Instrument/SHA256SUMS.txt,.txt,443,2026-07-30T12:58:18.831655+00:00,7f24e0d516e111d311c8c51d8c80d0ae8c4e2ee22c584c0dc180dc765d18937b,False,2,MONOGRAPH/ADDENDA/A04 The Internal State Instrument/SHA256SUMS.txt,C:\Users\joesh\Desktop\SCI\ADDENDA\A04 The Internal State Instrument\SHA256SUMS.txt
SCI,ADDENDA/A04 The Internal State Instrument/The_Internal_State_Instrument_Joseph_Shields.docx,SCI/ADDENDA/A04 The Internal State Instrument/The_Internal_State_Instrument_Joseph_Shields.docx,.docx,49221,2026-07-30T03:45:40.889530+00:00,170696d2eb197c7308db96471244bf28d1082fdcd020c39885276ef370a00266,False,2,MONOGRAPH/ADDENDA/A04 The Internal State Instrument/The_Internal_State_Instrument_Joseph_Shields.docx,C:\Users\joesh\Desktop\SCI\ADDENDA\A04 The Internal State Instrument\The_Internal_State_Instrument_Joseph_Shields.docx
SCI,ADDENDA/A04 The Internal State Instrument/The_Internal_State_Instrument_Joseph_Shields.pdf,SCI/ADDENDA/A04 The Internal State Instrument/The_Internal_State_Instrument_Joseph_Shields.pdf,.pdf,231547,2026-07-30T03:52:16.557447+00:00,99925f34accc0751f52fc52fbbf46cad4bf70eb95470cad1add40c5174ead581,False,2,MONOGRAPH/ADDENDA/A04 The Internal State Instrument/The_Internal_State_Instrument_Joseph_Shields.pdf,C:\Users\joesh\Desktop\SCI\ADDENDA\A04 The Internal State Instrument\The_Internal_State_Instrument_Joseph_Shields.pdf
SCI,ADDENDA/A05 Prediction From The Colour Average/colour_average_prediction.png,SCI/ADDENDA/A05 Prediction From The Colour Average/colour_average_prediction.png,.png,420362,2026-07-30T04:52:09.597452+00:00,5b595ebace9cc34b5d7b260ee584a2b8ad2b04ed21b0e598b6fdde8fae06cbc8,False,2,MONOGRAPH/ADDENDA/A05 Prediction From The Colour Average/colour_average_prediction.png,C:\Users\joesh\Desktop\SCI\ADDENDA\A05 Prediction From The Colour Average\colour_average_prediction.png
SCI,ADDENDA/A05 Prediction From The Colour Average/colour_average_prediction.py,SCI/ADDENDA/A05 Prediction From The Colour Average/colour_average_prediction.py,.py,11991,2026-07-30T04:52:07.433761+00:00,722e3a8699ea778658224ca0b48d85bbf25a1bc8aef6075d53e9ea5721ef35c4,False,2,MONOGRAPH/ADDENDA/A05 Prediction From The Colour Average/colour_average_prediction.py,C:\Users\joesh\Desktop\SCI\ADDENDA\A05 Prediction From The Colour Average\colour_average_prediction.py
SCI,ADDENDA/A05 Prediction From The Colour Average/colour_average_prediction_results.json,SCI/ADDENDA/A05 Prediction From The Colour Average/colour_average_prediction_results.json,.json,3534,2026-07-30T04:52:08.919726+00:00,9793a4dfa44755b26ff53d454acba1e9c5b6172beda765477a0ed4444d1ebd82,False,2,MONOGRAPH/ADDENDA/A05 Prediction From The Colour Average/colour_average_prediction_results.json,C:\Users\joesh\Desktop\SCI\ADDENDA\A05 Prediction From The Colour Average\colour_average_prediction_results.json
SCI,ADDENDA/A05 Prediction From The Colour Average/SHA256SUMS.txt,SCI/ADDENDA/A05 Prediction From The Colour Average/SHA256SUMS.txt,.txt,305,2026-07-30T12:58:18.834158+00:00,48fdd62ac0683f75e03bceea538b35a98a716bf9f9223eca9483bf68de41c0ed,False,2,MONOGRAPH/ADDENDA/A05 Prediction From The Colour Average/SHA256SUMS.txt,C:\Users\joesh\Desktop\SCI\ADDENDA\A05 Prediction From The Colour Average\SHA256SUMS.txt
SCI,ADDENDA/A06 The Whole Thing Once/SHA256SUMS.txt,SCI/ADDENDA/A06 The Whole Thing Once/SHA256SUMS.txt,.txt,219,2026-07-30T12:58:18.835745+00:00,14a7b14f5ea081326302aba2f09f729137409ce29700e04e02cdfce1cb70d329,False,2,MONOGRAPH/ADDENDA/A06 The Whole Thing Once/SHA256SUMS.txt,C:\Users\joesh\Desktop\SCI\ADDENDA\A06 The Whole Thing Once\SHA256SUMS.txt
SCI,ADDENDA/A06 The Whole Thing Once/The_Whole_Thing_Once_Joseph_Shields.docx,SCI/ADDENDA/A06 The Whole Thing Once/The_Whole_Thing_Once_Joseph_Shields.docx,.docx,59530,2026-07-30T05:46:33.115335+00:00,350cb07bf21ca9276f9c2d8c8c60bdbb17d38f115118b428ec717b52841cc856,False,2,MONOGRAPH/ADDENDA/A06 The Whole Thing Once/The_Whole_Thing_Once_Joseph_Shields.docx,C:\Users\joesh\Desktop\SCI\ADDENDA\A06 The Whole Thing Once\The_Whole_Thing_Once_Joseph_Shields.docx
SCI,ADDENDA/A06 The Whole Thing Once/The_Whole_Thing_Once_Joseph_Shields.pdf,SCI/ADDENDA/A06 The Whole Thing Once/The_Whole_Thing_Once_Joseph_Shields.pdf,.pdf,365997,2026-07-30T05:46:34.786374+00:00,de8b13f41933489b7fa53b089945d8f4af8673739ae1b1e261b8343808a9e7da,False,2,MONOGRAPH/ADDENDA/A06 The Whole Thing Once/The_Whole_Thing_Once_Joseph_Shields.pdf,C:\Users\joesh\Desktop\SCI\ADDENDA\A06 The Whole Thing Once\The_Whole_Thing_Once_Joseph_Shields.pdf
SCI,ADDENDA/A07 Helical Multiplication/helical_multiplication.py,SCI/ADDENDA/A07 Helical Multiplication/helical_multiplication.py,.py,7823,2026-07-30T06:05:02.085219+00:00,92b803a6b4f3de064b09b7e363796ca7170046399f58a6c2a1b43551418df50c,False,2,MONOGRAPH/ADDENDA/A07 Helical Multiplication/helical_multiplication.py,C:\Users\joesh\Desktop\SCI\ADDENDA\A07 Helical Multiplication\helical_multiplication.py
SCI,ADDENDA/A07 Helical Multiplication/helical_multiplication_results.json,SCI/ADDENDA/A07 Helical Multiplication/helical_multiplication_results.json,.json,4391,2026-07-30T06:05:26.369711+00:00,40c4f0fa4696dd6e4b04d764fc5b091c64fea392881aa9dc77292075d6e821b5,False,2,MONOGRAPH/ADDENDA/A07 Helical Multiplication/helical_multiplication_results.json,C:\Users\joesh\Desktop\SCI\ADDENDA\A07 Helical Multiplication\helical_multiplication_results.json
SCI,ADDENDA/A07 Helical Multiplication/SHA256SUMS.txt,SCI/ADDENDA/A07 Helical Multiplication/SHA256SUMS.txt,.txt,200,2026-07-30T12:58:18.837384+00:00,8fd212a671d6d021860a28a69c5a6d16bd8ee7cb5851436391564a768e002ad0,False,2,MONOGRAPH/ADDENDA/A07 Helical Multiplication/SHA256SUMS.txt,C:\Users\joesh\Desktop\SCI\ADDENDA\A07 Helical Multiplication\SHA256SUMS.txt
SCI,ADDENDA/A08 The Calculator/NOTES.md,SCI/ADDENDA/A08 The Calculator/NOTES.md,.md,2337,2026-07-30T06:46:51.916278+00:00,02e272284e889c4abc6650420136efe8fb6b36140a9d1ac91cee4a45fd0f6551,True,1,SCI/ADDENDA/A08 The Calculator/NOTES.md,C:\Users\joesh\Desktop\SCI\ADDENDA\A08 The Calculator\NOTES.md
SCI,ADDENDA/A08 The Calculator/SHA256SUMS.txt,SCI/ADDENDA/A08 The Calculator/SHA256SUMS.txt,.txt,974,2026-07-30T12:58:18.840580+00:00,71a72a366a756c8d8df30b46f9157e5f3a9f38b83fc49d830c68871038529ad9,False,2,MONOGRAPH/ADDENDA/A08 The Calculator/SHA256SUMS.txt,C:\Users\joesh\Desktop\SCI\ADDENDA\A08 The Calculator\SHA256SUMS.txt
SCI,ADDENDA/A08 The Calculator/um_assemble.py,SCI/ADDENDA/A08 The Calculator/um_assemble.py,.py,4009,2026-07-30T06:45:13.200999+00:00,a78df11023e13383016e6d3c433d6732efd87dbd6e8b6a2a00c917993297e7a7,True,1,SCI/ADDENDA/A08 The Calculator/um_assemble.py,C:\Users\joesh\Desktop\SCI\ADDENDA\A08 The Calculator\um_assemble.py
SCI,ADDENDA/A08 The Calculator/um_assemble_results.json,SCI/ADDENDA/A08 The Calculator/um_assemble_results.json,.json,2656,2026-07-30T06:45:14.875411+00:00,f70bf799afc4f7e3e37e5b3138cc021fb4e13c44f69ca957d573f3d4ba8720a6,False,2,MONOGRAPH/ADDENDA/A08 The Calculator/um_assemble_results.json,C:\Users\joesh\Desktop\SCI\ADDENDA\A08 The Calculator\um_assemble_results.json
SCI,ADDENDA/A08 The Calculator/um_calculator.py,SCI/ADDENDA/A08 The Calculator/um_calculator.py,.py,11657,2026-07-30T06:30:24.200585+00:00,4ca8e00034a432c877f3266350f19745e3173ac35ae8712cb297baed8fee7eb6,False,2,MONOGRAPH/ADDENDA/A08 The Calculator/um_calculator.py,C:\Users\joesh\Desktop\SCI\ADDENDA\A08 The Calculator\um_calculator.py
SCI,ADDENDA/A08 The Calculator/um_calculator_results.json,SCI/ADDENDA/A08 The Calculator/um_calculator_results.json,.json,12108,2026-07-30T06:30:59.696727+00:00,e11accfabd11ce8e5dfa5476528010d4552a7995d96a27b0b28a9398e572c91b,False,2,MONOGRAPH/ADDENDA/A08 The Calculator/um_calculator_results.json,C:\Users\joesh\Desktop\SCI\ADDENDA\A08 The Calculator\um_calculator_results.json
SCI,ADDENDA/A08 The Calculator/um_chain.py,SCI/ADDENDA/A08 The Calculator/um_chain.py,.py,4907,2026-07-30T06:39:53.441202+00:00,3ab4a6c522f5eeb9c56c0b4b385f01d6c1552b9143e30f1c52c0fcaf650212d4,True,1,SCI/ADDENDA/A08 The Calculator/um_chain.py,C:\Users\joesh\Desktop\SCI\ADDENDA\A08 The Calculator\um_chain.py
SCI,ADDENDA/A08 The Calculator/um_chain_results.json,SCI/ADDENDA/A08 The Calculator/um_chain_results.json,.json,4043,2026-07-30T06:39:55.239342+00:00,3d700981bbf1faae01598f5b7ccd0bdf197749ae88e50f902b67c751f6eced6a,False,2,MONOGRAPH/ADDENDA/A08 The Calculator/um_chain_results.json,C:\Users\joesh\Desktop\SCI\ADDENDA\A08 The Calculator\um_chain_results.json
SCI,ADDENDA/A08 The Calculator/um_consensus.py,SCI/ADDENDA/A08 The Calculator/um_consensus.py,.py,8616,2026-07-30T06:37:53.523324+00:00,a4a3bb258e47c8a5ab0de737e1a1b968a8ba8f55b39f7d59cbfa74e0255fadae,False,2,MONOGRAPH/ADDENDA/A08 The Calculator/um_consensus.py,C:\Users\joesh\Desktop\SCI\ADDENDA\A08 The Calculator\um_consensus.py
SCI,ADDENDA/A08 The Calculator/um_consensus_results.json,SCI/ADDENDA/A08 The Calculator/um_consensus_results.json,.json,6384,2026-07-30T06:37:55.055373+00:00,012150132f2a7788e3aea13c8cb6f1316ed663c416c0ec4b070260c054025008,False,2,MONOGRAPH/ADDENDA/A08 The Calculator/um_consensus_results.json,C:\Users\joesh\Desktop\SCI\ADDENDA\A08 The Calculator\um_consensus_results.json
SCI,ADDENDA/A08 The Calculator/um_realisation.py,SCI/ADDENDA/A08 The Calculator/um_realisation.py,.py,4564,2026-07-30T06:42:43.207577+00:00,5f7cf135cd13308126c3c8b385bda42de7b439ea709b0366a23c4b2e10c068d6,True,1,SCI/ADDENDA/A08 The Calculator/um_realisation.py,C:\Users\joesh\Desktop\SCI\ADDENDA\A08 The Calculator\um_realisation.py
SCI,ADDENDA/A08 The Calculator/um_realisation_results.json,SCI/ADDENDA/A08 The Calculator/um_realisation_results.json,.json,2398,2026-07-30T06:42:44.822342+00:00,e2855a9783b4190c84fc089cb14878c1ad077118e7f0c354454df044ab823d70,False,2,MONOGRAPH/ADDENDA/A08 The Calculator/um_realisation_results.json,C:\Users\joesh\Desktop\SCI\ADDENDA\A08 The Calculator\um_realisation_results.json
SCI,ADDENDA/A09 The Master Equation/figures/a09_f1_operator.png,SCI/ADDENDA/A09 The Master Equation/figures/a09_f1_operator.png,.png,262711,2026-07-30T11:44:52.270117+00:00,0a4cc8fa0092bff45efa60f83a5cc0b45f42ecbe616f736f35b0d9bbb04f3fdf,False,2,MONOGRAPH/ADDENDA/A09 The Master Equation/figures/a09_f1_operator.png,C:\Users\joesh\Desktop\SCI\ADDENDA\A09 The Master Equation\figures\a09_f1_operator.png
SCI,ADDENDA/A09 The Master Equation/figures/a09_f2_channels.png,SCI/ADDENDA/A09 The Master Equation/figures/a09_f2_channels.png,.png,272691,2026-07-30T11:44:52.285594+00:00,e1e1f7455a463c5703139c91474cfbab38a5b1bfc3b317a6cfc4f2222db96b4c,False,2,MONOGRAPH/ADDENDA/A09 The Master Equation/figures/a09_f2_channels.png,C:\Users\joesh\Desktop\SCI\ADDENDA\A09 The Master Equation\figures\a09_f2_channels.png
SCI,ADDENDA/A09 The Master Equation/figures/a09_f3_pulls.png,SCI/ADDENDA/A09 The Master Equation/figures/a09_f3_pulls.png,.png,199351,2026-07-30T11:44:52.300101+00:00,f327c7e499df8c2ced28d2cfdb6e49914c51e87577f6449bfd61ba6a04a9542e,False,2,MONOGRAPH/ADDENDA/A09 The Master Equation/figures/a09_f3_pulls.png,C:\Users\joesh\Desktop\SCI\ADDENDA\A09 The Master Equation\figures\a09_f3_pulls.png
SCI,ADDENDA/A09 The Master Equation/figures/a09_f4_payment.png,SCI/ADDENDA/A09 The Master Equation/figures/a09_f4_payment.png,.png,143083,2026-07-30T11:44:52.307656+00:00,a1d9e45e10424bb1af2ee65899e13ce4a530e13b5daf3b212d07683c69d50d9b,False,2,MONOGRAPH/ADDENDA/A09 The Master Equation/figures/a09_f4_payment.png,C:\Users\joesh\Desktop\SCI\ADDENDA\A09 The Master Equation\figures\a09_f4_payment.png
SCI,ADDENDA/A09 The Master Equation/figures/a09_f5_loo.png,SCI/ADDENDA/A09 The Master Equation/figures/a09_f5_loo.png,.png,197010,2026-07-30T11:44:52.322787+00:00,24b1d6c32e279c945a1ee0a98f2bc6a641ea2e979638512a6cdb497d64615efa,False,2,MONOGRAPH/ADDENDA/A09 The Master Equation/figures/a09_f5_loo.png,C:\Users\joesh\Desktop\SCI\ADDENDA\A09 The Master Equation\figures\a09_f5_loo.png
SCI,ADDENDA/A09 The Master Equation/figures/a09_f6_subsets.png,SCI/ADDENDA/A09 The Master Equation/figures/a09_f6_subsets.png,.png,212032,2026-07-30T11:44:52.337223+00:00,aa198ec4b2fd7d609f35c97b05806f51d6332ea2500f878bfe043fc69df40c47,False,2,MONOGRAPH/ADDENDA/A09 The Master Equation/figures/a09_f6_subsets.png,C:\Users\joesh\Desktop\SCI\ADDENDA\A09 The Master Equation\figures\a09_f6_subsets.png
SCI,ADDENDA/A09 The Master Equation/figures/a09_f7_candidate.png,SCI/ADDENDA/A09 The Master Equation/figures/a09_f7_candidate.png,.png,250392,2026-07-30T11:44:52.345338+00:00,ea751e80c5711bdb3a8979c10da16afa5edd12692d39355ed397bd3974586185,False,2,MONOGRAPH/ADDENDA/A09 The Master Equation/figures/a09_f7_candidate.png,C:\Users\joesh\Desktop\SCI\ADDENDA\A09 The Master Equation\figures\a09_f7_candidate.png
SCI,ADDENDA/A09 The Master Equation/make_a09_plates.py,SCI/ADDENDA/A09 The Master Equation/make_a09_plates.py,.py,24827,2026-07-30T11:52:14.252063+00:00,b70268c385dd31c0180d3257950b2522234eebbeb7558d17b54227928c06a990,True,1,SCI/ADDENDA/A09 The Master Equation/make_a09_plates.py,C:\Users\joesh\Desktop\SCI\ADDENDA\A09 The Master Equation\make_a09_plates.py
SCI,ADDENDA/A09 The Master Equation/master_equation_cosmology.py,SCI/ADDENDA/A09 The Master Equation/master_equation_cosmology.py,.py,19961,2026-07-30T12:25:24.966690+00:00,2a459aac96cd3cec554ae4ef1e1880da4718476dc3592ec0e19ecb76b0a3bc45,True,1,SCI/ADDENDA/A09 The Master Equation/master_equation_cosmology.py,C:\Users\joesh\Desktop\SCI\ADDENDA\A09 The Master Equation\master_equation_cosmology.py
SCI,ADDENDA/A09 The Master Equation/master_equation_results.json,SCI/ADDENDA/A09 The Master Equation/master_equation_results.json,.json,12722,2026-07-30T12:25:36.846948+00:00,43e908ce677a55dbe01969fcf05bd83a09a4b3af311de32e8af16874a63e75e7,False,2,MONOGRAPH/ADDENDA/A09 The Master Equation/master_equation_results.json,C:\Users\joesh\Desktop\SCI\ADDENDA\A09 The Master Equation\master_equation_results.json
SCI,ADDENDA/A09 The Master Equation/NOTES.md,SCI/ADDENDA/A09 The Master Equation/NOTES.md,.md,7496,2026-07-30T12:57:53.520952+00:00,3a4d04631ae38dcccdb18fc99fb284919a73e47f4fb222e0fefc0b5320c5419a,False,2,MONOGRAPH/ADDENDA/A09 The Master Equation/NOTES.md,C:\Users\joesh\Desktop\SCI\ADDENDA\A09 The Master Equation\NOTES.md
SCI,ADDENDA/A09 The Master Equation/SHA256SUMS.txt,SCI/ADDENDA/A09 The Master Equation/SHA256SUMS.txt,.txt,1249,2026-07-30T12:58:18.848986+00:00,e8b7af0b4b252d130867d2a1e513b3e7abe4d168ab155f7084684fbdf7baf6a1,False,2,MONOGRAPH/ADDENDA/A09 The Master Equation/SHA256SUMS.txt,C:\Users\joesh\Desktop\SCI\ADDENDA\A09 The Master Equation\SHA256SUMS.txt
SCI,ADDENDA/A09 The Master Equation/The_Master_Equation_Joseph_Shields.docx,SCI/ADDENDA/A09 The Master Equation/The_Master_Equation_Joseph_Shields.docx,.docx,1479988,2026-07-30T11:51:01.101864+00:00,f760aeaddcb0053be88d9afa4f05e5557e8ca5eb2533669846ca44bfc7050de0,False,2,MONOGRAPH/ADDENDA/A09 The Master Equation/The_Master_Equation_Joseph_Shields.docx,C:\Users\joesh\Desktop\SCI\ADDENDA\A09 The Master Equation\The_Master_Equation_Joseph_Shields.docx
SCI,ADDENDA/A09 The Master Equation/The_Master_Equation_Joseph_Shields.pdf,SCI/ADDENDA/A09 The Master Equation/The_Master_Equation_Joseph_Shields.pdf,.pdf,1107292,2026-07-30T11:51:03.978813+00:00,db30a4cc5c96656aff7fa504c8efd25b572d55e3d1089397bebef67f148cf5b5,False,2,MONOGRAPH/ADDENDA/A09 The Master Equation/The_Master_Equation_Joseph_Shields.pdf,C:\Users\joesh\Desktop\SCI\ADDENDA\A09 The Master Equation\The_Master_Equation_Joseph_Shields.pdf
SCI,ADDENDA/A10 The Bubble Field Audit/bubble_audit.py,SCI/ADDENDA/A10 The Bubble Field Audit/bubble_audit.py,.py,9769,2026-07-31T05:56:28.640324+00:00,9cea0e789994765e89340d5d193e3ac777d40c242626abc1e6651d01b50278d3,False,2,SCI/Informational Least Action/bubble_audit.py,C:\Users\joesh\Desktop\SCI\ADDENDA\A10 The Bubble Field Audit\bubble_audit.py
SCI,ADDENDA/A10 The Bubble Field Audit/bubble_audit_output.txt,SCI/ADDENDA/A10 The Bubble Field Audit/bubble_audit_output.txt,.txt,6303,2026-07-31T05:56:29.573893+00:00,ad4ac3163025c618ef02b586cde198223010dd10dfc8b71a6a677ca8f51938a8,True,1,SCI/ADDENDA/A10 The Bubble Field Audit/bubble_audit_output.txt,C:\Users\joesh\Desktop\SCI\ADDENDA\A10 The Bubble Field Audit\bubble_audit_output.txt
SCI,ADDENDA/ADDENDUM PROTOCOL.md,SCI/ADDENDA/ADDENDUM PROTOCOL.md,.md,2525,2026-07-30T03:17:23.089483+00:00,672eab5cbd0774836a9ecac5618933b249e2c41c977a8125c75a2f5ae1b8b7ec,True,1,SCI/ADDENDA/ADDENDUM PROTOCOL.md,C:\Users\joesh\Desktop\SCI\ADDENDA\ADDENDUM PROTOCOL.md
SCI,Atomic Web/01_Master_Plates/00_helical_atomic_tree_118_intuitive.png,SCI/Atomic Web/01_Master_Plates/00_helical_atomic_tree_118_intuitive.png,.png,2997929,2026-07-29T11:25:06.864718+00:00,c2a43b50636df2a330798e4a602af189862cb0ce0d48747fd8491b24c1995f01,True,2,SCI/Atomic Web/01_Master_Plates/00_helical_atomic_tree_118_intuitive.png,C:\Users\joesh\Desktop\SCI\Atomic Web\01_Master_Plates\00_helical_atomic_tree_118_intuitive.png
SCI,Atomic Web/01_Master_Plates/01_complete_periodic_table_118.png,SCI/Atomic Web/01_Master_Plates/01_complete_periodic_table_118.png,.png,1076878,2026-07-29T11:25:06.868134+00:00,1faf78035fd03051e5b617abcc767b56daa50f61df2ba3aab6c63fc356316a63,True,2,SCI/Atomic Web/01_Master_Plates/01_complete_periodic_table_118.png,C:\Users\joesh\Desktop\SCI\Atomic Web\01_Master_Plates\01_complete_periodic_table_118.png
SCI,Atomic Web/01_Master_Plates/02_radial_atomic_tree_118.png,SCI/Atomic Web/01_Master_Plates/02_radial_atomic_tree_118.png,.png,1759388,2026-07-29T11:25:06.869135+00:00,62dceddce0191e05c511b51dc63eff01b3d2802cb98e85eb4d9d614503cb0a14,True,2,SCI/Atomic Web/01_Master_Plates/02_radial_atomic_tree_118.png,C:\Users\joesh\Desktop\SCI\Atomic Web\01_Master_Plates\02_radial_atomic_tree_118.png
SCI,Atomic Web/01_Master_Plates/03_elemental_relationship_web_118.png,SCI/Atomic Web/01_Master_Plates/03_elemental_relationship_web_118.png,.png,952721,2026-07-29T11:25:06.862218+00:00,4a9e9c9922df9d4da0242ad2d9fbbe14ea09102cd0165c0cfb36f005f4da22bc,True,2,SCI/Atomic Web/01_Master_Plates/03_elemental_relationship_web_118.png,C:\Users\joesh\Desktop\SCI\Atomic Web\01_Master_Plates\03_elemental_relationship_web_118.png
SCI,Atomic Web/01_Master_Plates/04_decay_relationships_and_nuclide_rules.png,SCI/Atomic Web/01_Master_Plates/04_decay_relationships_and_nuclide_rules.png,.png,911017,2026-07-29T11:25:06.866552+00:00,0b53483b316061a14c6c995186e57315c0e578cc446b5221570bee23f0e7df53,True,2,SCI/Atomic Web/01_Master_Plates/04_decay_relationships_and_nuclide_rules.png,C:\Users\joesh\Desktop\SCI\Atomic Web\01_Master_Plates\04_decay_relationships_and_nuclide_rules.png
SCI,Atomic Web/01_Master_Plates/05_helical_gravity_compression_118.png,SCI/Atomic Web/01_Master_Plates/05_helical_gravity_compression_118.png,.png,736742,2026-07-29T11:25:06.871139+00:00,8a6e2414b8dee746c3ec07b7355d98ed8c23b47de588fd09fc6a77a595b0797d,True,2,SCI/Atomic Web/01_Master_Plates/05_helical_gravity_compression_118.png,C:\Users\joesh\Desktop\SCI\Atomic Web\01_Master_Plates\05_helical_gravity_compression_118.png
SCI,Atomic Web/02_Atlas_Boards/atomic_web_atlas_001_030.png,SCI/Atomic Web/02_Atlas_Boards/atomic_web_atlas_001_030.png,.png,2292701,2026-07-29T11:25:06.667046+00:00,bd684810a75b693f13b0349e0639f3f0ebb007724bae8c5c0bdf98d1daeb6d14,True,2,SCI/Atomic Web/02_Atlas_Boards/atomic_web_atlas_001_030.png,C:\Users\joesh\Desktop\SCI\Atomic Web\02_Atlas_Boards\atomic_web_atlas_001_030.png
SCI,Atomic Web/02_Atlas_Boards/atomic_web_atlas_031_060.png,SCI/Atomic Web/02_Atlas_Boards/atomic_web_atlas_031_060.png,.png,2810732,2026-07-29T11:25:06.674046+00:00,0364060357081e1c736d27491c793339a12e3e8e01e62cbb500cba59fa773fbf,True,2,SCI/Atomic Web/02_Atlas_Boards/atomic_web_atlas_031_060.png,C:\Users\joesh\Desktop\SCI\Atomic Web\02_Atlas_Boards\atomic_web_atlas_031_060.png
SCI,Atomic Web/02_Atlas_Boards/atomic_web_atlas_061_090.png,SCI/Atomic Web/02_Atlas_Boards/atomic_web_atlas_061_090.png,.png,3149784,2026-07-29T11:25:06.671046+00:00,c922faf81a9220555b3d3a15562944dd5de864c3ca15dc93edaa41a1efbf378f,True,2,SCI/Atomic Web/02_Atlas_Boards/atomic_web_atlas_061_090.png,C:\Users\joesh\Desktop\SCI\Atomic Web\02_Atlas_Boards\atomic_web_atlas_061_090.png
SCI,Atomic Web/02_Atlas_Boards/atomic_web_atlas_091_118.png,SCI/Atomic Web/02_Atlas_Boards/atomic_web_atlas_091_118.png,.png,3239665,2026-07-29T11:25:06.664479+00:00,423dc51d7b7ffa149d98622c231814406a6d9567b16ceb9ca31fdef3d4ec0bc6,True,2,SCI/Atomic Web/02_Atlas_Boards/atomic_web_atlas_091_118.png,C:\Users\joesh\Desktop\SCI\Atomic Web\02_Atlas_Boards\atomic_web_atlas_091_118.png
SCI,Atomic Web/03_Element_Cards/001_H_Hydrogen.png,SCI/Atomic Web/03_Element_Cards/001_H_Hydrogen.png,.png,163608,2026-07-29T11:25:06.808034+00:00,24aba405ff23e0ed4513a86d2671b54e5041f893cdbea961ea08aa9d8ffaed92,True,2,SCI/Atomic Web/03_Element_Cards/001_H_Hydrogen.png,C:\Users\joesh\Desktop\SCI\Atomic Web\03_Element_Cards\001_H_Hydrogen.png
SCI,Atomic Web/03_Element_Cards/002_He_Helium.png,SCI/Atomic Web/03_Element_Cards/002_He_Helium.png,.png,159822,2026-07-29T11:25:06.858631+00:00,1393a5227c703b00d5bcff1f333c37beb685c4d2891f76f7e5ec8ed04987ee54,True,2,SCI/Atomic Web/03_Element_Cards/002_He_Helium.png,C:\Users\joesh\Desktop\SCI\Atomic Web\03_Element_Cards\002_He_Helium.png
SCI,Atomic Web/03_Element_Cards/003_Li_Lithium.png,SCI/Atomic Web/03_Element_Cards/003_Li_Lithium.png,.png,167267,2026-07-29T11:25:06.791696+00:00,7b39e352bfd06f8942b8bff01e8eb59d5d32ea51a0ce59e4fd1ccc61864931ed,True,2,SCI/Atomic Web/03_Element_Cards/003_Li_Lithium.png,C:\Users\joesh\Desktop\SCI\Atomic Web\03_Element_Cards\003_Li_Lithium.png
SCI,Atomic Web/03_Element_Cards/004_Be_Beryllium.png,SCI/Atomic Web/03_Element_Cards/004_Be_Beryllium.png,.png,172857,2026-07-29T11:25:06.789591+00:00,44a06bf4fe931dfeb87b0f1c700b55480a11b22868024f98089d097a08cfc438,True,2,SCI/Atomic Web/03_Element_Cards/004_Be_Beryllium.png,C:\Users\joesh\Desktop\SCI\Atomic Web\03_Element_Cards\004_Be_Beryllium.png
SCI,Atomic Web/03_Element_Cards/005_B_Boron.png,SCI/Atomic Web/03_Element_Cards/005_B_Boron.png,.png,173756,2026-07-29T11:25:06.833007+00:00,b787679acd8b2e4350b97b1b83ff00e628da6ea62a717bdee4e393bd9f54b3c9,True,2,SCI/Atomic Web/03_Element_Cards/005_B_Boron.png,C:\Users\joesh\Desktop\SCI\Atomic Web\03_Element_Cards\005_B_Boron.png
SCI,Atomic Web/03_Element_Cards/006_C_Carbon.png,SCI/Atomic Web/03_Element_Cards/006_C_Carbon.png,.png,173803,2026-07-29T11:25:06.701248+00:00,18029a76a4b559d003ab4f1b4cc613c378d4234f12476f2bc652570704072364,True,2,SCI/Atomic Web/03_Element_Cards/006_C_Carbon.png,C:\Users\joesh\Desktop\SCI\Atomic Web\03_Element_Cards\006_C_Carbon.png
SCI,Atomic Web/03_Element_Cards/007_N_Nitrogen.png,SCI/Atomic Web/03_Element_Cards/007_N_Nitrogen.png,.png,174521,2026-07-29T11:25:06.848624+00:00,5bdd600e354edbf14ce4a33b4ae2ed6178405d1fc1853f65491aa8a86d0c1e98,True,2,SCI/Atomic Web/03_Element_Cards/007_N_Nitrogen.png,C:\Users\joesh\Desktop\SCI\Atomic Web\03_Element_Cards\007_N_Nitrogen.png
SCI,Atomic Web/03_Element_Cards/008_O_Oxygen.png,SCI/Atomic Web/03_Element_Cards/008_O_Oxygen.png,.png,173903,2026-07-29T11:25:06.756170+00:00,99f2a7502d67648df42e7d0456f542081f8db192780c7b7cb023962d56d87141,True,2,SCI/Atomic Web/03_Element_Cards/008_O_Oxygen.png,C:\Users\joesh\Desktop\SCI\Atomic Web\03_Element_Cards\008_O_Oxygen.png
SCI,Atomic Web/03_Element_Cards/009_F_Fluorine.png,SCI/Atomic Web/03_Element_Cards/009_F_Fluorine.png,.png,171838,2026-07-29T11:25:06.842174+00:00,281c8b862c94028280abef7ec33fc2fd1e144a48c216665100f66b3acef4e428,True,2,SCI/Atomic Web/03_Element_Cards/009_F_Fluorine.png,C:\Users\joesh\Desktop\SCI\Atomic Web\03_Element_Cards\009_F_Fluorine.png
SCI,Atomic Web/03_Element_Cards/010_Ne_Neon.png,SCI/Atomic Web/03_Element_Cards/010_Ne_Neon.png,.png,172580,2026-07-29T11:25:06.761418+00:00,cc3c6badcc42d11bf5f0ae5f8bae4e93e065cc4cb40b153592e122b4e34c9e12,True,2,SCI/Atomic Web/03_Element_Cards/010_Ne_Neon.png,C:\Users\joesh\Desktop\SCI\Atomic Web\03_Element_Cards\010_Ne_Neon.png
SCI,Atomic Web/03_Element_Cards/011_Na_Sodium.png,SCI/Atomic Web/03_Element_Cards/011_Na_Sodium.png,.png,180143,2026-07-29T11:25:06.721246+00:00,84b16f15ce72a5415ae17a0decda85614ccf4ecafa8b6e1bb0370f81b16a702c,True,2,SCI/Atomic Web/03_Element_Cards/011_Na_Sodium.png,C:\Users\joesh\Desktop\SCI\Atomic Web\03_Element_Cards\011_Na_Sodium.png
SCI,Atomic Web/03_Element_Cards/012_Mg_Magnesium.png,SCI/Atomic Web/03_Element_Cards/012_Mg_Magnesium.png,.png,183506,2026-07-29T11:25:06.822534+00:00,dd6483d6a821e70b2da3ec34a2c5761792b99283c85408a27bbefb2b667d968a,True,2,SCI/Atomic Web/03_Element_Cards/012_Mg_Magnesium.png,C:\Users\joesh\Desktop\SCI\Atomic Web\03_Element_Cards\012_Mg_Magnesium.png
SCI,Atomic Web/03_Element_Cards/013_Al_Aluminum.png,SCI/Atomic Web/03_Element_Cards/013_Al_Aluminum.png,.png,183082,2026-07-29T11:25:06.776200+00:00,e3e1a0ec3c8c83547ec9ac6e983336879bb2976b7abb6a32c500ef57309d20a0,True,2,SCI/Atomic Web/03_Element_Cards/013_Al_Aluminum.png,C:\Users\joesh\Desktop\SCI\Atomic Web\03_Element_Cards\013_Al_Aluminum.png
SCI,Atomic Web/03_Element_Cards/014_Si_Silicon.png,SCI/Atomic Web/03_Element_Cards/014_Si_Silicon.png,.png,183390,2026-07-29T11:25:06.851129+00:00,b6344bb386160fa021a3a059b5d531db6aaf5b5e56d22628b406b69dc48b6a88,True,2,SCI/Atomic Web/03_Element_Cards/014_Si_Silicon.png,C:\Users\joesh\Desktop\SCI\Atomic Web\03_Element_Cards\014_Si_Silicon.png
SCI,Atomic Web/03_Element_Cards/015_P_Phosphorus.png,SCI/Atomic Web/03_Element_Cards/015_P_Phosphorus.png,.png,187101,2026-07-29T11:25:06.737249+00:00,da013d0f9306678289c62c10feb72a452ffec149416dd825b433a2cb4e1ee290,True,2,SCI/Atomic Web/03_Element_Cards/015_P_Phosphorus.png,C:\Users\joesh\Desktop\SCI\Atomic Web\03_Element_Cards\015_P_Phosphorus.png
SCI,Atomic Web/03_Element_Cards/016_S_Sulfur.png,SCI/Atomic Web/03_Element_Cards/016_S_Sulfur.png,.png,184242,2026-07-29T11:25:06.733248+00:00,2ac79a3c4c872916d6ee36d09e51c48e244fd9002ae96f1976ee8023c92b996a,True,2,SCI/Atomic Web/03_Element_Cards/016_S_Sulfur.png,C:\Users\joesh\Desktop\SCI\Atomic Web\03_Element_Cards\016_S_Sulfur.png
SCI,Atomic Web/03_Element_Cards/017_Cl_Chlorine.png,SCI/Atomic Web/03_Element_Cards/017_Cl_Chlorine.png,.png,183841,2026-07-29T11:25:06.802985+00:00,2fed19fcc12569980c06a8d7fa240926a29b31ceb20fe09ba9674497f684faae,True,2,SCI/Atomic Web/03_Element_Cards/017_Cl_Chlorine.png,C:\Users\joesh\Desktop\SCI\Atomic Web\03_Element_Cards\017_Cl_Chlorine.png
SCI,Atomic Web/03_Element_Cards/018_Ar_Argon.png,SCI/Atomic Web/03_Element_Cards/018_Ar_Argon.png,.png,185266,2026-07-29T11:25:06.784328+00:00,6aff09d74ad184d07bb11fb8f442b2ff73105a9e670c4e5f1ff5a589eb10091b,True,2,SCI/Atomic Web/03_Element_Cards/018_Ar_Argon.png,C:\Users\joesh\Desktop\SCI\Atomic Web\03_Element_Cards\018_Ar_Argon.png
SCI,Atomic Web/03_Element_Cards/019_K_Potassium.png,SCI/Atomic Web/03_Element_Cards/019_K_Potassium.png,.png,191315,2026-07-29T11:25:06.794375+00:00,427107c2fbd03f53684b15fdde6756290faa9fd7965f8731338d398926f44c87,True,2,SCI/Atomic Web/03_Element_Cards/019_K_Potassium.png,C:\Users\joesh\Desktop\SCI\Atomic Web\03_Element_Cards\019_K_Potassium.png
SCI,Atomic Web/03_Element_Cards/020_Ca_Calcium.png,SCI/Atomic Web/03_Element_Cards/020_Ca_Calcium.png,.png,192791,2026-07-29T11:25:06.835914+00:00,2930e370428541e92397ac915dc90293b7f99660d7c67033d20a7951d3cbb05d,True,2,SCI/Atomic Web/03_Element_Cards/020_Ca_Calcium.png,C:\Users\joesh\Desktop\SCI\Atomic Web\03_Element_Cards\020_Ca_Calcium.png
SCI,Atomic Web/03_Element_Cards/021_Sc_Scandium.png,SCI/Atomic Web/03_Element_Cards/021_Sc_Scandium.png,.png,193322,2026-07-29T11:25:06.732248+00:00,2505a155c1f5e92aba345b25bbcef650c7136b94139f3c87fe7345085d777e40,True,2,SCI/Atomic Web/03_Element_Cards/021_Sc_Scandium.png,C:\Users\joesh\Desktop\SCI\Atomic Web\03_Element_Cards\021_Sc_Scandium.png
SCI,Atomic Web/03_Element_Cards/022_Ti_Titanium.png,SCI/Atomic Web/03_Element_Cards/022_Ti_Titanium.png,.png,191861,2026-07-29T11:25:06.765016+00:00,4024f3d5a9db949ae69338306362bc3623c358ec1d8769e4fdc2954c86bb3042,True,2,SCI/Atomic Web/03_Element_Cards/022_Ti_Titanium.png,C:\Users\joesh\Desktop\SCI\Atomic Web\03_Element_Cards\022_Ti_Titanium.png
SCI,Atomic Web/03_Element_Cards/023_V_Vanadium.png,SCI/Atomic Web/03_Element_Cards/023_V_Vanadium.png,.png,194291,2026-07-29T11:25:06.825569+00:00,4642482f06e44a909f191077ef7b3b6daff7895a2516404c25b147cfc7156748,True,2,SCI/Atomic Web/03_Element_Cards/023_V_Vanadium.png,C:\Users\joesh\Desktop\SCI\Atomic Web\03_Element_Cards\023_V_Vanadium.png
SCI,Atomic Web/03_Element_Cards/024_Cr_Chromium.png,SCI/Atomic Web/03_Element_Cards/024_Cr_Chromium.png,.png,194989,2026-07-29T11:25:06.772806+00:00,b59b423546cafb2af3e8c5127a8d0233b3a0e024e25206dddbd181c051170e99,True,2,SCI/Atomic Web/03_Element_Cards/024_Cr_Chromium.png,C:\Users\joesh\Desktop\SCI\Atomic Web\03_Element_Cards\024_Cr_Chromium.png
SCI,Atomic Web/03_Element_Cards/025_Mn_Manganese.png,SCI/Atomic Web/03_Element_Cards/025_Mn_Manganese.png,.png,196323,2026-07-29T11:25:06.810683+00:00,25891c5d5d3d01d97c7f55271536d6ab2cb34b3450f8e051f8f433fc122a7391,True,2,SCI/Atomic Web/03_Element_Cards/025_Mn_Manganese.png,C:\Users\joesh\Desktop\SCI\Atomic Web\03_Element_Cards\025_Mn_Manganese.png
SCI,Atomic Web/03_Element_Cards/026_Fe_Iron.png,SCI/Atomic Web/03_Element_Cards/026_Fe_Iron.png,.png,193932,2026-07-29T11:25:06.716745+00:00,5d974c055670b67ee2f3562149bc4a72a3af9110f7a226b9d14c8424584451ba,True,2,SCI/Atomic Web/03_Element_Cards/026_Fe_Iron.png,C:\Users\joesh\Desktop\SCI\Atomic Web\03_Element_Cards\026_Fe_Iron.png
SCI,Atomic Web/03_Element_Cards/027_Co_Cobalt.png,SCI/Atomic Web/03_Element_Cards/027_Co_Cobalt.png,.png,195035,2026-07-29T11:25:06.763699+00:00,03d4fe199f222075946802ab5c27486602115e1c541da9564126dc58161ce87f,True,2,SCI/Atomic Web/03_Element_Cards/027_Co_Cobalt.png,C:\Users\joesh\Desktop\SCI\Atomic Web\03_Element_Cards\027_Co_Cobalt.png
SCI,Atomic Web/03_Element_Cards/028_Ni_Nickel.png,SCI/Atomic Web/03_Element_Cards/028_Ni_Nickel.png,.png,194539,2026-07-29T11:25:06.856130+00:00,14eaae2fd05685eb58b91e71069cd93fbc5075e591322b2d28a939f353284d01,True,2,SCI/Atomic Web/03_Element_Cards/028_Ni_Nickel.png,C:\Users\joesh\Desktop\SCI\Atomic Web\03_Element_Cards\028_Ni_Nickel.png
SCI,Atomic Web/03_Element_Cards/029_Cu_Copper.png,SCI/Atomic Web/03_Element_Cards/029_Cu_Copper.png,.png,191775,2026-07-29T11:25:06.852129+00:00,370e27e3c34286b15f6ae02b6c849106d6523b2a60bc1f4519ef5e6d9b8a0b75,True,2,SCI/Atomic Web/03_Element_Cards/029_Cu_Copper.png,C:\Users\joesh\Desktop\SCI\Atomic Web\03_Element_Cards\029_Cu_Copper.png
SCI,Atomic Web/03_Element_Cards/030_Zn_Zinc.png,SCI/Atomic Web/03_Element_Cards/030_Zn_Zinc.png,.png,192245,2026-07-29T11:25:06.730247+00:00,1fe026d02148546bf5dfe07aad780ff35108c964d99e738343cae661fac4971a,True,2,SCI/Atomic Web/03_Element_Cards/030_Zn_Zinc.png,C:\Users\joesh\Desktop\SCI\Atomic Web\03_Element_Cards\030_Zn_Zinc.png
SCI,Atomic Web/03_Element_Cards/031_Ga_Gallium.png,SCI/Atomic Web/03_Element_Cards/031_Ga_Gallium.png,.png,197014,2026-07-29T11:25:06.781253+00:00,5613e1f73c04d12926e0a3a42c31941a4037225a3e6105b2cd122859809c88e4,True,2,SCI/Atomic Web/03_Element_Cards/031_Ga_Gallium.png,C:\Users\joesh\Desktop\SCI\Atomic Web\03_Element_Cards\031_Ga_Gallium.png
SCI,Atomic Web/03_Element_Cards/032_Ge_Germanium.png,SCI/Atomic Web/03_Element_Cards/032_Ge_Germanium.png,.png,195987,2026-07-29T11:25:06.709744+00:00,e1153fb98b786521d98efa7cac70e857fa0408e30ae3cf7fde3e7fe5395f8bdb,True,2,SCI/Atomic Web/03_Element_Cards/032_Ge_Germanium.png,C:\Users\joesh\Desktop\SCI\Atomic Web\03_Element_Cards\032_Ge_Germanium.png
SCI,Atomic Web/03_Element_Cards/033_As_Arsenic.png,SCI/Atomic Web/03_Element_Cards/033_As_Arsenic.png,.png,197551,2026-07-29T11:25:06.767774+00:00,cd83c2e3f6767a0ad39fd4ccd41f5eca008e32436718db924bd7f9d4a14e0794,True,2,SCI/Atomic Web/03_Element_Cards/033_As_Arsenic.png,C:\Users\joesh\Desktop\SCI\Atomic Web\03_Element_Cards\033_As_Arsenic.png
SCI,Atomic Web/03_Element_Cards/034_Se_Selenium.png,SCI/Atomic Web/03_Element_Cards/034_Se_Selenium.png,.png,197429,2026-07-29T11:25:06.814184+00:00,337976b0aa1277f3e21a0119a0317ba23941079bbff8d50938108632507b2030,True,2,SCI/Atomic Web/03_Element_Cards/034_Se_Selenium.png,C:\Users\joesh\Desktop\SCI\Atomic Web\03_Element_Cards\034_Se_Selenium.png
SCI,Atomic Web/03_Element_Cards/035_Br_Bromine.png,SCI/Atomic Web/03_Element_Cards/035_Br_Bromine.png,.png,195215,2026-07-29T11:25:06.712744+00:00,2eff154ce7ec6dd53bcafb1eb0fc8691db1281d2b76bab2fd20f3709beacdec0,True,2,SCI/Atomic Web/03_Element_Cards/035_Br_Bromine.png,C:\Users\joesh\Desktop\SCI\Atomic Web\03_Element_Cards\035_Br_Bromine.png
SCI,Atomic Web/03_Element_Cards/036_Kr_Krypton.png,SCI/Atomic Web/03_Element_Cards/036_Kr_Krypton.png,.png,197112,2026-07-29T11:25:06.804705+00:00,b5d98aed0ca1c2f807266df48999d3b8ccd56e8c69d91b2ed70fa220f79e1603,True,2,SCI/Atomic Web/03_Element_Cards/036_Kr_Krypton.png,C:\Users\joesh\Desktop\SCI\Atomic Web\03_Element_Cards\036_Kr_Krypton.png
SCI,Atomic Web/03_Element_Cards/037_Rb_Rubidium.png,SCI/Atomic Web/03_Element_Cards/037_Rb_Rubidium.png,.png,202269,2026-07-29T11:25:06.774806+00:00,ea352b3a12b3e5a0f8635c0139ae183505b4469e6e5f0402eded9af5d0440aa6,True,2,SCI/Atomic Web/03_Element_Cards/037_Rb_Rubidium.png,C:\Users\joesh\Desktop\SCI\Atomic Web\03_Element_Cards\037_Rb_Rubidium.png
SCI,Atomic Web/03_Element_Cards/038_Sr_Strontium.png,SCI/Atomic Web/03_Element_Cards/038_Sr_Strontium.png,.png,204760,2026-07-29T11:25:06.744955+00:00,d721a2ccd8250d5d4c4ed0e4c6ecb9fe22502a8f726664f5ca56f1bc25093747,True,2,SCI/Atomic Web/03_Element_Cards/038_Sr_Strontium.png,C:\Users\joesh\Desktop\SCI\Atomic Web\03_Element_Cards\038_Sr_Strontium.png
SCI,Atomic Web/03_Element_Cards/039_Y_Yttrium.png,SCI/Atomic Web/03_Element_Cards/039_Y_Yttrium.png,.png,201235,2026-07-29T11:25:06.819510+00:00,51147e3cc1e71c613b80b749b98379f46feb3807816b8d6ace8fd2d7fb7e66dd,True,2,SCI/Atomic Web/03_Element_Cards/039_Y_Yttrium.png,C:\Users\joesh\Desktop\SCI\Atomic Web\03_Element_Cards\039_Y_Yttrium.png
SCI,Atomic Web/03_Element_Cards/040_Zr_Zirconium.png,SCI/Atomic Web/03_Element_Cards/040_Zr_Zirconium.png,.png,203315,2026-07-29T11:25:06.746044+00:00,8f63b79963bed9c5d69430d65a7e63372365f454c350c48204114fe047dbe285,True,2,SCI/Atomic Web/03_Element_Cards/040_Zr_Zirconium.png,C:\Users\joesh\Desktop\SCI\Atomic Web\03_Element_Cards\040_Zr_Zirconium.png
SCI,Atomic Web/03_Element_Cards/041_Nb_Niobium.png,SCI/Atomic Web/03_Element_Cards/041_Nb_Niobium.png,.png,202587,2026-07-29T11:25:06.828623+00:00,4e73740cca002930c5aca696bd7b8846ffd294f3a9da6eca0ee42273a90cafa5,True,2,SCI/Atomic Web/03_Element_Cards/041_Nb_Niobium.png,C:\Users\joesh\Desktop\SCI\Atomic Web\03_Element_Cards\041_Nb_Niobium.png
SCI,Atomic Web/03_Element_Cards/042_Mo_Molybdenum.png,SCI/Atomic Web/03_Element_Cards/042_Mo_Molybdenum.png,.png,204745,2026-07-29T11:25:06.766704+00:00,cc0d41e0260d33c9f8b8a3dbb66cc4c51c3976a0036ba10ecc724099e487ffb9,True,2,SCI/Atomic Web/03_Element_Cards/042_Mo_Molybdenum.png,C:\Users\joesh\Desktop\SCI\Atomic Web\03_Element_Cards\042_Mo_Molybdenum.png
SCI,Atomic Web/03_Element_Cards/043_Tc_Technetium.png,SCI/Atomic Web/03_Element_Cards/043_Tc_Technetium.png,.png,201024,2026-07-29T11:25:06.792837+00:00,df4652e95f97bd696d3525269b93ddb4f0a2ea7bcdfa3d62d1d19f00b7586a8a,True,2,SCI/Atomic Web/03_Element_Cards/043_Tc_Technetium.png,C:\Users\joesh\Desktop\SCI\Atomic Web\03_Element_Cards\043_Tc_Technetium.png
SCI,Atomic Web/03_Element_Cards/044_Ru_Ruthenium.png,SCI/Atomic Web/03_Element_Cards/044_Ru_Ruthenium.png,.png,201956,2026-07-29T11:25:06.849627+00:00,7798ec1fa66a5c4fd4282e4d79ef68b894fae0851f6bc71cd1f6fff14318dd0f,True,2,SCI/Atomic Web/03_Element_Cards/044_Ru_Ruthenium.png,C:\Users\joesh\Desktop\SCI\Atomic Web\03_Element_Cards\044_Ru_Ruthenium.png
SCI,Atomic Web/03_Element_Cards/045_Rh_Rhodium.png,SCI/Atomic Web/03_Element_Cards/045_Rh_Rhodium.png,.png,203357,2026-07-29T11:25:06.797876+00:00,aa62412a87f2f85e1e2d38dcba3a77b70c5ff009e2fd714e477208a713f11728,True,2,SCI/Atomic Web/03_Element_Cards/045_Rh_Rhodium.png,C:\Users\joesh\Desktop\SCI\Atomic Web\03_Element_Cards\045_Rh_Rhodium.png
SCI,Atomic Web/03_Element_Cards/046_Pd_Palladium.png,SCI/Atomic Web/03_Element_Cards/046_Pd_Palladium.png,.png,194731,2026-07-29T11:25:06.844623+00:00,875ef55aff541edf503ec6325a07b03616e6dfff3265ec42f76df49b93a1e7c8,True,2,SCI/Atomic Web/03_Element_Cards/046_Pd_Palladium.png,C:\Users\joesh\Desktop\SCI\Atomic Web\03_Element_Cards\046_Pd_Palladium.png
SCI,Atomic Web/03_Element_Cards/047_Ag_Silver.png,SCI/Atomic Web/03_Element_Cards/047_Ag_Silver.png,.png,201880,2026-07-29T11:25:06.703374+00:00,ce28c99116fe2e98b9b13ea8b8b1a0d9e6a05f6af7aaa836a35386e96528eef0,True,2,SCI/Atomic Web/03_Element_Cards/047_Ag_Silver.png,C:\Users\joesh\Desktop\SCI\Atomic Web\03_Element_Cards\047_Ag_Silver.png
SCI,Atomic Web/03_Element_Cards/048_Cd_Cadmium.png,SCI/Atomic Web/03_Element_Cards/048_Cd_Cadmium.png,.png,204655,2026-07-29T11:25:06.719745+00:00,13a96eb7053ccdc829e5fdbc4b75e7dee9d0d37b89d5cb3ef1c5f8780bc0db96,True,2,SCI/Atomic Web/03_Element_Cards/048_Cd_Cadmium.png,C:\Users\joesh\Desktop\SCI\Atomic Web\03_Element_Cards\048_Cd_Cadmium.png
SCI,Atomic Web/03_Element_Cards/049_In_Indium.png,SCI/Atomic Web/03_Element_Cards/049_In_Indium.png,.png,203626,2026-07-29T11:25:06.708243+00:00,1d5370e50727aede1a2c410bead7afe890d0b000fcf2a77445a8ea2dee668b0b,True,2,SCI/Atomic Web/03_Element_Cards/049_In_Indium.png,C:\Users\joesh\Desktop\SCI\Atomic Web\03_Element_Cards\049_In_Indium.png
SCI,Atomic Web/03_Element_Cards/050_Sn_Tin.png,SCI/Atomic Web/03_Element_Cards/050_Sn_Tin.png,.png,204334,2026-07-29T11:25:06.839174+00:00,1f16f23cd22004e28ae6bf925d55ece6819e1be9f03cb69579fcaa3d74b81f88,True,2,SCI/Atomic Web/03_Element_Cards/050_Sn_Tin.png,C:\Users\joesh\Desktop\SCI\Atomic Web\03_Element_Cards\050_Sn_Tin.png
SCI,Atomic Web/03_Element_Cards/051_Sb_Antimony.png,SCI/Atomic Web/03_Element_Cards/051_Sb_Antimony.png,.png,206810,2026-07-29T11:25:06.747485+00:00,21d258cf885908c56422bca48bc1abfbd2355d81f09d4659f8f79bd62bc8a510,True,2,SCI/Atomic Web/03_Element_Cards/051_Sb_Antimony.png,C:\Users\joesh\Desktop\SCI\Atomic Web\03_Element_Cards\051_Sb_Antimony.png
SCI,Atomic Web/03_Element_Cards/052_Te_Tellurium.png,SCI/Atomic Web/03_Element_Cards/052_Te_Tellurium.png,.png,205454,2026-07-29T11:25:06.735749+00:00,3a1b9ac60c913ba6a2be7cd864c89b2480e943f9f2412645ce91db926929262a,True,2,SCI/Atomic Web/03_Element_Cards/052_Te_Tellurium.png,C:\Users\joesh\Desktop\SCI\Atomic Web\03_Element_Cards\052_Te_Tellurium.png
SCI,Atomic Web/03_Element_Cards/053_I_Iodine.png,SCI/Atomic Web/03_Element_Cards/053_I_Iodine.png,.png,202522,2026-07-29T11:25:06.832007+00:00,3c84fb8c45c8019d7668ad0bc78677862655589f364ee6efddb5e671c59f5164,True,2,SCI/Atomic Web/03_Element_Cards/053_I_Iodine.png,C:\Users\joesh\Desktop\SCI\Atomic Web\03_Element_Cards\053_I_Iodine.png
SCI,Atomic Web/03_Element_Cards/054_Xe_Xenon.png,SCI/Atomic Web/03_Element_Cards/054_Xe_Xenon.png,.png,205838,2026-07-29T11:25:06.762856+00:00,fc44e0021a5096f5a7438dec505db9e65b35718ee8c05e783f7039904a82c2a9,True,2,SCI/Atomic Web/03_Element_Cards/054_Xe_Xenon.png,C:\Users\joesh\Desktop\SCI\Atomic Web\03_Element_Cards\054_Xe_Xenon.png
SCI,Atomic Web/03_Element_Cards/055_Cs_Cesium.png,SCI/Atomic Web/03_Element_Cards/055_Cs_Cesium.png,.png,210637,2026-07-29T11:25:06.704958+00:00,75ede57240a357b6d47e25d47d01698ac37fb4220689a30256f80683f74f654b,True,2,SCI/Atomic Web/03_Element_Cards/055_Cs_Cesium.png,C:\Users\joesh\Desktop\SCI\Atomic Web\03_Element_Cards\055_Cs_Cesium.png
SCI,Atomic Web/03_Element_Cards/056_Ba_Barium.png,SCI/Atomic Web/03_Element_Cards/056_Ba_Barium.png,.png,213589,2026-07-29T11:25:06.780201+00:00,65a5097dc8d67c468d806d068e1944917f805bf6eb942c477219a3f03029789b,True,2,SCI/Atomic Web/03_Element_Cards/056_Ba_Barium.png,C:\Users\joesh\Desktop\SCI\Atomic Web\03_Element_Cards\056_Ba_Barium.png
SCI,Atomic Web/03_Element_Cards/057_La_Lanthanum.png,SCI/Atomic Web/03_Element_Cards/057_La_Lanthanum.png,.png,211159,2026-07-29T11:25:06.800139+00:00,8c955222019d270b3e7c7e610ba55e49dff2b7c13e11fcae63b7d2dfe04f26cb,True,2,SCI/Atomic Web/03_Element_Cards/057_La_Lanthanum.png,C:\Users\joesh\Desktop\SCI\Atomic Web\03_Element_Cards\057_La_Lanthanum.png
SCI,Atomic Web/03_Element_Cards/058_Ce_Cerium.png,SCI/Atomic Web/03_Element_Cards/058_Ce_Cerium.png,.png,213777,2026-07-29T11:25:06.853630+00:00,3cde30df2e31374b76dcb651b711388d9ce51cb19d68442586dcb5af94eba197,True,2,SCI/Atomic Web/03_Element_Cards/058_Ce_Cerium.png,C:\Users\joesh\Desktop\SCI\Atomic Web\03_Element_Cards\058_Ce_Cerium.png
SCI,Atomic Web/03_Element_Cards/059_Pr_Praseodymium.png,SCI/Atomic Web/03_Element_Cards/059_Pr_Praseodymium.png,.png,215092,2026-07-29T11:25:06.757170+00:00,72bc13585d190af5a7faebe2b3e87a7a38dd3fb4ecfc3649ee9aa75a6cfa2b59,True,2,SCI/Atomic Web/03_Element_Cards/059_Pr_Praseodymium.png,C:\Users\joesh\Desktop\SCI\Atomic Web\03_Element_Cards\059_Pr_Praseodymium.png
SCI,Atomic Web/03_Element_Cards/060_Nd_Neodymium.png,SCI/Atomic Web/03_Element_Cards/060_Nd_Neodymium.png,.png,215142,2026-07-29T11:25:06.786900+00:00,5fc28481d87b19cdb1340aa119c335113af00d2243115de2e7c38d1980474f2e,True,2,SCI/Atomic Web/03_Element_Cards/060_Nd_Neodymium.png,C:\Users\joesh\Desktop\SCI\Atomic Web\03_Element_Cards\060_Nd_Neodymium.png
SCI,Atomic Web/03_Element_Cards/061_Pm_Promethium.png,SCI/Atomic Web/03_Element_Cards/061_Pm_Promethium.png,.png,212399,2026-07-29T11:25:06.820509+00:00,bc0be36b10ba086afb3eea661c0748e313a407c8b832ad701c48ae69909cc2a2,True,2,SCI/Atomic Web/03_Element_Cards/061_Pm_Promethium.png,C:\Users\joesh\Desktop\SCI\Atomic Web\03_Element_Cards\061_Pm_Promethium.png
SCI,Atomic Web/03_Element_Cards/062_Sm_Samarium.png,SCI/Atomic Web/03_Element_Cards/062_Sm_Samarium.png,.png,217339,2026-07-29T11:25:06.752956+00:00,39ae5d3a7746340c3d6918f83d83eaea8f23b0e378586eb5c25d7ec05e19eeb3,True,2,SCI/Atomic Web/03_Element_Cards/062_Sm_Samarium.png,C:\Users\joesh\Desktop\SCI\Atomic Web\03_Element_Cards\062_Sm_Samarium.png
SCI,Atomic Web/03_Element_Cards/063_Eu_Europium.png,SCI/Atomic Web/03_Element_Cards/063_Eu_Europium.png,.png,214567,2026-07-29T11:25:06.847124+00:00,fb00d31009f752cfdd758adc1f681ab8f1fd52d5debb1a29fd14ea528197dd8c,True,2,SCI/Atomic Web/03_Element_Cards/063_Eu_Europium.png,C:\Users\joesh\Desktop\SCI\Atomic Web\03_Element_Cards\063_Eu_Europium.png
SCI,Atomic Web/03_Element_Cards/064_Gd_Gadolinium.png,SCI/Atomic Web/03_Element_Cards/064_Gd_Gadolinium.png,.png,217447,2026-07-29T11:25:06.769146+00:00,18357679160480becfded188af5e3c248006306bd9e6defeca633ff71238fefd,True,2,SCI/Atomic Web/03_Element_Cards/064_Gd_Gadolinium.png,C:\Users\joesh\Desktop\SCI\Atomic Web\03_Element_Cards\064_Gd_Gadolinium.png
SCI,Atomic Web/03_Element_Cards/065_Tb_Terbium.png,SCI/Atomic Web/03_Element_Cards/065_Tb_Terbium.png,.png,213751,2026-07-29T11:25:06.739541+00:00,aa8b1faefbd00226e2c9d145b6edb9a144a7aa2a7c582dbb6162eb9d928c0f61,True,2,SCI/Atomic Web/03_Element_Cards/065_Tb_Terbium.png,C:\Users\joesh\Desktop\SCI\Atomic Web\03_Element_Cards\065_Tb_Terbium.png
SCI,Atomic Web/03_Element_Cards/066_Dy_Dysprosium.png,SCI/Atomic Web/03_Element_Cards/066_Dy_Dysprosium.png,.png,218919,2026-07-29T11:25:06.749886+00:00,eb7ac63f2283c61923f2907c735561931f7eff654b7bd20a38da0abd80ccbebb,True,2,SCI/Atomic Web/03_Element_Cards/066_Dy_Dysprosium.png,C:\Users\joesh\Desktop\SCI\Atomic Web\03_Element_Cards\066_Dy_Dysprosium.png
SCI,Atomic Web/03_Element_Cards/067_Ho_Holmium.png,SCI/Atomic Web/03_Element_Cards/067_Ho_Holmium.png,.png,215940,2026-07-29T11:25:06.705997+00:00,07394c1ff2c0a6982a0ab0fcdf5f69635085ed2f94f6dce34422653358f0b0f0,True,2,SCI/Atomic Web/03_Element_Cards/067_Ho_Holmium.png,C:\Users\joesh\Desktop\SCI\Atomic Web\03_Element_Cards\067_Ho_Holmium.png
SCI,Atomic Web/03_Element_Cards/068_Er_Erbium.png,SCI/Atomic Web/03_Element_Cards/068_Er_Erbium.png,.png,213779,2026-07-29T11:25:06.805800+00:00,0e054b36c288cf0dfac7967241fa15a7fa792336426ef3c1533951dad68aa66a,True,2,SCI/Atomic Web/03_Element_Cards/068_Er_Erbium.png,C:\Users\joesh\Desktop\SCI\Atomic Web\03_Element_Cards\068_Er_Erbium.png
SCI,Atomic Web/03_Element_Cards/069_Tm_Thulium.png,SCI/Atomic Web/03_Element_Cards/069_Tm_Thulium.png,.png,214946,2026-07-29T11:25:06.809091+00:00,ea9d8d3f4846f72d71af9cc734ff011a76e05e35b601bb87fa652e3585c3b6ef,True,2,SCI/Atomic Web/03_Element_Cards/069_Tm_Thulium.png,C:\Users\joesh\Desktop\SCI\Atomic Web\03_Element_Cards\069_Tm_Thulium.png
SCI,Atomic Web/03_Element_Cards/070_Yb_Ytterbium.png,SCI/Atomic Web/03_Element_Cards/070_Yb_Ytterbium.png,.png,215763,2026-07-29T11:25:06.840674+00:00,f9e6af74ae98d028696c9c4e183a954aff92783ef1b2c1bc003ee7dd39fca564,True,2,SCI/Atomic Web/03_Element_Cards/070_Yb_Ytterbium.png,C:\Users\joesh\Desktop\SCI\Atomic Web\03_Element_Cards\070_Yb_Ytterbium.png
SCI,Atomic Web/03_Element_Cards/071_Lu_Lutetium.png,SCI/Atomic Web/03_Element_Cards/071_Lu_Lutetium.png,.png,212807,2026-07-29T11:25:06.829623+00:00,3e4648b4a4aaba896473a85c013b805bf6fd52b7c79ce05638cc1859aabb5d14,True,2,SCI/Atomic Web/03_Element_Cards/071_Lu_Lutetium.png,C:\Users\joesh\Desktop\SCI\Atomic Web\03_Element_Cards\071_Lu_Lutetium.png
SCI,Atomic Web/03_Element_Cards/072_Hf_Hafnium.png,SCI/Atomic Web/03_Element_Cards/072_Hf_Hafnium.png,.png,214980,2026-07-29T11:25:06.707048+00:00,31c4744dcef351f547e7b40ca2d35bad5bfff2deb3d203e65e4e2768434e6c29,True,2,SCI/Atomic Web/03_Element_Cards/072_Hf_Hafnium.png,C:\Users\joesh\Desktop\SCI\Atomic Web\03_Element_Cards\072_Hf_Hafnium.png
SCI,Atomic Web/03_Element_Cards/073_Ta_Tantalum.png,SCI/Atomic Web/03_Element_Cards/073_Ta_Tantalum.png,.png,216616,2026-07-29T11:25:06.798376+00:00,0cfc3e57a7a735b4dad07d6825399b0c650b202a3311005ec84da4fedae68b72,True,2,SCI/Atomic Web/03_Element_Cards/073_Ta_Tantalum.png,C:\Users\joesh\Desktop\SCI\Atomic Web\03_Element_Cards\073_Ta_Tantalum.png
SCI,Atomic Web/03_Element_Cards/074_W_Tungsten.png,SCI/Atomic Web/03_Element_Cards/074_W_Tungsten.png,.png,216908,2026-07-29T11:25:06.843174+00:00,0abbab7824babf47bf12486804ada49ed4bc26454661b29464e39ed76e984197,True,2,SCI/Atomic Web/03_Element_Cards/074_W_Tungsten.png,C:\Users\joesh\Desktop\SCI\Atomic Web\03_Element_Cards\074_W_Tungsten.png
SCI,Atomic Web/03_Element_Cards/075_Re_Rhenium.png,SCI/Atomic Web/03_Element_Cards/075_Re_Rhenium.png,.png,216390,2026-07-29T11:25:06.770301+00:00,a7eceabbc8cd28ab8a88890632d7a55bbc75938ed6643f965f9f47d5563a8f8f,True,2,SCI/Atomic Web/03_Element_Cards/075_Re_Rhenium.png,C:\Users\joesh\Desktop\SCI\Atomic Web\03_Element_Cards\075_Re_Rhenium.png
SCI,Atomic Web/03_Element_Cards/076_Os_Osmium.png,SCI/Atomic Web/03_Element_Cards/076_Os_Osmium.png,.png,218771,2026-07-29T11:25:06.846124+00:00,5c62ffd3ef4538903a8baf5a64d48ec3ec26196a1321986a3e609dc8696669fe,True,2,SCI/Atomic Web/03_Element_Cards/076_Os_Osmium.png,C:\Users\joesh\Desktop\SCI\Atomic Web\03_Element_Cards\076_Os_Osmium.png
SCI,Atomic Web/03_Element_Cards/077_Ir_Iridium.png,SCI/Atomic Web/03_Element_Cards/077_Ir_Iridium.png,.png,214499,2026-07-29T11:25:06.760417+00:00,78db60584821c843dc86cd7ad4ffee415ab73907e281d21a6b086690f3ce26b2,True,2,SCI/Atomic Web/03_Element_Cards/077_Ir_Iridium.png,C:\Users\joesh\Desktop\SCI\Atomic Web\03_Element_Cards\077_Ir_Iridium.png
SCI,Atomic Web/03_Element_Cards/078_Pt_Platinum.png,SCI/Atomic Web/03_Element_Cards/078_Pt_Platinum.png,.png,216882,2026-07-29T11:25:06.750905+00:00,84bedf66e3b21d04d05cf1eb5d059eb19e69ddd50b20d9d50f20c804df894730,True,2,SCI/Atomic Web/03_Element_Cards/078_Pt_Platinum.png,C:\Users\joesh\Desktop\SCI\Atomic Web\03_Element_Cards\078_Pt_Platinum.png
SCI,Atomic Web/03_Element_Cards/079_Au_Gold.png,SCI/Atomic Web/03_Element_Cards/079_Au_Gold.png,.png,217087,2026-07-29T11:25:06.816900+00:00,efcc522397036ed25d4dbb8b147906e85db0104551726a35ab8effd0e35f2561,True,2,SCI/Atomic Web/03_Element_Cards/079_Au_Gold.png,C:\Users\joesh\Desktop\SCI\Atomic Web\03_Element_Cards\079_Au_Gold.png
SCI,Atomic Web/03_Element_Cards/080_Hg_Mercury.png,SCI/Atomic Web/03_Element_Cards/080_Hg_Mercury.png,.png,219154,2026-07-29T11:25:06.785928+00:00,6a3b69e02af736c954a93566fffd4c93aefab190ff8b475e3eff68f09fb67e53,True,2,SCI/Atomic Web/03_Element_Cards/080_Hg_Mercury.png,C:\Users\joesh\Desktop\SCI\Atomic Web\03_Element_Cards\080_Hg_Mercury.png
SCI,Atomic Web/03_Element_Cards/081_Tl_Thallium.png,SCI/Atomic Web/03_Element_Cards/081_Tl_Thallium.png,.png,217689,2026-07-29T11:25:06.812184+00:00,79fd13eccbc2152ff851b1e90dd91dd518e3d56bbe9ef452251197e384c063a2,True,2,SCI/Atomic Web/03_Element_Cards/081_Tl_Thallium.png,C:\Users\joesh\Desktop\SCI\Atomic Web\03_Element_Cards\081_Tl_Thallium.png
SCI,Atomic Web/03_Element_Cards/082_Pb_Lead.png,SCI/Atomic Web/03_Element_Cards/082_Pb_Lead.png,.png,221860,2026-07-29T11:25:06.715745+00:00,a891300b2951b9e3dc4c83ab5956dc5c887a4f311a22bf6e092049fe49af04a0,True,2,SCI/Atomic Web/03_Element_Cards/082_Pb_Lead.png,C:\Users\joesh\Desktop\SCI\Atomic Web\03_Element_Cards\082_Pb_Lead.png
SCI,Atomic Web/03_Element_Cards/083_Bi_Bismuth.png,SCI/Atomic Web/03_Element_Cards/083_Bi_Bismuth.png,.png,220551,2026-07-29T11:25:06.818509+00:00,bf679886bd2abf6c69dc6c25a11665519563eea1468846310a4eefcb1d099481,True,2,SCI/Atomic Web/03_Element_Cards/083_Bi_Bismuth.png,C:\Users\joesh\Desktop\SCI\Atomic Web\03_Element_Cards\083_Bi_Bismuth.png
SCI,Atomic Web/03_Element_Cards/084_Po_Polonium.png,SCI/Atomic Web/03_Element_Cards/084_Po_Polonium.png,.png,219418,2026-07-29T11:25:06.722746+00:00,1a0cf46b6f5175a0f386c78038e3675577857d51dab6c36762a834a957527c09,True,2,SCI/Atomic Web/03_Element_Cards/084_Po_Polonium.png,C:\Users\joesh\Desktop\SCI\Atomic Web\03_Element_Cards\084_Po_Polonium.png
SCI,Atomic Web/03_Element_Cards/085_At_Astatine.png,SCI/Atomic Web/03_Element_Cards/085_At_Astatine.png,.png,218785,2026-07-29T11:25:06.835370+00:00,2466b03c9d2b7ab409e65adf934bb90676eabb0fa43beb486cce106e6a31e946,True,2,SCI/Atomic Web/03_Element_Cards/085_At_Astatine.png,C:\Users\joesh\Desktop\SCI\Atomic Web\03_Element_Cards\085_At_Astatine.png
SCI,Atomic Web/03_Element_Cards/086_Rn_Radon.png,SCI/Atomic Web/03_Element_Cards/086_Rn_Radon.png,.png,220808,2026-07-29T11:25:06.801839+00:00,b64109b07dc9853df3ab8323d556cf6fa444526d0bef1779d20f3f41be28224d,True,2,SCI/Atomic Web/03_Element_Cards/086_Rn_Radon.png,C:\Users\joesh\Desktop\SCI\Atomic Web\03_Element_Cards\086_Rn_Radon.png
SCI,Atomic Web/03_Element_Cards/087_Fr_Francium.png,SCI/Atomic Web/03_Element_Cards/087_Fr_Francium.png,.png,221439,2026-07-29T11:25:06.773806+00:00,11d22494d8e0d9de10a23c71602ef36fffb3a6089cc0f2e5192b1665113a7843,True,2,SCI/Atomic Web/03_Element_Cards/087_Fr_Francium.png,C:\Users\joesh\Desktop\SCI\Atomic Web\03_Element_Cards\087_Fr_Francium.png
SCI,Atomic Web/03_Element_Cards/088_Ra_Radium.png,SCI/Atomic Web/03_Element_Cards/088_Ra_Radium.png,.png,226125,2026-07-29T11:25:06.777700+00:00,4a147c5d1316767a87bcf2a60b379c4de4b610f29854ef6e162a2d2b0eec1236,True,2,SCI/Atomic Web/03_Element_Cards/088_Ra_Radium.png,C:\Users\joesh\Desktop\SCI\Atomic Web\03_Element_Cards\088_Ra_Radium.png
SCI,Atomic Web/03_Element_Cards/089_Ac_Actinium.png,SCI/Atomic Web/03_Element_Cards/089_Ac_Actinium.png,.png,222324,2026-07-29T11:25:06.748336+00:00,b1eb90b56129e40eacea1047d99c71960b73482940b6d42f842e6389e784a6da,True,2,SCI/Atomic Web/03_Element_Cards/089_Ac_Actinium.png,C:\Users\joesh\Desktop\SCI\Atomic Web\03_Element_Cards\089_Ac_Actinium.png
SCI,Atomic Web/03_Element_Cards/090_Th_Thorium.png,SCI/Atomic Web/03_Element_Cards/090_Th_Thorium.png,.png,222076,2026-07-29T11:25:06.723746+00:00,b2c7386a3b0d91ae272442e2e9578d1f3da7872eecb1dee06197f4d6f3f9d6e9,True,2,SCI/Atomic Web/03_Element_Cards/090_Th_Thorium.png,C:\Users\joesh\Desktop\SCI\Atomic Web\03_Element_Cards\090_Th_Thorium.png
SCI,Atomic Web/03_Element_Cards/091_Pa_Protactinium.png,SCI/Atomic Web/03_Element_Cards/091_Pa_Protactinium.png,.png,226010,2026-07-29T11:25:06.823568+00:00,a62cbdc02facb6f0b1c8a0e4343a89a8419e89b4c1921bbb574f9506b4b9e4a6,True,2,SCI/Atomic Web/03_Element_Cards/091_Pa_Protactinium.png,C:\Users\joesh\Desktop\SCI\Atomic Web\03_Element_Cards\091_Pa_Protactinium.png
SCI,Atomic Web/03_Element_Cards/092_U_Uranium.png,SCI/Atomic Web/03_Element_Cards/092_U_Uranium.png,.png,225357,2026-07-29T11:25:06.825069+00:00,a1b8092d4bbe3bfdbd66d9f3e69e239b37cd0e8a764e312177450b6f8a93df7c,True,2,SCI/Atomic Web/03_Element_Cards/092_U_Uranium.png,C:\Users\joesh\Desktop\SCI\Atomic Web\03_Element_Cards\092_U_Uranium.png
SCI,Atomic Web/03_Element_Cards/093_Np_Neptunium.png,SCI/Atomic Web/03_Element_Cards/093_Np_Neptunium.png,.png,225309,2026-07-29T11:25:06.834159+00:00,11573d0cc26ab642de805b4ca260ca2fe7ce0752c75f37589ac4b3cc467b29b5,True,2,SCI/Atomic Web/03_Element_Cards/093_Np_Neptunium.png,C:\Users\joesh\Desktop\SCI\Atomic Web\03_Element_Cards\093_Np_Neptunium.png
SCI,Atomic Web/03_Element_Cards/094_Pu_Plutonium.png,SCI/Atomic Web/03_Element_Cards/094_Pu_Plutonium.png,.png,225852,2026-07-29T11:25:06.734249+00:00,fcee846f9f482394bfd3a41277bda6bb93d949a5a74ba23436da5f462cdacde9,True,2,SCI/Atomic Web/03_Element_Cards/094_Pu_Plutonium.png,C:\Users\joesh\Desktop\SCI\Atomic Web\03_Element_Cards\094_Pu_Plutonium.png
SCI,Atomic Web/03_Element_Cards/095_Am_Americium.png,SCI/Atomic Web/03_Element_Cards/095_Am_Americium.png,.png,226546,2026-07-29T11:25:06.778701+00:00,3e4591bb4dc1c8f88de8badf68a0da7dbc1bd662908f25a7e7421a44fe76af79,True,2,SCI/Atomic Web/03_Element_Cards/095_Am_Americium.png,C:\Users\joesh\Desktop\SCI\Atomic Web\03_Element_Cards\095_Am_Americium.png
SCI,Atomic Web/03_Element_Cards/096_Cm_Curium.png,SCI/Atomic Web/03_Element_Cards/096_Cm_Curium.png,.png,226370,2026-07-29T11:25:06.787900+00:00,8fd4ebd09a93d3351bed91741c113d2f837d086d5463bf0a54d9761921fb2a04,True,2,SCI/Atomic Web/03_Element_Cards/096_Cm_Curium.png,C:\Users\joesh\Desktop\SCI\Atomic Web\03_Element_Cards\096_Cm_Curium.png
SCI,Atomic Web/03_Element_Cards/097_Bk_Berkelium.png,SCI/Atomic Web/03_Element_Cards/097_Bk_Berkelium.png,.png,225799,2026-07-29T11:25:06.757918+00:00,0955c4d6203a23ce29df4267ca53747ec840ba402bb882da96aa7623b7cb3f52,True,2,SCI/Atomic Web/03_Element_Cards/097_Bk_Berkelium.png,C:\Users\joesh\Desktop\SCI\Atomic Web\03_Element_Cards\097_Bk_Berkelium.png
SCI,Atomic Web/03_Element_Cards/098_Cf_Californium.png,SCI/Atomic Web/03_Element_Cards/098_Cf_Californium.png,.png,226497,2026-07-29T11:25:06.743454+00:00,7770c334f52add23b388a3febf022fac2cf3a5035fe699cffdf64c8c993beb56,True,2,SCI/Atomic Web/03_Element_Cards/098_Cf_Californium.png,C:\Users\joesh\Desktop\SCI\Atomic Web\03_Element_Cards\098_Cf_Californium.png
SCI,Atomic Web/03_Element_Cards/099_Es_Einsteinium.png,SCI/Atomic Web/03_Element_Cards/099_Es_Einsteinium.png,.png,225551,2026-07-29T11:25:06.718246+00:00,0d8a2517804297be0b5eb4faf5c5d015b9ee653b131e8e3df7789a1e7d4938f7,True,2,SCI/Atomic Web/03_Element_Cards/099_Es_Einsteinium.png,C:\Users\joesh\Desktop\SCI\Atomic Web\03_Element_Cards\099_Es_Einsteinium.png
SCI,Atomic Web/03_Element_Cards/100_Fm_Fermium.png,SCI/Atomic Web/03_Element_Cards/100_Fm_Fermium.png,.png,224495,2026-07-29T11:25:06.795875+00:00,21c61de503be3349ac256d67967e4ee1fb89b504737335c3f25779d871c11ba0,True,2,SCI/Atomic Web/03_Element_Cards/100_Fm_Fermium.png,C:\Users\joesh\Desktop\SCI\Atomic Web\03_Element_Cards\100_Fm_Fermium.png
SCI,Atomic Web/03_Element_Cards/101_Md_Mendelevium.png,SCI/Atomic Web/03_Element_Cards/101_Md_Mendelevium.png,.png,226058,2026-07-29T11:25:06.758918+00:00,b3a85260786d2429c5fb2adbacb3b9d8fb3b6e56643fabb84c6d060c4da4c654,True,2,SCI/Atomic Web/03_Element_Cards/101_Md_Mendelevium.png,C:\Users\joesh\Desktop\SCI\Atomic Web\03_Element_Cards\101_Md_Mendelevium.png
SCI,Atomic Web/03_Element_Cards/102_No_Nobelium.png,SCI/Atomic Web/03_Element_Cards/102_No_Nobelium.png,.png,226274,2026-07-29T11:25:06.855130+00:00,c0cc3c322740d830bf8e845bfc805a3e231547ba770d5fb88c51b877db98a543,True,2,SCI/Atomic Web/03_Element_Cards/102_No_Nobelium.png,C:\Users\joesh\Desktop\SCI\Atomic Web\03_Element_Cards\102_No_Nobelium.png
SCI,Atomic Web/03_Element_Cards/103_Lr_Lawrencium.png,SCI/Atomic Web/03_Element_Cards/103_Lr_Lawrencium.png,.png,226904,2026-07-29T11:25:06.771302+00:00,29f8a6945ae3db5020bf6d83ca3bb8f7e05e2f43052f5b2a06db26737fe7146a,True,2,SCI/Atomic Web/03_Element_Cards/103_Lr_Lawrencium.png,C:\Users\joesh\Desktop\SCI\Atomic Web\03_Element_Cards\103_Lr_Lawrencium.png
SCI,Atomic Web/03_Element_Cards/104_Rf_Rutherfordium.png,SCI/Atomic Web/03_Element_Cards/104_Rf_Rutherfordium.png,.png,227268,2026-07-29T11:25:06.807034+00:00,746ad95c172e9c908813cc2837106857bff51389144f9ad5dde1562f145cb77d,True,2,SCI/Atomic Web/03_Element_Cards/104_Rf_Rutherfordium.png,C:\Users\joesh\Desktop\SCI\Atomic Web\03_Element_Cards\104_Rf_Rutherfordium.png
SCI,Atomic Web/03_Element_Cards/105_Db_Dubnium.png,SCI/Atomic Web/03_Element_Cards/105_Db_Dubnium.png,.png,227650,2026-07-29T11:25:06.754616+00:00,45706f81edd5b7fee2b4eda504ae65585528bb339b2da820514ba84efea67254,True,2,SCI/Atomic Web/03_Element_Cards/105_Db_Dubnium.png,C:\Users\joesh\Desktop\SCI\Atomic Web\03_Element_Cards\105_Db_Dubnium.png
SCI,Atomic Web/03_Element_Cards/106_Sg_Seaborgium.png,SCI/Atomic Web/03_Element_Cards/106_Sg_Seaborgium.png,.png,230221,2026-07-29T11:25:06.714244+00:00,a7d5eab7ed5412ad4b6de78f1a041facdf0ee89f94a0ac79b969bd438e1c67b3,True,2,SCI/Atomic Web/03_Element_Cards/106_Sg_Seaborgium.png,C:\Users\joesh\Desktop\SCI\Atomic Web\03_Element_Cards\106_Sg_Seaborgium.png
SCI,Atomic Web/03_Element_Cards/107_Bh_Bohrium.png,SCI/Atomic Web/03_Element_Cards/107_Bh_Bohrium.png,.png,226807,2026-07-29T11:25:06.782616+00:00,a9708a1774c5e755fecc4602dc121e02962a84ef9efaf992aec4073a350bee70,True,2,SCI/Atomic Web/03_Element_Cards/107_Bh_Bohrium.png,C:\Users\joesh\Desktop\SCI\Atomic Web\03_Element_Cards\107_Bh_Bohrium.png
SCI,Atomic Web/03_Element_Cards/108_Hs_Hassium.png,SCI/Atomic Web/03_Element_Cards/108_Hs_Hassium.png,.png,229051,2026-07-29T11:25:06.711243+00:00,08bae5d703da416fe21f21099aa9c17dbb915a4081802179598dfc47491f0508,True,2,SCI/Atomic Web/03_Element_Cards/108_Hs_Hassium.png,C:\Users\joesh\Desktop\SCI\Atomic Web\03_Element_Cards\108_Hs_Hassium.png
SCI,Atomic Web/03_Element_Cards/109_Mt_Meitnerium.png,SCI/Atomic Web/03_Element_Cards/109_Mt_Meitnerium.png,.png,229388,2026-07-29T11:25:06.827610+00:00,49aa482da7a111e1909a0dda2ce659319d87d3cb935cc2845d94dd5acb13e9e1,True,2,SCI/Atomic Web/03_Element_Cards/109_Mt_Meitnerium.png,C:\Users\joesh\Desktop\SCI\Atomic Web\03_Element_Cards\109_Mt_Meitnerium.png
SCI,Atomic Web/03_Element_Cards/110_Ds_Darmstadtium.png,SCI/Atomic Web/03_Element_Cards/110_Ds_Darmstadtium.png,.png,232498,2026-07-29T11:25:06.857630+00:00,57ed728eb7c7d1a6aa06f9d3ddb5f87f415c38d9ea89262ffa99671c0d368637,True,2,SCI/Atomic Web/03_Element_Cards/110_Ds_Darmstadtium.png,C:\Users\joesh\Desktop\SCI\Atomic Web\03_Element_Cards\110_Ds_Darmstadtium.png
SCI,Atomic Web/03_Element_Cards/111_Rg_Roentgenium.png,SCI/Atomic Web/03_Element_Cards/111_Rg_Roentgenium.png,.png,231138,2026-07-29T11:25:06.741042+00:00,59c4d28e246cda5dce8084c34f64c853784682bd0329a3b063a6521c4ba83fac,True,2,SCI/Atomic Web/03_Element_Cards/111_Rg_Roentgenium.png,C:\Users\joesh\Desktop\SCI\Atomic Web\03_Element_Cards\111_Rg_Roentgenium.png
SCI,Atomic Web/03_Element_Cards/112_Cn_Copernicium.png,SCI/Atomic Web/03_Element_Cards/112_Cn_Copernicium.png,.png,231078,2026-07-29T11:25:06.813183+00:00,e232f4b3a9bbc70a8f92524f3dc2513dc88770ef5d2e9a5c70c0fdece7ece603,True,2,SCI/Atomic Web/03_Element_Cards/112_Cn_Copernicium.png,C:\Users\joesh\Desktop\SCI\Atomic Web\03_Element_Cards\112_Cn_Copernicium.png
SCI,Atomic Web/03_Element_Cards/113_Nh_Nihonium.png,SCI/Atomic Web/03_Element_Cards/113_Nh_Nihonium.png,.png,231447,2026-07-29T11:25:06.742455+00:00,b8580e10e620d1eba28175ec1da44335c10feddfa87cbaddf6af4311ead08084,True,2,SCI/Atomic Web/03_Element_Cards/113_Nh_Nihonium.png,C:\Users\joesh\Desktop\SCI\Atomic Web\03_Element_Cards\113_Nh_Nihonium.png
SCI,Atomic Web/03_Element_Cards/114_Fl_Flerovium.png,SCI/Atomic Web/03_Element_Cards/114_Fl_Flerovium.png,.png,231577,2026-07-29T11:25:06.790606+00:00,0cdcc8acc2bb949b3e233a1685b8189d7e23f8d0766e4e00c16be8319a13dec2,True,2,SCI/Atomic Web/03_Element_Cards/114_Fl_Flerovium.png,C:\Users\joesh\Desktop\SCI\Atomic Web\03_Element_Cards\114_Fl_Flerovium.png
SCI,Atomic Web/03_Element_Cards/115_Mc_Moscovium.png,SCI/Atomic Web/03_Element_Cards/115_Mc_Moscovium.png,.png,235593,2026-07-29T11:25:06.738086+00:00,83b2ca83ae9c01f9d1f58bb4c35123d90816118c751df3bd6986bb0d85a41aa9,True,2,SCI/Atomic Web/03_Element_Cards/115_Mc_Moscovium.png,C:\Users\joesh\Desktop\SCI\Atomic Web\03_Element_Cards\115_Mc_Moscovium.png
SCI,Atomic Web/03_Element_Cards/116_Lv_Livermorium.png,SCI/Atomic Web/03_Element_Cards/116_Lv_Livermorium.png,.png,233252,2026-07-29T11:25:06.837658+00:00,fafeee8e2489ced22a050d0d3e39a7f1a3dd0625ed0eb9bd4eca8fe71d45d708,True,2,SCI/Atomic Web/03_Element_Cards/116_Lv_Livermorium.png,C:\Users\joesh\Desktop\SCI\Atomic Web\03_Element_Cards\116_Lv_Livermorium.png
SCI,Atomic Web/03_Element_Cards/117_Ts_Tennessine.png,SCI/Atomic Web/03_Element_Cards/117_Ts_Tennessine.png,.png,231726,2026-07-29T11:25:06.815791+00:00,a0ee7489045d91146a439503fbe0cbbaec3291eb84407c65138f33a09e19b088,True,2,SCI/Atomic Web/03_Element_Cards/117_Ts_Tennessine.png,C:\Users\joesh\Desktop\SCI\Atomic Web\03_Element_Cards\117_Ts_Tennessine.png
SCI,Atomic Web/03_Element_Cards/118_Og_Oganesson.png,SCI/Atomic Web/03_Element_Cards/118_Og_Oganesson.png,.png,242442,2026-07-29T11:25:06.796876+00:00,4dd6df469b63adfefbe935ee580c3766b31aa06e360b7c85af2f2c0e3c8243e8,True,2,SCI/Atomic Web/03_Element_Cards/118_Og_Oganesson.png,C:\Users\joesh\Desktop\SCI\Atomic Web\03_Element_Cards\118_Og_Oganesson.png
SCI,Atomic Web/04_Data/atomic_web_elements_118.csv,SCI/Atomic Web/04_Data/atomic_web_elements_118.csv,.csv,31629,2026-07-29T11:25:06.695873+00:00,7e14b76507c26504048d0364478ab3c75060b676e7770e85aa57ce3b1f8dfaf2,True,2,SCI/Atomic Web/04_Data/atomic_web_elements_118.csv,C:\Users\joesh\Desktop\SCI\Atomic Web\04_Data\atomic_web_elements_118.csv
SCI,Atomic Web/04_Data/atomic_web_elements_118.json,SCI/Atomic Web/04_Data/atomic_web_elements_118.json,.json,108912,2026-07-29T11:25:06.694873+00:00,d3025bb7cdc53d2cd8bf71b365554f318c0ec607c6a739e39a8181ac3c83970b,True,2,SCI/Atomic Web/04_Data/atomic_web_elements_118.json,C:\Users\joesh\Desktop\SCI\Atomic Web\04_Data\atomic_web_elements_118.json
SCI,Atomic Web/04_Data/render_complete_atomic_web_png.py,SCI/Atomic Web/04_Data/render_complete_atomic_web_png.py,.py,50817,2026-07-29T11:25:06.697615+00:00,8ef4defe433463054b27670fbba9688c60221539da3b9b43fcd4c4a49750b5f5,True,2,SCI/Atomic Web/04_Data/render_complete_atomic_web_png.py,C:\Users\joesh\Desktop\SCI\Atomic Web\04_Data\render_complete_atomic_web_png.py
SCI,Atomic Web/05_Audit/audit_atomic_web_results.json,SCI/Atomic Web/05_Audit/audit_atomic_web_results.json,.json,429,2026-07-29T11:38:49.398710+00:00,809fbe17eccba642792ce2cdbad52331bdb24bed1ea099c4ab53878212cf06f8,True,2,SCI/Atomic Web/05_Audit/audit_atomic_web_results.json,C:\Users\joesh\Desktop\SCI\Atomic Web\05_Audit\audit_atomic_web_results.json
SCI,Atomic Web/05_Audit/audit_results_118.csv,SCI/Atomic Web/05_Audit/audit_results_118.csv,.csv,12391,2026-07-29T11:25:06.691372+00:00,ecc2a535e27755f34a91ac5ccd8a43cdab1b7079e6ce79e05ecd4a34bf9ea7f8,True,2,SCI/Atomic Web/05_Audit/audit_results_118.csv,C:\Users\joesh\Desktop\SCI\Atomic Web\05_Audit\audit_results_118.csv
SCI,Atomic Web/05_Audit/audit_summary.txt,SCI/Atomic Web/05_Audit/audit_summary.txt,.txt,808,2026-07-29T11:25:06.689371+00:00,9aa442e4b231ec72394fe442b476317702cffc5c0d9df4db082120fdbb1d284b,True,2,SCI/Atomic Web/05_Audit/audit_summary.txt,C:\Users\joesh\Desktop\SCI\Atomic Web\05_Audit\audit_summary.txt
SCI,Atomic Web/05_Audit/independent_audit.py,SCI/Atomic Web/05_Audit/independent_audit.py,.py,9360,2026-07-29T11:25:25.567026+00:00,f100dbf325a70815dd8e15fe33ba9d12c5edf85e6cc1549c846c20626431e5de,True,2,SCI/Atomic Web/05_Audit/independent_audit.py,C:\Users\joesh\Desktop\SCI\Atomic Web\05_Audit\independent_audit.py
SCI,Atomic Web/manifest.json,SCI/Atomic Web/manifest.json,.json,10920,2026-07-29T11:25:06.687371+00:00,ee9bae4c79449db396e8c3e56ac3cca1255d39b7b994f45b1cd6216545315f52,True,2,SCI/Atomic Web/manifest.json,C:\Users\joesh\Desktop\SCI\Atomic Web\manifest.json
SCI,Atomic Web/README.txt,SCI/Atomic Web/README.txt,.txt,1833,2026-07-29T11:25:06.692372+00:00,984d48760e2c6a7ebd1f5dffdd308f4d509db958eb5f9d6602a8bb82a6621a59,True,2,SCI/Atomic Web/README.txt,C:\Users\joesh\Desktop\SCI\Atomic Web\README.txt
SCI,Atomic Web/SHA256SUMS.txt,SCI/Atomic Web/SHA256SUMS.txt,.txt,14559,2026-07-29T11:38:59.169765+00:00,a99b16391342b84fd36fba3d93152a5dcbb024ea00e4504ad90f9f2c73d3c738,True,2,SCI/Atomic Web/SHA256SUMS.txt,C:\Users\joesh\Desktop\SCI\Atomic Web\SHA256SUMS.txt
SCI,dl papers/From_Chiral_Wave_Evolution_to_PLA_Joseph_Shields.docx,SCI/dl papers/From_Chiral_Wave_Evolution_to_PLA_Joseph_Shields.docx,.docx,142817,2026-07-28T09:39:58.863523+00:00,63bc9eb09444c9faa5b57a59a7a2f43d6150cd5254dcf90b36274c3cd704d814,False,2,MONOGRAPH/05 TRAVERSAL PAPERS/03 From Chiral Wave Evolution to the Principle of Logical Action.docx,C:\Users\joesh\Desktop\SCI\dl papers\From_Chiral_Wave_Evolution_to_PLA_Joseph_Shields.docx
SCI,dl papers/Geometric_Lift_of_Negative_Holographic_Evolution_Joseph_Shields.docx,SCI/dl papers/Geometric_Lift_of_Negative_Holographic_Evolution_Joseph_Shields.docx,.docx,143638,2026-07-28T05:03:29.680440+00:00,528803ede7701f98c0aebe41ee8892e8ced8fb1b1f48a0efad2518d418e74186,False,8,MONOGRAPH/06 HELICAL RELATIVITY/01 THE FIELD/Geometric_Lift_of_Negative_Holographic_Evolution_Joseph_Shields.docx,C:\Users\joesh\Desktop\SCI\dl papers\Geometric_Lift_of_Negative_Holographic_Evolution_Joseph_Shields.docx
SCI,dl papers/Least_Cost_Holonomy_and_CoDistinction_Fields_Joseph_Shields_FORMALISED.docx,SCI/dl papers/Least_Cost_Holonomy_and_CoDistinction_Fields_Joseph_Shields_FORMALISED.docx,.docx,1823502,2026-07-28T12:15:38.398871+00:00,04c31a0877803aeb6c9203754f42b70963b53993e88abbc78eb751ea3ec5e3f4,False,7,MONOGRAPH/05 TRAVERSAL PAPERS/04 Least-Cost Holonomy and Co-Distinction Fields.docx,C:\Users\joesh\Desktop\SCI\dl papers\Least_Cost_Holonomy_and_CoDistinction_Fields_Joseph_Shields_FORMALISED.docx
SCI,dl papers/Personal_Relativity_Working_Formalism.docx,SCI/dl papers/Personal_Relativity_Working_Formalism.docx,.docx,48728,2026-07-30T02:55:59.085822+00:00,c1e47568c5850eef27e4fea8375f00a9628c8b61e322bd4d22e0b6a86d072284,True,1,SCI/dl papers/Personal_Relativity_Working_Formalism.docx,C:\Users\joesh\Desktop\SCI\dl papers\Personal_Relativity_Working_Formalism.docx
SCI,dl papers/The_Depth_of_Traversal_Consolidated_Joseph_Shields.docx,SCI/dl papers/The_Depth_of_Traversal_Consolidated_Joseph_Shields.docx,.docx,224147,2026-07-28T09:41:45.586721+00:00,c3cd55df595ff92f86e74aa68873d0bebac160b3e1ffcb2a626e05104e44113d,False,2,MONOGRAPH/05 TRAVERSAL PAPERS/01 The Depth of Traversal (Consolidated).docx,C:\Users\joesh\Desktop\SCI\dl papers\The_Depth_of_Traversal_Consolidated_Joseph_Shields.docx
SCI,dl papers/The_Depth_of_Traversal_Joseph_Shields.docx,SCI/dl papers/The_Depth_of_Traversal_Joseph_Shields.docx,.docx,150605,2026-07-28T04:56:13.997651+00:00,235e1f4e25eebe20e67ba2144e1abfc38425dcd77b7fa65e8852c8bf16531b6b,True,2,SCI/dl papers/The_Depth_of_Traversal_Joseph_Shields.docx,C:\Users\joesh\Desktop\SCI\dl papers\The_Depth_of_Traversal_Joseph_Shields.docx
SCI,dl papers/The_Rate_Across_the_Scale_Joseph_Shields.docx,SCI/dl papers/The_Rate_Across_the_Scale_Joseph_Shields.docx,.docx,429475,2026-07-28T08:25:42.575801+00:00,dbbff3bf2383704fe81e0a25b1414bbaa2a3ca34914c005a1fe47492a37cb559,False,2,MONOGRAPH/05 TRAVERSAL PAPERS/02 The Rate Across the Scale.docx,C:\Users\joesh\Desktop\SCI\dl papers\The_Rate_Across_the_Scale_Joseph_Shields.docx
SCI,dl papers/The_Source_Sector_Joseph_Shields.docx,SCI/dl papers/The_Source_Sector_Joseph_Shields.docx,.docx,23368,2026-07-28T14:06:44.078909+00:00,1dc635ea1167a3f3314f8c4913c70c7cfe77e12687ae11829ece17d045d45d7e,False,2,MONOGRAPH/05 TRAVERSAL PAPERS/05 The Source Sector.docx,C:\Users\joesh\Desktop\SCI\dl papers\The_Source_Sector_Joseph_Shields.docx
SCI,dl papers/Traversal_Depth_Across_AdS_CFT_Joseph_Shields_Revised.docx,SCI/dl papers/Traversal_Depth_Across_AdS_CFT_Joseph_Shields_Revised.docx,.docx,149790,2026-07-28T04:56:28.426815+00:00,b110f68a0d2d0e5c40db2459c03579b8fe75e76d83940d8a5e9c05e78c175c31,True,2,SCI/dl papers/Traversal_Depth_Across_AdS_CFT_Joseph_Shields_Revised.docx,C:\Users\joesh\Desktop\SCI\dl papers\Traversal_Depth_Across_AdS_CFT_Joseph_Shields_Revised.docx
SCI,Field Ledger Second Edition/bookbody1.py,SCI/Field Ledger Second Edition/bookbody1.py,.py,22059,2026-07-30T16:04:20.424677+00:00,13cc8dcdf6da93c6bd296830d07bf56933459f89bbefa6e1affa4f1c06a95614,True,1,SCI/Field Ledger Second Edition/bookbody1.py,C:\Users\joesh\Desktop\SCI\Field Ledger Second Edition\bookbody1.py
SCI,Field Ledger Second Edition/bookbody2.py,SCI/Field Ledger Second Edition/bookbody2.py,.py,15987,2026-07-30T16:04:20.438596+00:00,0b628cde2253432236784b4f39796cb36e6a9c5b007ab8c4ee8f164e11091310,True,1,SCI/Field Ledger Second Edition/bookbody2.py,C:\Users\joesh\Desktop\SCI\Field Ledger Second Edition\bookbody2.py
SCI,Field Ledger Second Edition/bookbody3.py,SCI/Field Ledger Second Edition/bookbody3.py,.py,19197,2026-07-30T12:56:48.433066+00:00,c59aa20052da52da708cd039fbd9ce2d8d032d3da4aead72316a25cd7cb1b843,False,2,MONOGRAPH/Field Ledger Second Edition/bookbody3.py,C:\Users\joesh\Desktop\SCI\Field Ledger Second Edition\bookbody3.py
SCI,Field Ledger Second Edition/bookbody4.py,SCI/Field Ledger Second Edition/bookbody4.py,.py,25820,2026-07-30T16:04:20.450393+00:00,2c7cd5f55d7bce8e6445b2340e8e75f53be7c80fc86ea1945a07dd8b8101006e,True,1,SCI/Field Ledger Second Edition/bookbody4.py,C:\Users\joesh\Desktop\SCI\Field Ledger Second Edition\bookbody4.py
SCI,Field Ledger Second Edition/bookhead.py,SCI/Field Ledger Second Edition/bookhead.py,.py,14750,2026-07-30T16:04:20.412037+00:00,4004bf14e28cfc51def3bf8a4794fa7831cfcfc97fe8e1a440a29f9d0a30ce51,False,2,MONOGRAPH/Field Ledger Second Edition/bookhead.py,C:\Users\joesh\Desktop\SCI\Field Ledger Second Edition\bookhead.py
SCI,Field Ledger Second Edition/build.py,SCI/Field Ledger Second Edition/build.py,.py,758,2026-07-30T12:56:48.486392+00:00,fb524da1408cb8f37f606f1b53fc5cbcad3646cb1730c5dd62d015b72b18de70,True,1,SCI/Field Ledger Second Edition/build.py,C:\Users\joesh\Desktop\SCI\Field Ledger Second Edition\build.py
SCI,Field Ledger Second Edition/figures/fl_f01_rule.png,SCI/Field Ledger Second Edition/figures/fl_f01_rule.png,.png,232457,2026-07-30T12:41:33.173178+00:00,704a4610341b6457ebab4e01113990045fa89f8d6b6915b0e58f9e551f05b337,False,2,MONOGRAPH/Field Ledger Second Edition/figures/fl_f01_rule.png,C:\Users\joesh\Desktop\SCI\Field Ledger Second Edition\figures\fl_f01_rule.png
SCI,Field Ledger Second Edition/figures/fl_f02_timeline.png,SCI/Field Ledger Second Edition/figures/fl_f02_timeline.png,.png,204835,2026-07-30T12:41:33.182093+00:00,c682b091a60880e12eaacd9b32e6ff76883d70131d65570972534574b0bc5fd3,False,2,MONOGRAPH/Field Ledger Second Edition/figures/fl_f02_timeline.png,C:\Users\joesh\Desktop\SCI\Field Ledger Second Edition\figures\fl_f02_timeline.png
SCI,Field Ledger Second Edition/figures/fl_f03_pipeline.png,SCI/Field Ledger Second Edition/figures/fl_f03_pipeline.png,.png,192130,2026-07-30T12:41:33.197225+00:00,9eee2bddc7a17818ad409e4c2e476339ced61f786e1745606005d8a30af295d4,False,2,MONOGRAPH/Field Ledger Second Edition/figures/fl_f03_pipeline.png,C:\Users\joesh\Desktop\SCI\Field Ledger Second Edition\figures\fl_f03_pipeline.png
SCI,Field Ledger Second Edition/figures/fl_f04_square.png,SCI/Field Ledger Second Edition/figures/fl_f04_square.png,.png,186022,2026-07-30T12:41:33.207086+00:00,dc51912e9f9eccb97465b9fb53e67e9af4da7728693f89df7f4eeed8d937ca0a,False,2,MONOGRAPH/Field Ledger Second Edition/figures/fl_f04_square.png,C:\Users\joesh\Desktop\SCI\Field Ledger Second Edition\figures\fl_f04_square.png
SCI,Field Ledger Second Edition/figures/fl_f05_hotel.png,SCI/Field Ledger Second Edition/figures/fl_f05_hotel.png,.png,258137,2026-07-30T12:41:33.215041+00:00,b38e3e0a1b247694c0ef709ae8cc76fc4552e8dc51f89fbb1333af7838bfcf7f,False,2,MONOGRAPH/Field Ledger Second Edition/figures/fl_f05_hotel.png,C:\Users\joesh\Desktop\SCI\Field Ledger Second Edition\figures\fl_f05_hotel.png
SCI,Field Ledger Second Edition/figures/fl_f06_update.png,SCI/Field Ledger Second Edition/figures/fl_f06_update.png,.png,223311,2026-07-30T12:41:33.223535+00:00,2c5facfa98ec371d3667a1720bf844a203df48f1b48c20550b4ca82aa32b0366,False,2,MONOGRAPH/Field Ledger Second Edition/figures/fl_f06_update.png,C:\Users\joesh\Desktop\SCI\Field Ledger Second Edition\figures\fl_f06_update.png
SCI,Field Ledger Second Edition/figures/fl_f07_chiral.png,SCI/Field Ledger Second Edition/figures/fl_f07_chiral.png,.png,230227,2026-07-30T12:41:33.238050+00:00,d9253674e9aea36077443f528ba77299907bfa9b2a41439420d53744376fe02e,False,2,MONOGRAPH/Field Ledger Second Edition/figures/fl_f07_chiral.png,C:\Users\joesh\Desktop\SCI\Field Ledger Second Edition\figures\fl_f07_chiral.png
SCI,Field Ledger Second Edition/figures/fl_f08_godel.png,SCI/Field Ledger Second Edition/figures/fl_f08_godel.png,.png,266596,2026-07-30T12:41:33.253091+00:00,cac85045abc1cc0751cc8e7256034215bbeb1f6c6b97a401069b2f167a9c35ac,False,2,MONOGRAPH/Field Ledger Second Edition/figures/fl_f08_godel.png,C:\Users\joesh\Desktop\SCI\Field Ledger Second Edition\figures\fl_f08_godel.png
SCI,Field Ledger Second Edition/figures/fl_f09_scalars.png,SCI/Field Ledger Second Edition/figures/fl_f09_scalars.png,.png,242427,2026-07-30T12:41:33.261058+00:00,f3d1c7e8fce602b65656eb88519c74d94b40f7db9261ece69e524cffc54f2da2,False,2,MONOGRAPH/Field Ledger Second Edition/figures/fl_f09_scalars.png,C:\Users\joesh\Desktop\SCI\Field Ledger Second Edition\figures\fl_f09_scalars.png
SCI,Field Ledger Second Edition/figures/fl_f11_equivalence.png,SCI/Field Ledger Second Edition/figures/fl_f11_equivalence.png,.png,247753,2026-07-30T12:41:33.277363+00:00,cd41fcd5b63560d086568a678b0ec02816027e886cd06ca47c9192fd3d6398f4,False,2,MONOGRAPH/Field Ledger Second Edition/figures/fl_f11_equivalence.png,C:\Users\joesh\Desktop\SCI\Field Ledger Second Edition\figures\fl_f11_equivalence.png
SCI,Field Ledger Second Edition/figures/fl_f12_dark.png,SCI/Field Ledger Second Edition/figures/fl_f12_dark.png,.png,288016,2026-07-30T12:41:33.291310+00:00,7dd4ec6b7cb05e7c4ef0cbd4af966614fe643259364b6eda739b27a1822f2e81,False,2,MONOGRAPH/Field Ledger Second Edition/figures/fl_f12_dark.png,C:\Users\joesh\Desktop\SCI\Field Ledger Second Edition\figures\fl_f12_dark.png
SCI,Field Ledger Second Edition/figures/fl_f19_operator.png,SCI/Field Ledger Second Edition/figures/fl_f19_operator.png,.png,252605,2026-07-30T12:41:33.304090+00:00,392072c1ebda4db7f8c11c721523df354258e0a28844ace78b3670fdbb8dea6f,False,2,MONOGRAPH/Field Ledger Second Edition/figures/fl_f19_operator.png,C:\Users\joesh\Desktop\SCI\Field Ledger Second Edition\figures\fl_f19_operator.png
SCI,Field Ledger Second Edition/figures/fl_f20_reach.png,SCI/Field Ledger Second Edition/figures/fl_f20_reach.png,.png,309677,2026-07-30T12:41:33.318447+00:00,53b44472100a463063d3d627e270af834ab52bb9d4051e675c0841e42c96e887,False,2,MONOGRAPH/Field Ledger Second Edition/figures/fl_f20_reach.png,C:\Users\joesh\Desktop\SCI\Field Ledger Second Edition\figures\fl_f20_reach.png
SCI,Field Ledger Second Edition/figures/fl_f21_pulls.png,SCI/Field Ledger Second Edition/figures/fl_f21_pulls.png,.png,217979,2026-07-30T12:41:33.331893+00:00,747c265410b7bafdf3e1d0ca92cd833610cca3e9f9886976aaa94b8fb8d235ea,False,2,MONOGRAPH/Field Ledger Second Edition/figures/fl_f21_pulls.png,C:\Users\joesh\Desktop\SCI\Field Ledger Second Edition\figures\fl_f21_pulls.png
SCI,Field Ledger Second Edition/figures/fl_f22_payment.png,SCI/Field Ledger Second Edition/figures/fl_f22_payment.png,.png,155953,2026-07-30T12:41:33.346592+00:00,1d2142629780cf2ed23c2cda1a56e5a23d015a443962a1f0a9b96a4550cdebe8,False,2,MONOGRAPH/Field Ledger Second Edition/figures/fl_f22_payment.png,C:\Users\joesh\Desktop\SCI\Field Ledger Second Edition\figures\fl_f22_payment.png
SCI,Field Ledger Second Edition/figures/fl_f23_ladder.png,SCI/Field Ledger Second Edition/figures/fl_f23_ladder.png,.png,293211,2026-07-30T12:41:33.355031+00:00,499196054edc1cf7a4a19c8883ad723c61ea8e815588e21708611ec85e8b6f2b,False,2,MONOGRAPH/Field Ledger Second Edition/figures/fl_f23_ladder.png,C:\Users\joesh\Desktop\SCI\Field Ledger Second Edition\figures\fl_f23_ladder.png
SCI,Field Ledger Second Edition/figures/fl_f24_loo.png,SCI/Field Ledger Second Edition/figures/fl_f24_loo.png,.png,241656,2026-07-30T12:41:33.369585+00:00,4edb92cbb6672e8314aaa74a6149b0a45569b765ecd707d18cce36e238a6426c,False,2,MONOGRAPH/Field Ledger Second Edition/figures/fl_f24_loo.png,C:\Users\joesh\Desktop\SCI\Field Ledger Second Edition\figures\fl_f24_loo.png
SCI,Field Ledger Second Edition/figures/fl_f25_subsets.png,SCI/Field Ledger Second Edition/figures/fl_f25_subsets.png,.png,218719,2026-07-30T12:41:33.384130+00:00,3190564a0b648f0d1756e6e2bd9558ee3ddde031c90bc4e7116a3d03708322b5,False,2,MONOGRAPH/Field Ledger Second Edition/figures/fl_f25_subsets.png,C:\Users\joesh\Desktop\SCI\Field Ledger Second Edition\figures\fl_f25_subsets.png
SCI,Field Ledger Second Edition/figures/fl_f26_halfweight.png,SCI/Field Ledger Second Edition/figures/fl_f26_halfweight.png,.png,297969,2026-07-30T12:41:33.398789+00:00,cb8144e375c57b9424350c0e0db4288e6cc8023b0e11cf93d8aba4a21a51b7a7,False,2,MONOGRAPH/Field Ledger Second Edition/figures/fl_f26_halfweight.png,C:\Users\joesh\Desktop\SCI\Field Ledger Second Edition\figures\fl_f26_halfweight.png
SCI,Field Ledger Second Edition/figures/fl_f27_peaks.png,SCI/Field Ledger Second Edition/figures/fl_f27_peaks.png,.png,215474,2026-07-30T12:41:33.407360+00:00,52ddcfbdcc2344d3273500b6e373c573862ac9fff5886b6d6879014a302609a4,False,2,MONOGRAPH/Field Ledger Second Edition/figures/fl_f27_peaks.png,C:\Users\joesh\Desktop\SCI\Field Ledger Second Edition\figures\fl_f27_peaks.png
SCI,Field Ledger Second Edition/figures/fl_f28_basins.png,SCI/Field Ledger Second Edition/figures/fl_f28_basins.png,.png,211013,2026-07-30T12:41:33.415828+00:00,5fb93901c1536e417667b981c0625f128402f13eaf2d0379a867bda8f1978645,False,2,MONOGRAPH/Field Ledger Second Edition/figures/fl_f28_basins.png,C:\Users\joesh\Desktop\SCI\Field Ledger Second Edition\figures\fl_f28_basins.png
SCI,Field Ledger Second Edition/figures/fl_f29_ladder.png,SCI/Field Ledger Second Edition/figures/fl_f29_ladder.png,.png,225735,2026-07-30T12:41:33.431784+00:00,085739e65948fe2fd1ba6a69dbcfe2d860d781be1e1ff7056c682219835010d6,False,2,MONOGRAPH/Field Ledger Second Edition/figures/fl_f29_ladder.png,C:\Users\joesh\Desktop\SCI\Field Ledger Second Edition\figures\fl_f29_ladder.png
SCI,Field Ledger Second Edition/figures/fl_f30_close.png,SCI/Field Ledger Second Edition/figures/fl_f30_close.png,.png,199578,2026-07-30T12:41:33.446036+00:00,99bb0f8a51dbaf6368592a562ec57861370aca9d4f2643b3e11fef5cc346d305,False,2,MONOGRAPH/Field Ledger Second Edition/figures/fl_f30_close.png,C:\Users\joesh\Desktop\SCI\Field Ledger Second Edition\figures\fl_f30_close.png
SCI,Field Ledger Second Edition/figures/js_plate_10.png,SCI/Field Ledger Second Edition/figures/js_plate_10.png,.png,1727394,2026-07-30T12:41:33.479013+00:00,4f896c497a4d7ab0f3fe512fc09edf801a636e5456a6afac707dbbebd22212f4,False,4,MONOGRAPH/Field Ledger Second Edition/figures/js_plate_10.png,C:\Users\joesh\Desktop\SCI\Field Ledger Second Edition\figures\js_plate_10.png
SCI,Field Ledger Second Edition/figures/js_plate_13.png,SCI/Field Ledger Second Edition/figures/js_plate_13.png,.png,572692,2026-07-30T12:41:33.506186+00:00,a9ce571216972c25432f42b866fa15fe10a268cb8125d0bdabc95c9649057637,False,2,MONOGRAPH/Field Ledger Second Edition/figures/js_plate_13.png,C:\Users\joesh\Desktop\SCI\Field Ledger Second Edition\figures\js_plate_13.png
SCI,Field Ledger Second Edition/figures/js_plate_14.png,SCI/Field Ledger Second Edition/figures/js_plate_14.png,.png,151939,2026-07-30T12:41:33.533291+00:00,c7810458de382340a227b1a4d3ade1ec6990447cc2ea38221262cee52f24e789,False,2,MONOGRAPH/Field Ledger Second Edition/figures/js_plate_14.png,C:\Users\joesh\Desktop\SCI\Field Ledger Second Edition\figures\js_plate_14.png
SCI,Field Ledger Second Edition/figures/js_plate_15.png,SCI/Field Ledger Second Edition/figures/js_plate_15.png,.png,174766,2026-07-30T12:41:33.560407+00:00,bd9db4e267716a467a7604b9760292f8ca0ab2a8bcc5eee4c694687ee4556d5d,False,2,MONOGRAPH/Field Ledger Second Edition/figures/js_plate_15.png,C:\Users\joesh\Desktop\SCI\Field Ledger Second Edition\figures\js_plate_15.png
SCI,Field Ledger Second Edition/figures/js_plate_16.png,SCI/Field Ledger Second Edition/figures/js_plate_16.png,.png,214481,2026-07-30T12:41:33.588310+00:00,6c11076b045798532f0393a44686f22635c9292120425ee6926bf445cc877a1f,False,2,MONOGRAPH/Field Ledger Second Edition/figures/js_plate_16.png,C:\Users\joesh\Desktop\SCI\Field Ledger Second Edition\figures\js_plate_16.png
SCI,Field Ledger Second Edition/figures/js_plate_17.png,SCI/Field Ledger Second Edition/figures/js_plate_17.png,.png,103696,2026-07-30T12:41:33.614450+00:00,800b7c7148b797afd77abb53ee67f8e686f76705f1dccc81795515e11bc02ebf,False,2,MONOGRAPH/Field Ledger Second Edition/figures/js_plate_17.png,C:\Users\joesh\Desktop\SCI\Field Ledger Second Edition\figures\js_plate_17.png
SCI,Field Ledger Second Edition/figures/js_plate_18.png,SCI/Field Ledger Second Edition/figures/js_plate_18.png,.png,199475,2026-07-30T12:41:33.641323+00:00,210376da04b1363d0e1b1b2c00ab792a55ded1ee00a88c404ab26a5843b908ef,False,2,MONOGRAPH/Field Ledger Second Edition/figures/js_plate_18.png,C:\Users\joesh\Desktop\SCI\Field Ledger Second Edition\figures\js_plate_18.png
SCI,Field Ledger Second Edition/fl_base.py,SCI/Field Ledger Second Edition/fl_base.py,.py,6641,2026-07-30T12:56:48.335375+00:00,502c7d26f8ee2731dd09e6757182501b0975ddb2a1aeba4137a93191f76fe788,True,1,SCI/Field Ledger Second Edition/fl_base.py,C:\Users\joesh\Desktop\SCI\Field Ledger Second Edition\fl_base.py
SCI,Field Ledger Second Edition/fl_charts.py,SCI/Field Ledger Second Edition/fl_charts.py,.py,27016,2026-07-30T12:56:48.352116+00:00,57e313c7ab887f6791c8c63a54cf0349a85cc8c8d2fef62748e292bef5de6b8d,True,1,SCI/Field Ledger Second Edition/fl_charts.py,C:\Users\joesh\Desktop\SCI\Field Ledger Second Edition\fl_charts.py
SCI,Field Ledger Second Edition/fl_diagrams.py,SCI/Field Ledger Second Edition/fl_diagrams.py,.py,28923,2026-07-30T12:56:48.337570+00:00,5cc1775610f1fdef2d24b3a34bfe3884bc00348f1bd3311b206497804ba6e7a8,True,1,SCI/Field Ledger Second Edition/fl_diagrams.py,C:\Users\joesh\Desktop\SCI\Field Ledger Second Edition\fl_diagrams.py
SCI,Field Ledger Second Edition/SHA256SUMS.txt,SCI/Field Ledger Second Edition/SHA256SUMS.txt,.txt,3739,2026-07-30T16:04:20.578627+00:00,059f08357c90bc55bcf11a4911a534fc6b31a9341214ff74828f2e079fd4d949,False,2,MONOGRAPH/Field Ledger Second Edition/SHA256SUMS.txt,C:\Users\joesh\Desktop\SCI\Field Ledger Second Edition\SHA256SUMS.txt
SCI,Field Ledger Second Edition/Unified_Mechanics_The_Field_Ledger_Second_Edition.docx,SCI/Field Ledger Second Edition/Unified_Mechanics_The_Field_Ledger_Second_Edition.docx,.docx,8222550,2026-07-30T16:03:01.722850+00:00,94bcdc5090c58614f45cdd2c9e83c831bd02fa925b5c0b568cd7752817dcd281,False,2,MONOGRAPH/Field Ledger Second Edition/Unified_Mechanics_The_Field_Ledger_Second_Edition.docx,C:\Users\joesh\Desktop\SCI\Field Ledger Second Edition\Unified_Mechanics_The_Field_Ledger_Second_Edition.docx
SCI,Field Ledger Second Edition/Unified_Mechanics_The_Field_Ledger_Second_Edition.pdf,SCI/Field Ledger Second Edition/Unified_Mechanics_The_Field_Ledger_Second_Edition.pdf,.pdf,5209663,2026-07-30T16:03:28.823949+00:00,d74219a60b62cc26d71487feec07f07c997e8e2a8bb81a7b42ceff32e1509637,False,2,MONOGRAPH/Field Ledger Second Edition/Unified_Mechanics_The_Field_Ledger_Second_Edition.pdf,C:\Users\joesh\Desktop\SCI\Field Ledger Second Edition\Unified_Mechanics_The_Field_Ledger_Second_Edition.pdf
SCI,Helical Relativity/00 Paper/The_Bubble_Field_Mathematical_Field_Edition_Joseph_Shields.docx,SCI/Helical Relativity/00 Paper/The_Bubble_Field_Mathematical_Field_Edition_Joseph_Shields.docx,.docx,595980,2026-07-29T06:30:50.201081+00:00,ec0b4b78e23c67dfa5ddf17a3a829df12fd5446e93ade1afb6dc6d5016f6e0bf,False,5,MONOGRAPH/06 HELICAL RELATIVITY/01 THE FIELD/The_Bubble_Field_Mathematical_Field_Edition_Joseph_Shields.docx,C:\Users\joesh\Desktop\SCI\Helical Relativity\00 Paper\The_Bubble_Field_Mathematical_Field_Edition_Joseph_Shields.docx
SCI,Helical Relativity/00 STANDING ACCOUNT.md,SCI/Helical Relativity/00 STANDING ACCOUNT.md,.md,15158,2026-07-29T11:39:12.577453+00:00,9d8ba77fac84386ff91439c4fa5c4096d61dc7ca7aa2035361c12d42541d7c5b,False,4,MONOGRAPH/06 HELICAL RELATIVITY/00 START HERE/02 STANDING ACCOUNT.md,C:\Users\joesh\Desktop\SCI\Helical Relativity\00 STANDING ACCOUNT.md
SCI,Helical Relativity/01 Computations/audit_closure_attack.py,SCI/Helical Relativity/01 Computations/audit_closure_attack.py,.py,13937,2026-07-29T05:27:02.450110+00:00,9ce880fe69736a496e80b9003840a9f22e55fc7a126b5b05a0cb2042a6e17a03,True,3,SCI/Helical Relativity/01 Computations/audit_closure_attack.py,C:\Users\joesh\Desktop\SCI\Helical Relativity\01 Computations\audit_closure_attack.py
SCI,Helical Relativity/01 Computations/audit_closure_attack_results.json,SCI/Helical Relativity/01 Computations/audit_closure_attack_results.json,.json,2110,2026-07-29T11:37:42.675671+00:00,90c44a9c7b2096cec8935b81c91e748776f4a82913fa2c210dca056f0aef79df,True,1,SCI/Helical Relativity/01 Computations/audit_closure_attack_results.json,C:\Users\joesh\Desktop\SCI\Helical Relativity\01 Computations\audit_closure_attack_results.json
SCI,Helical Relativity/01 Computations/bubble_field.py,SCI/Helical Relativity/01 Computations/bubble_field.py,.py,19312,2026-07-29T09:59:26.223884+00:00,cf2e3c3f1b2c1c07494795b07b0e77a2a93d92678f91505cfa1765d7459d59b2,False,4,MONOGRAPH/06 HELICAL RELATIVITY/02 COMPUTATIONS/bubble_field.py,C:\Users\joesh\Desktop\SCI\Helical Relativity\01 Computations\bubble_field.py
SCI,Helical Relativity/01 Computations/bubble_field_closure_attack.py,SCI/Helical Relativity/01 Computations/bubble_field_closure_attack.py,.py,21182,2026-07-29T06:30:50.238298+00:00,544b1283100bf22998538b519487cfde3568148a29e3bacad97a3495ddb87a16,True,3,SCI/Helical Relativity/01 Computations/bubble_field_closure_attack.py,C:\Users\joesh\Desktop\SCI\Helical Relativity\01 Computations\bubble_field_closure_attack.py
SCI,Helical Relativity/01 Computations/bubble_field_closure_attack_results.json,SCI/Helical Relativity/01 Computations/bubble_field_closure_attack_results.json,.json,8790,2026-07-29T11:37:47.726554+00:00,427b3d86532dc45670246a15907f7ecea8a175e8cdbefcd44c9400f6525411eb,True,1,SCI/Helical Relativity/01 Computations/bubble_field_closure_attack_results.json,C:\Users\joesh\Desktop\SCI\Helical Relativity\01 Computations\bubble_field_closure_attack_results.json
SCI,Helical Relativity/01 Computations/bubble_field_compression_boundary.py,SCI/Helical Relativity/01 Computations/bubble_field_compression_boundary.py,.py,14668,2026-07-29T06:30:56.624624+00:00,4387ccb3a925f11184c7b43eb01da12be8d11ae3ee5918d53b4e155656cd776e,False,5,MONOGRAPH/06 HELICAL RELATIVITY/02 COMPUTATIONS/bubble_field_compression_boundary.py,C:\Users\joesh\Desktop\SCI\Helical Relativity\01 Computations\bubble_field_compression_boundary.py
SCI,Helical Relativity/01 Computations/bubble_field_compression_boundary_map.png,SCI/Helical Relativity/01 Computations/bubble_field_compression_boundary_map.png,.png,175885,2026-07-29T11:37:50.274602+00:00,256da9b3f31827826ee694d877628648f167bd00cbeb34cc42cc526022de7be3,False,5,MONOGRAPH/06 HELICAL RELATIVITY/02 COMPUTATIONS/bubble_field_compression_boundary_map.png,C:\Users\joesh\Desktop\SCI\Helical Relativity\01 Computations\bubble_field_compression_boundary_map.png
SCI,Helical Relativity/01 Computations/bubble_field_compression_boundary_results.json,SCI/Helical Relativity/01 Computations/bubble_field_compression_boundary_results.json,.json,7528,2026-07-29T11:37:49.541536+00:00,a094545536dd57f5da0ebe23802bd34319727a1d2de26561797c62dbd16cd73c,False,5,MONOGRAPH/06 HELICAL RELATIVITY/02 COMPUTATIONS/bubble_field_compression_boundary_results.json,C:\Users\joesh\Desktop\SCI\Helical Relativity\01 Computations\bubble_field_compression_boundary_results.json
SCI,Helical Relativity/01 Computations/bubble_field_G_bridge.png,SCI/Helical Relativity/01 Computations/bubble_field_G_bridge.png,.png,65652,2026-07-29T11:37:46.647783+00:00,0503db834c9e35d0ec0855b7f204b4cec81c5533af230717516caeb3f5871638,False,5,MONOGRAPH/06 HELICAL RELATIVITY/02 COMPUTATIONS/bubble_field_G_bridge.png,C:\Users\joesh\Desktop\SCI\Helical Relativity\01 Computations\bubble_field_G_bridge.png
SCI,Helical Relativity/01 Computations/bubble_field_lepton_candidate.png,SCI/Helical Relativity/01 Computations/bubble_field_lepton_candidate.png,.png,38442,2026-07-29T11:37:47.714281+00:00,4dc10afe3a10c03070c8787dfcd4915ddafe985aea92602aab5ee2ff56b8b4c5,False,5,MONOGRAPH/06 HELICAL RELATIVITY/02 COMPUTATIONS/bubble_field_lepton_candidate.png,C:\Users\joesh\Desktop\SCI\Helical Relativity\01 Computations\bubble_field_lepton_candidate.png
SCI,Helical Relativity/01 Computations/bubble_field_recovery_ledger.png,SCI/Helical Relativity/01 Computations/bubble_field_recovery_ledger.png,.png,152913,2026-07-29T11:37:50.734893+00:00,6ac10317ee8d87e07f8e179cf7854aaece12655cc4b79e0fa1169d14dfbd1371,False,5,MONOGRAPH/06 HELICAL RELATIVITY/02 COMPUTATIONS/bubble_field_recovery_ledger.png,C:\Users\joesh\Desktop\SCI\Helical Relativity\01 Computations\bubble_field_recovery_ledger.png
SCI,Helical Relativity/01 Computations/bubble_field_results.json,SCI/Helical Relativity/01 Computations/bubble_field_results.json,.json,2900,2026-07-29T11:37:44.099893+00:00,a128002346ef0517a4b22581ca6bdd7700eec58eb93282947e3a6365375ab503,True,1,SCI/Helical Relativity/01 Computations/bubble_field_results.json,C:\Users\joesh\Desktop\SCI\Helical Relativity\01 Computations\bubble_field_results.json
SCI,Helical Relativity/01 Computations/bubble_field_rigorous.py,SCI/Helical Relativity/01 Computations/bubble_field_rigorous.py,.py,14426,2026-07-29T06:30:50.309983+00:00,38370b3d965ebad324bbf1be781a5c30594553b6a63df60a411afc44127f81f0,True,3,SCI/Helical Relativity/01 Computations/bubble_field_rigorous.py,C:\Users\joesh\Desktop\SCI\Helical Relativity\01 Computations\bubble_field_rigorous.py
SCI,Helical Relativity/01 Computations/bubble_field_rigorous_profiles.png,SCI/Helical Relativity/01 Computations/bubble_field_rigorous_profiles.png,.png,195810,2026-07-29T11:37:53.989618+00:00,bd9508075c616ae4b477874ef231e14b0ef51a7ba96150a824fee70a0407a32a,False,5,MONOGRAPH/06 HELICAL RELATIVITY/02 COMPUTATIONS/bubble_field_rigorous_profiles.png,C:\Users\joesh\Desktop\SCI\Helical Relativity\01 Computations\bubble_field_rigorous_profiles.png
SCI,Helical Relativity/01 Computations/bubble_field_rigorous_results.json,SCI/Helical Relativity/01 Computations/bubble_field_rigorous_results.json,.json,3581,2026-07-29T11:37:54.008723+00:00,c26e648edba6ed4e053f8a8e6f5207c321b36ad54cf13ef54bf41f9e56222e52,True,1,SCI/Helical Relativity/01 Computations/bubble_field_rigorous_results.json,C:\Users\joesh\Desktop\SCI\Helical Relativity\01 Computations\bubble_field_rigorous_results.json
SCI,Helical Relativity/01 Computations/bubble_field_scale_ladder.png,SCI/Helical Relativity/01 Computations/bubble_field_scale_ladder.png,.png,73466,2026-07-29T11:37:47.355094+00:00,0e8cb5ef0330eed23b3ba970da5a1819c27a43f5f6b31714584d0981fe917dbf,False,5,MONOGRAPH/06 HELICAL RELATIVITY/02 COMPUTATIONS/bubble_field_scale_ladder.png,C:\Users\joesh\Desktop\SCI\Helical Relativity\01 Computations\bubble_field_scale_ladder.png
SCI,Helical Relativity/01 Computations/bubble_field_source_profiles.png,SCI/Helical Relativity/01 Computations/bubble_field_source_profiles.png,.png,125049,2026-07-29T11:37:47.052373+00:00,fdbc1ca8fcfe69b8d241fca24f13d6cc7eb4d7d0238d966a71c3cfb4b775384a,False,5,MONOGRAPH/06 HELICAL RELATIVITY/02 COMPUTATIONS/bubble_field_source_profiles.png,C:\Users\joesh\Desktop\SCI\Helical Relativity\01 Computations\bubble_field_source_profiles.png
SCI,Helical Relativity/01 Computations/colour_field_closure.py,SCI/Helical Relativity/01 Computations/colour_field_closure.py,.py,16440,2026-07-29T11:46:31.736293+00:00,8e57ca1457ce46bebff29fb54a7000ed1921738b5acab70e1286438340b87559,False,4,MONOGRAPH/06 HELICAL RELATIVITY/02 COMPUTATIONS/colour_field_closure.py,C:\Users\joesh\Desktop\SCI\Helical Relativity\01 Computations\colour_field_closure.py
SCI,Helical Relativity/01 Computations/colour_field_closure_results.json,SCI/Helical Relativity/01 Computations/colour_field_closure_results.json,.json,4617,2026-07-29T11:47:05.006146+00:00,796aa5c1da67caad0065b4313e85834a75cb18e5dd4ea831e853cb3ea998db06,True,1,SCI/Helical Relativity/01 Computations/colour_field_closure_results.json,C:\Users\joesh\Desktop\SCI\Helical Relativity\01 Computations\colour_field_closure_results.json
SCI,Helical Relativity/01 Computations/exercising_the_field.py,SCI/Helical Relativity/01 Computations/exercising_the_field.py,.py,16575,2026-07-29T04:40:59.219910+00:00,fa89183aa38f907df342268c38b5e61ea5cf939bdade0b35df9512fd412484c5,True,3,SCI/Helical Relativity/01 Computations/exercising_the_field.py,C:\Users\joesh\Desktop\SCI\Helical Relativity\01 Computations\exercising_the_field.py
SCI,Helical Relativity/01 Computations/exercising_the_field_results.json,SCI/Helical Relativity/01 Computations/exercising_the_field_results.json,.json,2925,2026-07-29T11:38:27.799566+00:00,735909432165384b9ccb7b80d39422da0dbc233b83bd43d49519d977c11cdf8b,True,1,SCI/Helical Relativity/01 Computations/exercising_the_field_results.json,C:\Users\joesh\Desktop\SCI\Helical Relativity\01 Computations\exercising_the_field_results.json
SCI,Helical Relativity/01 Computations/mass_operator.py,SCI/Helical Relativity/01 Computations/mass_operator.py,.py,14085,2026-07-29T10:10:22.849570+00:00,76e85816eaebd860938613ab2f6e47190a61aab2eede7107561caaa0b7aa94d5,False,4,MONOGRAPH/06 HELICAL RELATIVITY/02 COMPUTATIONS/mass_operator.py,C:\Users\joesh\Desktop\SCI\Helical Relativity\01 Computations\mass_operator.py
SCI,Helical Relativity/01 Computations/mass_operator_results.json,SCI/Helical Relativity/01 Computations/mass_operator_results.json,.json,2499,2026-07-29T11:38:28.756433+00:00,aa1ff2c44cf42be6aeb7a54a8a9f40d174e2677fafd8b7609f5a262d2326a934,True,1,SCI/Helical Relativity/01 Computations/mass_operator_results.json,C:\Users\joesh\Desktop\SCI\Helical Relativity\01 Computations\mass_operator_results.json
SCI,Helical Relativity/01 Computations/three_part_bubble.py,SCI/Helical Relativity/01 Computations/three_part_bubble.py,.py,11299,2026-07-29T04:34:54.481617+00:00,97c7f94c1da73d5fa725aca4e6d875d8ea6644784d24fde6bbb03e21f0474479,True,3,SCI/Helical Relativity/01 Computations/three_part_bubble.py,C:\Users\joesh\Desktop\SCI\Helical Relativity\01 Computations\three_part_bubble.py
SCI,Helical Relativity/01 Computations/three_part_bubble_results.json,SCI/Helical Relativity/01 Computations/three_part_bubble_results.json,.json,2652,2026-07-29T11:38:28.889586+00:00,286337d13c231c9674885fb96fbb5f50f68c41a1ec1441d33f578af81d580ef4,True,1,SCI/Helical Relativity/01 Computations/three_part_bubble_results.json,C:\Users\joesh\Desktop\SCI\Helical Relativity\01 Computations\three_part_bubble_results.json
SCI,Helical Relativity/01 Computations/verify_review.py,SCI/Helical Relativity/01 Computations/verify_review.py,.py,10675,2026-07-29T04:30:28.569644+00:00,9a07f521645587d67a603947e1899159154c398492fd54fb0244def2bf26b8a7,True,3,SCI/Helical Relativity/01 Computations/verify_review.py,C:\Users\joesh\Desktop\SCI\Helical Relativity\01 Computations\verify_review.py
SCI,Helical Relativity/01 Computations/verify_review_results.json,SCI/Helical Relativity/01 Computations/verify_review_results.json,.json,2360,2026-07-29T11:38:29.894872+00:00,1765d5dccc0e602b4f02502db1949a82402d9688b6bcf16eb1b84778ce52d857,True,1,SCI/Helical Relativity/01 Computations/verify_review_results.json,C:\Users\joesh\Desktop\SCI\Helical Relativity\01 Computations\verify_review_results.json
SCI,Helical Relativity/02 Interactive/universal-field-exoplanet-lab.html,SCI/Helical Relativity/02 Interactive/universal-field-exoplanet-lab.html,.html,31859,2026-07-29T06:30:50.467165+00:00,25a6c0fdfc922f3a668a078010cf95afa1fa2aa3400983e5280233f3347dcf41,True,2,SCI/Helical Relativity/02 Interactive/universal-field-exoplanet-lab.html,C:\Users\joesh\Desktop\SCI\Helical Relativity\02 Interactive\universal-field-exoplanet-lab.html
SCI,Helical Relativity/02 Interactive/universal-field-exoplanet-lab.zip,SCI/Helical Relativity/02 Interactive/universal-field-exoplanet-lab.zip,.zip,12931,2026-07-29T06:30:50.500305+00:00,09ab0b6c94a1e29e4362147394c7601aa5f49d1c4aadc39fe52dead73192c9cf,False,3,MONOGRAPH/03 COMPANION/The Bubble Field/02 Interactive/universal-field-exoplanet-lab.zip,C:\Users\joesh\Desktop\SCI\Helical Relativity\02 Interactive\universal-field-exoplanet-lab.zip
SCI,Helical Relativity/02 Interactive/universal-field-solar-system.html,SCI/Helical Relativity/02 Interactive/universal-field-solar-system.html,.html,45152,2026-07-29T06:30:50.533228+00:00,c352e6deec1e03ea083c3491639ac8d8cf116ab5e1f2f765610b2fad405dd2a4,True,2,SCI/Helical Relativity/02 Interactive/universal-field-solar-system.html,C:\Users\joesh\Desktop\SCI\Helical Relativity\02 Interactive\universal-field-solar-system.html
SCI,Helical Relativity/02 Interactive/universal-field-solar-system.zip,SCI/Helical Relativity/02 Interactive/universal-field-solar-system.zip,.zip,15740,2026-07-29T06:30:50.564946+00:00,dec35cba7413ac793a52e03d961fbe2c3171fd9c7a914a32e77d535ff1903720,False,3,MONOGRAPH/03 COMPANION/The Bubble Field/02 Interactive/universal-field-solar-system.zip,C:\Users\joesh\Desktop\SCI\Helical Relativity\02 Interactive\universal-field-solar-system.zip
SCI,Helical Relativity/03 Figures/bubble_architecture.png,SCI/Helical Relativity/03 Figures/bubble_architecture.png,.png,194891,2026-07-29T06:30:50.606929+00:00,8e77662ed39e664bdf74950548d7c311eaf23d0dd7c0c37cc8e7bdf731343444,False,5,MONOGRAPH/06 HELICAL RELATIVITY/05 FIGURES/bubble_architecture.png,C:\Users\joesh\Desktop\SCI\Helical Relativity\03 Figures\bubble_architecture.png
SCI,Helical Relativity/03 Figures/bubble_closure_chain.png,SCI/Helical Relativity/03 Figures/bubble_closure_chain.png,.png,43456,2026-07-29T06:30:50.620939+00:00,45593d2dff3e9da3920fe48d56f9d0f16b820d89084930fd3f4c75896500fe3d,False,5,MONOGRAPH/06 HELICAL RELATIVITY/05 FIGURES/bubble_closure_chain.png,C:\Users\joesh\Desktop\SCI\Helical Relativity\03 Figures\bubble_closure_chain.png
SCI,Helical Relativity/03 Figures/bubble_field_compression_boundary_map.png,SCI/Helical Relativity/03 Figures/bubble_field_compression_boundary_map.png,.png,210668,2026-07-29T06:30:50.649358+00:00,6f12621bc5d85c645d6ee9488835c068feb8f2ded00e0fe6223e1f2336dce1d5,False,5,MONOGRAPH/06 HELICAL RELATIVITY/05 FIGURES/bubble_field_compression_boundary_map.png,C:\Users\joesh\Desktop\SCI\Helical Relativity\03 Figures\bubble_field_compression_boundary_map.png
SCI,Helical Relativity/03 Figures/bubble_field_G_bridge.png,SCI/Helical Relativity/03 Figures/bubble_field_G_bridge.png,.png,78914,2026-07-29T06:30:50.635056+00:00,4248a812a538e37f697990ddc22f13af9fd768fd43224896ecfd96a1536108d2,False,5,MONOGRAPH/06 HELICAL RELATIVITY/05 FIGURES/bubble_field_G_bridge.png,C:\Users\joesh\Desktop\SCI\Helical Relativity\03 Figures\bubble_field_G_bridge.png
SCI,Helical Relativity/03 Figures/bubble_field_lepton_candidate.png,SCI/Helical Relativity/03 Figures/bubble_field_lepton_candidate.png,.png,47026,2026-07-29T06:30:50.662882+00:00,2a130f8c9a2ca61cd02f1d1b46c704fff852daff6d75f5b58cdd857ebaf58996,False,5,MONOGRAPH/06 HELICAL RELATIVITY/05 FIGURES/bubble_field_lepton_candidate.png,C:\Users\joesh\Desktop\SCI\Helical Relativity\03 Figures\bubble_field_lepton_candidate.png
SCI,Helical Relativity/03 Figures/bubble_field_recovery_ledger.png,SCI/Helical Relativity/03 Figures/bubble_field_recovery_ledger.png,.png,205527,2026-07-29T06:30:50.676126+00:00,eabd8e916e5d2c0bfedb7a58f2a3a4333de2899f5769d825c4a57ff6d433e1e6,False,5,MONOGRAPH/06 HELICAL RELATIVITY/05 FIGURES/bubble_field_recovery_ledger.png,C:\Users\joesh\Desktop\SCI\Helical Relativity\03 Figures\bubble_field_recovery_ledger.png
SCI,Helical Relativity/03 Figures/bubble_field_rigorous_profiles.png,SCI/Helical Relativity/03 Figures/bubble_field_rigorous_profiles.png,.png,196929,2026-07-29T06:30:50.689160+00:00,6c9f73aa66b41ed35a6e07f1e8706da7676ab6cc8b7163c559616292d34d51d2,False,5,MONOGRAPH/06 HELICAL RELATIVITY/05 FIGURES/bubble_field_rigorous_profiles.png,C:\Users\joesh\Desktop\SCI\Helical Relativity\03 Figures\bubble_field_rigorous_profiles.png
SCI,Helical Relativity/03 Figures/bubble_field_scale_ladder.png,SCI/Helical Relativity/03 Figures/bubble_field_scale_ladder.png,.png,90773,2026-07-29T06:30:50.702691+00:00,932641087c76db2fb9806dc64300de29609f3a04ddc2d79a28bf666525f7679f,False,5,MONOGRAPH/06 HELICAL RELATIVITY/05 FIGURES/bubble_field_scale_ladder.png,C:\Users\joesh\Desktop\SCI\Helical Relativity\03 Figures\bubble_field_scale_ladder.png
SCI,Helical Relativity/03 Figures/bubble_field_source_profiles.png,SCI/Helical Relativity/03 Figures/bubble_field_source_profiles.png,.png,144414,2026-07-29T06:30:50.715614+00:00,2271624471e9f6665ef3b8474bc0386e3c87585979c0e2b1d5b5cf5ec699ed78,False,5,MONOGRAPH/06 HELICAL RELATIVITY/05 FIGURES/bubble_field_source_profiles.png,C:\Users\joesh\Desktop\SCI\Helical Relativity\03 Figures\bubble_field_source_profiles.png
SCI,Helical Relativity/03 Figures/bubble_source_sector.png,SCI/Helical Relativity/03 Figures/bubble_source_sector.png,.png,36467,2026-07-29T06:30:50.729541+00:00,728445b9ccdc4f97dc6f798e4da5cf678ea7c94f7f64809882846c9fb3c80362,False,5,MONOGRAPH/06 HELICAL RELATIVITY/05 FIGURES/bubble_source_sector.png,C:\Users\joesh\Desktop\SCI\Helical Relativity\03 Figures\bubble_source_sector.png
SCI,Helical Relativity/03 Figures/bubble_status.png,SCI/Helical Relativity/03 Figures/bubble_status.png,.png,158410,2026-07-29T06:30:50.742615+00:00,22f15115bc11fbb96525bbe9184fcd3509647e452c174247e3ea328aae1090c5,False,5,MONOGRAPH/06 HELICAL RELATIVITY/05 FIGURES/bubble_status.png,C:\Users\joesh\Desktop\SCI\Helical Relativity\03 Figures\bubble_status.png
SCI,Helical Relativity/03 Figures/cef_codistinction.png,SCI/Helical Relativity/03 Figures/cef_codistinction.png,.png,42271,2026-07-29T06:30:50.755594+00:00,93b85dcab8e94bfb5685fac82bb74fb439fb8903e66c9a0640beb715823d7530,False,5,MONOGRAPH/06 HELICAL RELATIVITY/05 FIGURES/cef_codistinction.png,C:\Users\joesh\Desktop\SCI\Helical Relativity\03 Figures\cef_codistinction.png
SCI,Helical Relativity/03 Figures/cef_field_architecture.png,SCI/Helical Relativity/03 Figures/cef_field_architecture.png,.png,160429,2026-07-29T06:30:50.769392+00:00,876d7ebb8261fdbafa10a88bcdb4a0421c18c151a4c3892ee95bd661ad88ff8c,False,5,MONOGRAPH/06 HELICAL RELATIVITY/05 FIGURES/cef_field_architecture.png,C:\Users\joesh\Desktop\SCI\Helical Relativity\03 Figures\cef_field_architecture.png
SCI,Helical Relativity/03 Figures/cef_internal_cycle.png,SCI/Helical Relativity/03 Figures/cef_internal_cycle.png,.png,96180,2026-07-29T06:30:50.781861+00:00,8a127f0c93ccc67c6a9b5161120ca302975ebc85888ccdf5e93ac3ffa253d1e3,False,5,MONOGRAPH/06 HELICAL RELATIVITY/05 FIGURES/cef_internal_cycle.png,C:\Users\joesh\Desktop\SCI\Helical Relativity\03 Figures\cef_internal_cycle.png
SCI,Helical Relativity/03 Figures/cef_interrogative_loop.png,SCI/Helical Relativity/03 Figures/cef_interrogative_loop.png,.png,48991,2026-07-29T06:30:50.795067+00:00,435369ccc41d5466fbd5c06cdf8dab4eff1ae02ae1331c582026e679b27d8561,False,5,MONOGRAPH/06 HELICAL RELATIVITY/05 FIGURES/cef_interrogative_loop.png,C:\Users\joesh\Desktop\SCI\Helical Relativity\03 Figures\cef_interrogative_loop.png
SCI,Helical Relativity/03 Figures/exoplanet_lab_plots.png,SCI/Helical Relativity/03 Figures/exoplanet_lab_plots.png,.png,378276,2026-07-29T06:30:50.809861+00:00,c4c363099cbb8a4fcdc0ea947431d1f839d7f483eedc6122a9ce9e9061615d00,False,5,MONOGRAPH/06 HELICAL RELATIVITY/05 FIGURES/exoplanet_lab_plots.png,C:\Users\joesh\Desktop\SCI\Helical Relativity\03 Figures\exoplanet_lab_plots.png
SCI,Helical Relativity/03 Figures/interactive_scalar_field_map_visualization.png,SCI/Helical Relativity/03 Figures/interactive_scalar_field_map_visualization.png,.png,1667819,2026-07-29T06:30:50.824548+00:00,ada2ed7dbf4163c4cbe60afdc30bf4a6ea6e6602cb47392944c885ef9a14bbbe,False,3,MONOGRAPH/03 COMPANION/The Bubble Field/03 Figures/interactive_scalar_field_map_visualization.png,C:\Users\joesh\Desktop\SCI\Helical Relativity\03 Figures\interactive_scalar_field_map_visualization.png
SCI,Helical Relativity/03 Figures/universal_field_of_least_action_diagram.png,SCI/Helical Relativity/03 Figures/universal_field_of_least_action_diagram.png,.png,1515747,2026-07-29T06:30:50.839126+00:00,7d012d4a27098aa746f443740ce0cd0f87de3388fc44be9d63f60e844c3eed3b,False,3,MONOGRAPH/03 COMPANION/The Bubble Field/03 Figures/universal_field_of_least_action_diagram.png,C:\Users\joesh\Desktop\SCI\Helical Relativity\03 Figures\universal_field_of_least_action_diagram.png
SCI,Helical Relativity/03 Figures/visual_scalar_field_system_diagram.png,SCI/Helical Relativity/03 Figures/visual_scalar_field_system_diagram.png,.png,1422622,2026-07-29T06:30:50.854173+00:00,2321dd62d4ecf3f1d09e29150c556dc4b83fb6a9ad99f95bc3ac6cd6102bda87,False,3,MONOGRAPH/03 COMPANION/The Bubble Field/03 Figures/visual_scalar_field_system_diagram.png,C:\Users\joesh\Desktop\SCI\Helical Relativity\03 Figures\visual_scalar_field_system_diagram.png
SCI,Helical Relativity/04 Foundations/Geometric_Lift_of_Negative_Holographic_Evolution_Joseph_Shields.docx,SCI/Helical Relativity/04 Foundations/Geometric_Lift_of_Negative_Holographic_Evolution_Joseph_Shields.docx,.docx,143638,2026-07-29T09:53:19.640336+00:00,528803ede7701f98c0aebe41ee8892e8ced8fb1b1f48a0efad2518d418e74186,False,8,MONOGRAPH/06 HELICAL RELATIVITY/01 THE FIELD/Geometric_Lift_of_Negative_Holographic_Evolution_Joseph_Shields.docx,C:\Users\joesh\Desktop\SCI\Helical Relativity\04 Foundations\Geometric_Lift_of_Negative_Holographic_Evolution_Joseph_Shields.docx
SCI,Helical Relativity/04 Foundations/Least_Cost_Holonomy_and_CoDistinction_Fields_Joseph_Shields_FORMALISED.docx,SCI/Helical Relativity/04 Foundations/Least_Cost_Holonomy_and_CoDistinction_Fields_Joseph_Shields_FORMALISED.docx,.docx,1823502,2026-07-29T06:30:50.896528+00:00,04c31a0877803aeb6c9203754f42b70963b53993e88abbc78eb751ea3ec5e3f4,False,7,MONOGRAPH/05 TRAVERSAL PAPERS/04 Least-Cost Holonomy and Co-Distinction Fields.docx,C:\Users\joesh\Desktop\SCI\Helical Relativity\04 Foundations\Least_Cost_Holonomy_and_CoDistinction_Fields_Joseph_Shields_FORMALISED.docx
SCI,Helical Relativity/04 Foundations/The Bubble Field(1).md,SCI/Helical Relativity/04 Foundations/The Bubble Field(1).md,.md,18139,2026-07-29T06:30:50.918135+00:00,4ae07297829a29c323e85daba897a821f8aa172a828429768cb7d8f052563686,True,6,SCI/Helical Relativity/04 Foundations/The Bubble Field(1).md,C:\Users\joesh\Desktop\SCI\Helical Relativity\04 Foundations\The Bubble Field(1).md
SCI,Helical Relativity/04 Foundations/Universal_Field_of_Least_Action_Complete_Programme_Joseph_Shields.docx,SCI/Helical Relativity/04 Foundations/Universal_Field_of_Least_Action_Complete_Programme_Joseph_Shields.docx,.docx,3897332,2026-07-29T06:30:50.940022+00:00,6aa342f52f2fa0c26497520043297384b26a77786e71a549ce4153becb2efeea,False,5,MONOGRAPH/06 HELICAL RELATIVITY/01 THE FIELD/Universal_Field_of_Least_Action_Complete_Programme_Joseph_Shields.docx,C:\Users\joesh\Desktop\SCI\Helical Relativity\04 Foundations\Universal_Field_of_Least_Action_Complete_Programme_Joseph_Shields.docx
SCI,Helical Relativity/05 History/00 First draft - The Bubble Field.md,SCI/Helical Relativity/05 History/00 First draft - The Bubble Field.md,.md,18139,2026-07-29T03:55:13.886520+00:00,4ae07297829a29c323e85daba897a821f8aa172a828429768cb7d8f052563686,False,6,SCI/Helical Relativity/04 Foundations/The Bubble Field(1).md,C:\Users\joesh\Desktop\SCI\Helical Relativity\05 History\00 First draft - The Bubble Field.md
SCI,Helical Relativity/05 History/07 Helical Field.zip,SCI/Helical Relativity/05 History/07 Helical Field.zip,.zip,39911692,2026-07-29T10:19:35.830081+00:00,ef57e235d2b6dceaa0600d582a87426605b2c41357d4bc657552925799b3680b,True,1,SCI/Helical Relativity/05 History/07 Helical Field.zip,C:\Users\joesh\Desktop\SCI\Helical Relativity\05 History\07 Helical Field.zip
SCI,Helical Relativity/05 History/Bubble_Field_Closure_Attack_G_Source_Weak_Leptons_Joseph_Shields.docx,SCI/Helical Relativity/05 History/Bubble_Field_Closure_Attack_G_Source_Weak_Leptons_Joseph_Shields.docx,.docx,432720,2026-07-29T06:30:50.984766+00:00,bb6be69eabfa6c3bbcdd8ee9bbc79d2310acce371bc15b1e3cc95e7fa3eefe1d,False,5,MONOGRAPH/06 HELICAL RELATIVITY/90 HISTORY/Bubble_Field_Closure_Attack_G_Source_Weak_Leptons_Joseph_Shields.docx,C:\Users\joesh\Desktop\SCI\Helical Relativity\05 History\Bubble_Field_Closure_Attack_G_Source_Weak_Leptons_Joseph_Shields.docx
SCI,Helical Relativity/05 History/Bubble_Field_Closure_Attack_G_Source_Weak_Leptons_Joseph_Shields.pdf,SCI/Helical Relativity/05 History/Bubble_Field_Closure_Attack_G_Source_Weak_Leptons_Joseph_Shields.pdf,.pdf,688393,2026-07-29T06:30:51.006078+00:00,3b7dc8a5b6a2d9f9eb01c2f288ac533f4a3aa685657689d2457e57840b43c486,False,5,MONOGRAPH/06 HELICAL RELATIVITY/90 HISTORY/Bubble_Field_Closure_Attack_G_Source_Weak_Leptons_Joseph_Shields.pdf,C:\Users\joesh\Desktop\SCI\Helical Relativity\05 History\Bubble_Field_Closure_Attack_G_Source_Weak_Leptons_Joseph_Shields.pdf
SCI,Helical Relativity/05 History/The_Bubble_Field_Compression_Boundary_Closure_Joseph_Shields.docx,SCI/Helical Relativity/05 History/The_Bubble_Field_Compression_Boundary_Closure_Joseph_Shields.docx,.docx,595380,2026-07-29T06:30:51.027974+00:00,bfd20642585796fce447d8031a890259455194d95e69ca8e826b8986a17dc010,False,5,MONOGRAPH/06 HELICAL RELATIVITY/90 HISTORY/The_Bubble_Field_Compression_Boundary_Closure_Joseph_Shields.docx,C:\Users\joesh\Desktop\SCI\Helical Relativity\05 History\The_Bubble_Field_Compression_Boundary_Closure_Joseph_Shields.docx
SCI,Helical Relativity/05 History/The_Bubble_Field_Compression_Boundary_Closure_Joseph_Shields.pdf,SCI/Helical Relativity/05 History/The_Bubble_Field_Compression_Boundary_Closure_Joseph_Shields.pdf,.pdf,842900,2026-07-29T06:30:51.049801+00:00,449f92368667d9dc4734dfad930af8a608a970340c52951828cb6ca3c58c80ef,False,5,MONOGRAPH/06 HELICAL RELATIVITY/90 HISTORY/The_Bubble_Field_Compression_Boundary_Closure_Joseph_Shields.pdf,C:\Users\joesh\Desktop\SCI\Helical Relativity\05 History\The_Bubble_Field_Compression_Boundary_Closure_Joseph_Shields.pdf
SCI,Helical Relativity/05 History/The_Bubble_Field_Compression_Boundary_Closure_Joseph_Shields_REFERENT_PRINCIPLE.docx,SCI/Helical Relativity/05 History/The_Bubble_Field_Compression_Boundary_Closure_Joseph_Shields_REFERENT_PRINCIPLE.docx,.docx,596506,2026-07-29T06:30:51.071090+00:00,86b795f22bb01ee39ac6df9e45dc37d84b3680f9396ae21fd11fcbf7551f24d9,False,5,MONOGRAPH/06 HELICAL RELATIVITY/90 HISTORY/The_Bubble_Field_Compression_Boundary_Closure_Joseph_Shields_REFERENT_PRINCIPLE.docx,C:\Users\joesh\Desktop\SCI\Helical Relativity\05 History\The_Bubble_Field_Compression_Boundary_Closure_Joseph_Shields_REFERENT_PRINCIPLE.docx
SCI,Helical Relativity/05 History/The_Bubble_Field_Rigorous_Formulation_Joseph_Shields.docx,SCI/Helical Relativity/05 History/The_Bubble_Field_Rigorous_Formulation_Joseph_Shields.docx,.docx,2333310,2026-07-29T06:30:51.094140+00:00,cfe602f13364d52d3b5e1b83e5c2e9476c9a18d60584b7a2137b551ebc5789fd,False,5,MONOGRAPH/06 HELICAL RELATIVITY/90 HISTORY/The_Bubble_Field_Rigorous_Formulation_Joseph_Shields.docx,C:\Users\joesh\Desktop\SCI\Helical Relativity\05 History\The_Bubble_Field_Rigorous_Formulation_Joseph_Shields.docx
SCI,Helical Relativity/06 Colour Field/00 Paper/The_Observer_Interior_Quantum_Colour_Field_Joseph_Shields.docx,SCI/Helical Relativity/06 Colour Field/00 Paper/The_Observer_Interior_Quantum_Colour_Field_Joseph_Shields.docx,.docx,1801671,2026-07-29T09:53:19.082647+00:00,386306865d8eb73ef17e4975e59b7fe7529271b5aae912ec189da0e5d693bf66,True,2,SCI/Helical Relativity/06 Colour Field/00 Paper/The_Observer_Interior_Quantum_Colour_Field_Joseph_Shields.docx,C:\Users\joesh\Desktop\SCI\Helical Relativity\06 Colour Field\00 Paper\The_Observer_Interior_Quantum_Colour_Field_Joseph_Shields.docx
SCI,Helical Relativity/06 Colour Field/00 Paper/The_Observer_Interior_Quantum_Colour_Field_Joseph_Shields.pdf,SCI/Helical Relativity/06 Colour Field/00 Paper/The_Observer_Interior_Quantum_Colour_Field_Joseph_Shields.pdf,.pdf,997335,2026-07-29T09:53:19.070087+00:00,f965505fbc711a6cd8e232c753c547d13a4290d040a5dfcc37348f1a555f47a6,True,2,SCI/Helical Relativity/06 Colour Field/00 Paper/The_Observer_Interior_Quantum_Colour_Field_Joseph_Shields.pdf,C:\Users\joesh\Desktop\SCI\Helical Relativity\06 Colour Field\00 Paper\The_Observer_Interior_Quantum_Colour_Field_Joseph_Shields.pdf
SCI,Helical Relativity/06 Colour Field/01 Field Implementation/observer_interior_quantum_colour_field.py,SCI/Helical Relativity/06 Colour Field/01 Field Implementation/observer_interior_quantum_colour_field.py,.py,24059,2026-07-29T09:53:19.142792+00:00,192c930a815bf2fc6f56afb7d3e77562cbfe021a5d326377386d451305d96a9a,True,2,SCI/Helical Relativity/06 Colour Field/01 Field Implementation/observer_interior_quantum_colour_field.py,C:\Users\joesh\Desktop\SCI\Helical Relativity\06 Colour Field\01 Field Implementation\observer_interior_quantum_colour_field.py
SCI,Helical Relativity/06 Colour Field/01 Field Implementation/observer_interior_quantum_colour_field_results.json,SCI/Helical Relativity/06 Colour Field/01 Field Implementation/observer_interior_quantum_colour_field_results.json,.json,6877,2026-07-29T09:53:19.115446+00:00,e7e214c54bdf3475601d796491e3e54876f2298815e78a4fef04226700804ff2,True,2,SCI/Helical Relativity/06 Colour Field/01 Field Implementation/observer_interior_quantum_colour_field_results.json,C:\Users\joesh\Desktop\SCI\Helical Relativity\06 Colour Field\01 Field Implementation\observer_interior_quantum_colour_field_results.json
SCI,Helical Relativity/06 Colour Field/01 Field Implementation/observer_interior_quantum_colour_field_visuals.py,SCI/Helical Relativity/06 Colour Field/01 Field Implementation/observer_interior_quantum_colour_field_visuals.py,.py,10467,2026-07-29T09:53:19.133934+00:00,2cce334a90d4c1a570ae4a7ac0ede8ca69ee03f3e6cdcc3ed4ace35f5219f9c2,True,2,SCI/Helical Relativity/06 Colour Field/01 Field Implementation/observer_interior_quantum_colour_field_visuals.py,C:\Users\joesh\Desktop\SCI\Helical Relativity\06 Colour Field\01 Field Implementation\observer_interior_quantum_colour_field_visuals.py
SCI,Helical Relativity/06 Colour Field/01 Field Implementation/requirements.txt,SCI/Helical Relativity/06 Colour Field/01 Field Implementation/requirements.txt,.txt,41,2026-07-29T09:53:19.123569+00:00,a1083a2d359bada0ebfb5c61f712c112c55bdec588a5fb22dd5d04fa0aaf8e94,True,4,SCI/Helical Relativity/06 Colour Field/01 Field Implementation/requirements.txt,C:\Users\joesh\Desktop\SCI\Helical Relativity\06 Colour Field\01 Field Implementation\requirements.txt
SCI,Helical Relativity/06 Colour Field/01 Field Implementation/run_quantum_colour_field.command,SCI/Helical Relativity/06 Colour Field/01 Field Implementation/run_quantum_colour_field.command,.command,383,2026-07-29T09:53:19.141791+00:00,1806838fdb50e6c728beeebca3359085136c8c497589f06334ae4ecc5bd3a670,True,2,SCI/Helical Relativity/06 Colour Field/01 Field Implementation/run_quantum_colour_field.command,C:\Users\joesh\Desktop\SCI\Helical Relativity\06 Colour Field\01 Field Implementation\run_quantum_colour_field.command
SCI,Helical Relativity/06 Colour Field/02 Interactive/observer-interior-quantum-colour-field.html,SCI/Helical Relativity/06 Colour Field/02 Interactive/observer-interior-quantum-colour-field.html,.html,10980,2026-07-29T09:53:19.212059+00:00,79d5f668276f21edaa5c7c9691b21e2aa3d7aff26029de996b2578457450904a,True,2,SCI/Helical Relativity/06 Colour Field/02 Interactive/observer-interior-quantum-colour-field.html,C:\Users\joesh\Desktop\SCI\Helical Relativity\06 Colour Field\02 Interactive\observer-interior-quantum-colour-field.html
SCI,Helical Relativity/06 Colour Field/02 Interactive/observer_interior_quantum_colour_field_web_preview.png,SCI/Helical Relativity/06 Colour Field/02 Interactive/observer_interior_quantum_colour_field_web_preview.png,.png,1164755,2026-07-29T09:53:19.183775+00:00,955d7c15defad3366ce9f969a653df678bab7fadc13c3f7ff2a761a078b5cb81,True,2,SCI/Helical Relativity/06 Colour Field/02 Interactive/observer_interior_quantum_colour_field_web_preview.png,C:\Users\joesh\Desktop\SCI\Helical Relativity\06 Colour Field\02 Interactive\observer_interior_quantum_colour_field_web_preview.png
SCI,Helical Relativity/06 Colour Field/03 Visuals/colour_language_composition.png,SCI/Helical Relativity/06 Colour Field/03 Visuals/colour_language_composition.png,.png,140861,2026-07-29T09:53:19.283401+00:00,d5c83cad72042b28a3cfadf1bbb629c2abb987b29890994007b040eedc7c3849,True,2,SCI/Helical Relativity/06 Colour Field/03 Visuals/colour_language_composition.png,C:\Users\joesh\Desktop\SCI\Helical Relativity\06 Colour Field\03 Visuals\colour_language_composition.png
SCI,Helical Relativity/06 Colour Field/03 Visuals/colour_resolution_ladder.png,SCI/Helical Relativity/06 Colour Field/03 Visuals/colour_resolution_ladder.png,.png,59224,2026-07-29T09:53:19.266871+00:00,d409a6a490cefc524c488749888a5a92121f91e2cc302d57e538751810bbe52e,True,2,SCI/Helical Relativity/06 Colour Field/03 Visuals/colour_resolution_ladder.png,C:\Users\joesh\Desktop\SCI\Helical Relativity\06 Colour Field\03 Visuals\colour_resolution_ladder.png
SCI,Helical Relativity/06 Colour Field/03 Visuals/concept_arctangent_umbrella_field.png,SCI/Helical Relativity/06 Colour Field/03 Visuals/concept_arctangent_umbrella_field.png,.png,3181610,2026-07-29T09:53:19.251085+00:00,02190319f86041b30465ece84eef194bfbfe434bf5d12c0a35d0bb79051b3ca9,True,2,SCI/Helical Relativity/06 Colour Field/03 Visuals/concept_arctangent_umbrella_field.png,C:\Users\joesh\Desktop\SCI\Helical Relativity\06 Colour Field\03 Visuals\concept_arctangent_umbrella_field.png
SCI,Helical Relativity/06 Colour Field/03 Visuals/concept_observer_inside_solid_wall_of_light.png,SCI/Helical Relativity/06 Colour Field/03 Visuals/concept_observer_inside_solid_wall_of_light.png,.png,3152534,2026-07-29T09:53:19.275567+00:00,455bad8fed088b154b1eab8439434f04733f3dc90f013055c0ca733685f3a2d8,True,2,SCI/Helical Relativity/06 Colour Field/03 Visuals/concept_observer_inside_solid_wall_of_light.png,C:\Users\joesh\Desktop\SCI\Helical Relativity\06 Colour Field\03 Visuals\concept_observer_inside_solid_wall_of_light.png
SCI,Helical Relativity/06 Colour Field/03 Visuals/hydrogen_colour_construction.png,SCI/Helical Relativity/06 Colour Field/03 Visuals/hydrogen_colour_construction.png,.png,107159,2026-07-29T09:53:19.290237+00:00,c2d9135ecd762001043e4d86e9b4c5b9a56dcced14d676a228b427db4e30a34c,True,2,SCI/Helical Relativity/06 Colour Field/03 Visuals/hydrogen_colour_construction.png,C:\Users\joesh\Desktop\SCI\Helical Relativity\06 Colour Field\03 Visuals\hydrogen_colour_construction.png
SCI,Helical Relativity/06 Colour Field/03 Visuals/observer_inside_colour_field_evolution.gif,SCI/Helical Relativity/06 Colour Field/03 Visuals/observer_inside_colour_field_evolution.gif,.gif,7730590,2026-07-29T09:53:19.241146+00:00,2ebcd9bc40d40946d5c9e0911c2983dfd0a017fddd330045bf226ab7736b3915,True,2,SCI/Helical Relativity/06 Colour Field/03 Visuals/observer_inside_colour_field_evolution.gif,C:\Users\joesh\Desktop\SCI\Helical Relativity\06 Colour Field\03 Visuals\observer_inside_colour_field_evolution.gif
SCI,Helical Relativity/06 Colour Field/03 Visuals/observer_inside_quantum_colour_field.png,SCI/Helical Relativity/06 Colour Field/03 Visuals/observer_inside_quantum_colour_field.png,.png,1510194,2026-07-29T09:53:19.259633+00:00,d6513a0e5295562e2f5d674601315774774e4ad3f805c5356ed1fa50cf83500f,True,2,SCI/Helical Relativity/06 Colour Field/03 Visuals/observer_inside_quantum_colour_field.png,C:\Users\joesh\Desktop\SCI\Helical Relativity\06 Colour Field\03 Visuals\observer_inside_quantum_colour_field.png
SCI,Helical Relativity/06 Colour Field/04 Data and Recipes/COLOUR_LANGUAGE_SPEC.md,SCI/Helical Relativity/06 Colour Field/04 Data and Recipes/COLOUR_LANGUAGE_SPEC.md,.md,1231,2026-07-29T09:53:19.314655+00:00,513056e53255379f6ed027936c88a03726c4fcaa2cddcbe6d440a3ce6a5b82ed,True,2,SCI/Helical Relativity/06 Colour Field/04 Data and Recipes/COLOUR_LANGUAGE_SPEC.md,C:\Users\joesh\Desktop\SCI\Helical Relativity\06 Colour Field\04 Data and Recipes\COLOUR_LANGUAGE_SPEC.md
SCI,Helical Relativity/06 Colour Field/04 Data and Recipes/object_colour_recipes.json,SCI/Helical Relativity/06 Colour Field/04 Data and Recipes/object_colour_recipes.json,.json,4578,2026-07-29T09:53:19.316206+00:00,117b641a6863342160434540c5e8389a1f7f4ddcfbca70f3f137b981d5bb6116,True,2,SCI/Helical Relativity/06 Colour Field/04 Data and Recipes/object_colour_recipes.json,C:\Users\joesh\Desktop\SCI\Helical Relativity\06 Colour Field\04 Data and Recipes\object_colour_recipes.json
SCI,Helical Relativity/06 Colour Field/05 Dictionary/qcd_generator_preview.png,SCI/Helical Relativity/06 Colour Field/05 Dictionary/qcd_generator_preview.png,.png,137225,2026-07-29T09:53:19.386645+00:00,fa20547cb23738f2359c002225434426bff40e13f1f71751bb45fa991ecacb86,True,2,SCI/Helical Relativity/06 Colour Field/05 Dictionary/qcd_generator_preview.png,C:\Users\joesh\Desktop\SCI\Helical Relativity\06 Colour Field\05 Dictionary\qcd_generator_preview.png
SCI,Helical Relativity/06 Colour Field/05 Dictionary/qcd_start_preview.png,SCI/Helical Relativity/06 Colour Field/05 Dictionary/qcd_start_preview.png,.png,177841,2026-07-29T09:53:19.356378+00:00,144615fe0aeb265607d1d857554436606f86312ed0abe50265617ebedd3cf548,True,2,SCI/Helical Relativity/06 Colour Field/05 Dictionary/qcd_start_preview.png,C:\Users\joesh\Desktop\SCI\Helical Relativity\06 Colour Field\05 Dictionary\qcd_start_preview.png
SCI,Helical Relativity/06 Colour Field/05 Dictionary/Quantum_Colour_Dictionary.docx,SCI/Helical Relativity/06 Colour Field/05 Dictionary/Quantum_Colour_Dictionary.docx,.docx,52532,2026-07-29T09:53:19.409678+00:00,16e1da838c2a21aa631a32aca0c92457d954c4b0689e13857138b384f969e574,True,2,SCI/Helical Relativity/06 Colour Field/05 Dictionary/Quantum_Colour_Dictionary.docx,C:\Users\joesh\Desktop\SCI\Helical Relativity\06 Colour Field\05 Dictionary\Quantum_Colour_Dictionary.docx
SCI,Helical Relativity/06 Colour Field/05 Dictionary/Quantum_Colour_Dictionary.json,SCI/Helical Relativity/06 Colour Field/05 Dictionary/Quantum_Colour_Dictionary.json,.json,4637142,2026-07-29T09:53:19.378928+00:00,ede45c493f7a552bc729afa1cfb3a5e806c940730af10ff16ba4cb1273594005,True,2,SCI/Helical Relativity/06 Colour Field/05 Dictionary/Quantum_Colour_Dictionary.json,C:\Users\joesh\Desktop\SCI\Helical Relativity\06 Colour Field\05 Dictionary\Quantum_Colour_Dictionary.json
SCI,Helical Relativity/06 Colour Field/05 Dictionary/Quantum_Colour_Dictionary.pdf,SCI/Helical Relativity/06 Colour Field/05 Dictionary/Quantum_Colour_Dictionary.pdf,.pdf,340295,2026-07-29T09:53:19.398582+00:00,20df5219a68dcdda2ed4c64506cec13a497308faf66627ee43a5fdf932de9596,True,2,SCI/Helical Relativity/06 Colour Field/05 Dictionary/Quantum_Colour_Dictionary.pdf,C:\Users\joesh\Desktop\SCI\Helical Relativity\06 Colour Field\05 Dictionary\Quantum_Colour_Dictionary.pdf
SCI,Helical Relativity/06 Colour Field/05 Dictionary/Quantum_Colour_Dictionary.xlsx,SCI/Helical Relativity/06 Colour Field/05 Dictionary/Quantum_Colour_Dictionary.xlsx,.xlsx,860974,2026-07-29T09:53:19.367441+00:00,4b254c7d1676c577c2dd2dbd8b05beb5ac15f890f64a062af1520a1d7bd6fc4d,True,2,SCI/Helical Relativity/06 Colour Field/05 Dictionary/Quantum_Colour_Dictionary.xlsx,C:\Users\joesh\Desktop\SCI\Helical Relativity\06 Colour Field\05 Dictionary\Quantum_Colour_Dictionary.xlsx
SCI,Helical Relativity/06 Colour Field/05 Dictionary/Quantum_Colour_Dictionary_Presets.csv,SCI/Helical Relativity/06 Colour Field/05 Dictionary/Quantum_Colour_Dictionary_Presets.csv,.csv,1340251,2026-07-29T09:53:19.423131+00:00,65a380de15cbeef048700deb15d87e164c194eef0e61046f3e12b1f680615548,True,2,SCI/Helical Relativity/06 Colour Field/05 Dictionary/Quantum_Colour_Dictionary_Presets.csv,C:\Users\joesh\Desktop\SCI\Helical Relativity\06 Colour Field\05 Dictionary\Quantum_Colour_Dictionary_Presets.csv
SCI,Helical Relativity/06 Colour Field/05 Dictionary/Quantum_Colour_Dictionary_README.txt,SCI/Helical Relativity/06 Colour Field/05 Dictionary/Quantum_Colour_Dictionary_README.txt,.txt,883,2026-07-29T09:53:19.348491+00:00,adeccce70df3950e5135a2579e72e0c4508d657e86ee977e643985fe90d831d1,True,2,SCI/Helical Relativity/06 Colour Field/05 Dictionary/Quantum_Colour_Dictionary_README.txt,C:\Users\joesh\Desktop\SCI\Helical Relativity\06 Colour Field\05 Dictionary\Quantum_Colour_Dictionary_README.txt
SCI,Helical Relativity/06 Colour Field/07 Atlas Plates/closure_spectrum_chord.wav,SCI/Helical Relativity/06 Colour Field/07 Atlas Plates/closure_spectrum_chord.wav,.wav,352844,2026-07-29T11:38:49.172869+00:00,e7e47407ba6940387d381725d52539ce0f9386af5c944b9b02e6d51b74630125,True,2,SCI/Helical Relativity/06 Colour Field/07 Atlas Plates/closure_spectrum_chord.wav,C:\Users\joesh\Desktop\SCI\Helical Relativity\06 Colour Field\07 Atlas Plates\closure_spectrum_chord.wav
SCI,Helical Relativity/06 Colour Field/07 Atlas Plates/join_light_boundary_matter.wav,SCI/Helical Relativity/06 Colour Field/07 Atlas Plates/join_light_boundary_matter.wav,.wav,342260,2026-07-29T11:38:49.067411+00:00,46ab2c4a3a06e24606bc01604008fc2791ec3f13c91600998046df90c265b4cc,True,2,SCI/Helical Relativity/06 Colour Field/07 Atlas Plates/join_light_boundary_matter.wav,C:\Users\joesh\Desktop\SCI\Helical Relativity\06 Colour Field\07 Atlas Plates\join_light_boundary_matter.wav
SCI,Helical Relativity/06 Colour Field/07 Atlas Plates/plate_1_notation.png,SCI/Helical Relativity/06 Colour Field/07 Atlas Plates/plate_1_notation.png,.png,522497,2026-07-29T11:38:31.562327+00:00,e0770cd583383066f2457f68bef7bdccf1ce1359220871eed288f0f65dcd0961,True,2,SCI/Helical Relativity/06 Colour Field/07 Atlas Plates/plate_1_notation.png,C:\Users\joesh\Desktop\SCI\Helical Relativity\06 Colour Field\07 Atlas Plates\plate_1_notation.png
SCI,Helical Relativity/06 Colour Field/07 Atlas Plates/plate_2_bound.png,SCI/Helical Relativity/06 Colour Field/07 Atlas Plates/plate_2_bound.png,.png,141185,2026-07-29T11:38:32.000308+00:00,a10b480fa48754bdbed741414d0630e4208ca2f87437b5a280660d35788567ec,True,2,SCI/Helical Relativity/06 Colour Field/07 Atlas Plates/plate_2_bound.png,C:\Users\joesh\Desktop\SCI\Helical Relativity\06 Colour Field\07 Atlas Plates\plate_2_bound.png
SCI,Helical Relativity/06 Colour Field/07 Atlas Plates/plate_3_spectrum.png,SCI/Helical Relativity/06 Colour Field/07 Atlas Plates/plate_3_spectrum.png,.png,160827,2026-07-29T11:38:32.261512+00:00,2dedaf71697cbc2431479e35dec301b23295f814a611eb66f1f925fa3e887381,True,2,SCI/Helical Relativity/06 Colour Field/07 Atlas Plates/plate_3_spectrum.png,C:\Users\joesh\Desktop\SCI\Helical Relativity\06 Colour Field\07 Atlas Plates\plate_3_spectrum.png
SCI,Helical Relativity/06 Colour Field/07 Atlas Plates/plate_4_atlas.png,SCI/Helical Relativity/06 Colour Field/07 Atlas Plates/plate_4_atlas.png,.png,220033,2026-07-29T11:38:47.988209+00:00,61449fc56027bfe339c1518a18d99dc25f3bb5785a900490668356be16a6fd67,True,2,SCI/Helical Relativity/06 Colour Field/07 Atlas Plates/plate_4_atlas.png,C:\Users\joesh\Desktop\SCI\Helical Relativity\06 Colour Field\07 Atlas Plates\plate_4_atlas.png
SCI,Helical Relativity/06 Colour Field/07 Atlas Plates/plate_5_frequency.png,SCI/Helical Relativity/06 Colour Field/07 Atlas Plates/plate_5_frequency.png,.png,97072,2026-07-29T11:38:48.667118+00:00,293f19e6b8d4a2d54b7a76f2a12fabc22b245b3a2b6a3e0b4b99803827cb0455,True,2,SCI/Helical Relativity/06 Colour Field/07 Atlas Plates/plate_5_frequency.png,C:\Users\joesh\Desktop\SCI\Helical Relativity\06 Colour Field\07 Atlas Plates\plate_5_frequency.png
SCI,Helical Relativity/06 Colour Field/07 Atlas Plates/plate_6_mass_operator.png,SCI/Helical Relativity/06 Colour Field/07 Atlas Plates/plate_6_mass_operator.png,.png,173473,2026-07-29T11:38:49.014911+00:00,7c1a091cfbebe79ee932440bdf3bed0b2ecc1b19c8f2641d8b18f817e2c2c0cc,True,2,SCI/Helical Relativity/06 Colour Field/07 Atlas Plates/plate_6_mass_operator.png,C:\Users\joesh\Desktop\SCI\Helical Relativity\06 Colour Field\07 Atlas Plates\plate_6_mass_operator.png
SCI,Helical Relativity/06 Colour Field/colour_field_atlas.py,SCI/Helical Relativity/06 Colour Field/colour_field_atlas.py,.py,23352,2026-07-29T10:14:37.310637+00:00,366500009491511a9d2dbdd6657643a6ea65ac41c8bd9a3929484c4c9121be17,True,2,SCI/Helical Relativity/06 Colour Field/colour_field_atlas.py,C:\Users\joesh\Desktop\SCI\Helical Relativity\06 Colour Field\colour_field_atlas.py
SCI,Helical Relativity/06 Colour Field/colour_field_atlas_results.json,SCI/Helical Relativity/06 Colour Field/colour_field_atlas_results.json,.json,1858,2026-07-29T11:38:49.173941+00:00,a54113506de8313da4ae062e1803ae6e407b2c1668ed00df5e6a13b466a141f4,True,2,SCI/Helical Relativity/06 Colour Field/colour_field_atlas_results.json,C:\Users\joesh\Desktop\SCI\Helical Relativity\06 Colour Field\colour_field_atlas_results.json
SCI,Helical Relativity/06 Colour Field/HOW TO READ A COLOUR FIELD.md,SCI/Helical Relativity/06 Colour Field/HOW TO READ A COLOUR FIELD.md,.md,6851,2026-07-29T10:15:35.309471+00:00,00c988f7729b00a660b9060e5198fee91c370191a53696461e436658fc1fe287,True,2,SCI/Helical Relativity/06 Colour Field/HOW TO READ A COLOUR FIELD.md,C:\Users\joesh\Desktop\SCI\Helical Relativity\06 Colour Field\HOW TO READ A COLOUR FIELD.md
SCI,Helical Relativity/07 Helical Field/00_Paper/The_Helical_Bubble_Field_Observer_Interior_Time_Evolution_Joseph_Shields.docx,SCI/Helical Relativity/07 Helical Field/00_Paper/The_Helical_Bubble_Field_Observer_Interior_Time_Evolution_Joseph_Shields.docx,.docx,6312657,2026-07-29T09:53:19.543206+00:00,f278c1aeec5f82746de1c976ecae1257b3502b17a6116c0ae65134a1e1351755,True,2,SCI/Helical Relativity/07 Helical Field/00_Paper/The_Helical_Bubble_Field_Observer_Interior_Time_Evolution_Joseph_Shields.docx,C:\Users\joesh\Desktop\SCI\Helical Relativity\07 Helical Field\00_Paper\The_Helical_Bubble_Field_Observer_Interior_Time_Evolution_Joseph_Shields.docx
SCI,Helical Relativity/07 Helical Field/00_Paper/The_Helical_Bubble_Field_Observer_Interior_Time_Evolution_Joseph_Shields.pdf,SCI/Helical Relativity/07 Helical Field/00_Paper/The_Helical_Bubble_Field_Observer_Interior_Time_Evolution_Joseph_Shields.pdf,.pdf,1710809,2026-07-29T09:53:19.554963+00:00,98e7d6553e69d7e562245ceed81cc8c9b512f9d0a73de209ae59ed73b523bc21,True,2,SCI/Helical Relativity/07 Helical Field/00_Paper/The_Helical_Bubble_Field_Observer_Interior_Time_Evolution_Joseph_Shields.pdf,C:\Users\joesh\Desktop\SCI\Helical Relativity\07 Helical Field\00_Paper\The_Helical_Bubble_Field_Observer_Interior_Time_Evolution_Joseph_Shields.pdf
SCI,Helical Relativity/07 Helical Field/01_Field_Implementation/helical_bubble_field.py,SCI/Helical Relativity/07 Helical Field/01_Field_Implementation/helical_bubble_field.py,.py,16338,2026-07-29T09:53:19.478109+00:00,af5e6b264965760ee7a23cc3ff1714f6b1b2cff5d587d20509577ee29fa85410,True,2,SCI/Helical Relativity/07 Helical Field/01_Field_Implementation/helical_bubble_field.py,C:\Users\joesh\Desktop\SCI\Helical Relativity\07 Helical Field\01_Field_Implementation\helical_bubble_field.py
SCI,Helical Relativity/07 Helical Field/01_Field_Implementation/helical_bubble_field_results.json,SCI/Helical Relativity/07 Helical Field/01_Field_Implementation/helical_bubble_field_results.json,.json,2300,2026-07-29T09:53:19.466420+00:00,e1195eac0d8b2db49fc85f18774635e5101f2f2d67f21ae5a8f6d80eb017b24b,True,2,SCI/Helical Relativity/07 Helical Field/01_Field_Implementation/helical_bubble_field_results.json,C:\Users\joesh\Desktop\SCI\Helical Relativity\07 Helical Field\01_Field_Implementation\helical_bubble_field_results.json
SCI,Helical Relativity/07 Helical Field/01_Field_Implementation/helical_bubble_field_visuals.py,SCI/Helical Relativity/07 Helical Field/01_Field_Implementation/helical_bubble_field_visuals.py,.py,9053,2026-07-29T09:53:19.457581+00:00,adc2f3d19a0c22de2b424377cc6a2ea720a19149dbbc67f18b038ad128a4f0de,True,2,SCI/Helical Relativity/07 Helical Field/01_Field_Implementation/helical_bubble_field_visuals.py,C:\Users\joesh\Desktop\SCI\Helical Relativity\07 Helical Field\01_Field_Implementation\helical_bubble_field_visuals.py
SCI,Helical Relativity/07 Helical Field/01_Field_Implementation/requirements.txt,SCI/Helical Relativity/07 Helical Field/01_Field_Implementation/requirements.txt,.txt,41,2026-07-29T09:53:19.468619+00:00,a1083a2d359bada0ebfb5c61f712c112c55bdec588a5fb22dd5d04fa0aaf8e94,False,4,SCI/Helical Relativity/06 Colour Field/01 Field Implementation/requirements.txt,C:\Users\joesh\Desktop\SCI\Helical Relativity\07 Helical Field\01_Field_Implementation\requirements.txt
SCI,Helical Relativity/07 Helical Field/01_Field_Implementation/run_helical_field.command,SCI/Helical Relativity/07 Helical Field/01_Field_Implementation/run_helical_field.command,.command,170,2026-07-29T09:53:19.486758+00:00,45f48ffab905bad17aecee86811e6d22679ce611d090467f0afe700e7948edbc,True,2,SCI/Helical Relativity/07 Helical Field/01_Field_Implementation/run_helical_field.command,C:\Users\joesh\Desktop\SCI\Helical Relativity\07 Helical Field\01_Field_Implementation\run_helical_field.command
SCI,Helical Relativity/07 Helical Field/02_Interactive_Field/helical-bubble-field.html,SCI/Helical Relativity/07 Helical Field/02_Interactive_Field/helical-bubble-field.html,.html,13408,2026-07-29T09:53:19.510627+00:00,7574bdd4efb6849f7310098ae0656ea8096f6e7d86447943ce1a9d9206f4d168,True,2,SCI/Helical Relativity/07 Helical Field/02_Interactive_Field/helical-bubble-field.html,C:\Users\joesh\Desktop\SCI\Helical Relativity\07 Helical Field\02_Interactive_Field\helical-bubble-field.html
SCI,Helical Relativity/07 Helical Field/03_Visuals/helical_bubble_field_architecture.png,SCI/Helical Relativity/07 Helical Field/03_Visuals/helical_bubble_field_architecture.png,.png,1727394,2026-07-29T09:53:19.564355+00:00,4f896c497a4d7ab0f3fe512fc09edf801a636e5456a6afac707dbbebd22212f4,False,4,MONOGRAPH/Field Ledger Second Edition/figures/js_plate_10.png,C:\Users\joesh\Desktop\SCI\Helical Relativity\07 Helical Field\03_Visuals\helical_bubble_field_architecture.png
SCI,Helical Relativity/07 Helical Field/03_Visuals/helical_bubble_field_time_evolution.gif,SCI/Helical Relativity/07 Helical Field/03_Visuals/helical_bubble_field_time_evolution.gif,.gif,2242997,2026-07-29T09:53:19.583838+00:00,c4307e3baf4a7cc01ab9a77d536e4c5b940d61747850f16e8324ce20a429d40d,True,2,SCI/Helical Relativity/07 Helical Field/03_Visuals/helical_bubble_field_time_evolution.gif,C:\Users\joesh\Desktop\SCI\Helical Relativity\07 Helical Field\03_Visuals\helical_bubble_field_time_evolution.gif
SCI,Helical Relativity/07 Helical Field/03_Visuals/helical_time_tomography.png,SCI/Helical Relativity/07 Helical Field/03_Visuals/helical_time_tomography.png,.png,223799,2026-07-29T09:53:19.580700+00:00,d3bf951e01fc93213866fbfbee348cd563dfd68c0307a642043f9d0f54788784,True,2,SCI/Helical Relativity/07 Helical Field/03_Visuals/helical_time_tomography.png,C:\Users\joesh\Desktop\SCI\Helical Relativity\07 Helical Field\03_Visuals\helical_time_tomography.png
SCI,Helical Relativity/07 Helical Field/03_Visuals/observer_inside_helical_field.png,SCI/Helical Relativity/07 Helical Field/03_Visuals/observer_inside_helical_field.png,.png,1343121,2026-07-29T09:53:19.592453+00:00,502c1602bcb18b63f2b31a68f671ac159b82c8d0e67e8e412cd93ca28fac244c,True,2,SCI/Helical Relativity/07 Helical Field/03_Visuals/observer_inside_helical_field.png,C:\Users\joesh\Desktop\SCI\Helical Relativity\07 Helical Field\03_Visuals\observer_inside_helical_field.png
SCI,Helical Relativity/07 Helical Field/03_Visuals/umbrella_observer_concept.png,SCI/Helical Relativity/07 Helical Field/03_Visuals/umbrella_observer_concept.png,.png,3024182,2026-07-29T09:53:19.573329+00:00,4536936e88ea9ab7281d9079d52c55b48a01143f4dca10e21ae742ce00f5b744,True,2,SCI/Helical Relativity/07 Helical Field/03_Visuals/umbrella_observer_concept.png,C:\Users\joesh\Desktop\SCI\Helical Relativity\07 Helical Field\03_Visuals\umbrella_observer_concept.png
SCI,Helical Relativity/07 Helical Field/04_Foundations/Geometric_Lift_of_Negative_Holographic_Evolution_Joseph_Shields.docx,SCI/Helical Relativity/07 Helical Field/04_Foundations/Geometric_Lift_of_Negative_Holographic_Evolution_Joseph_Shields.docx,.docx,143638,2026-07-29T09:53:19.603470+00:00,528803ede7701f98c0aebe41ee8892e8ced8fb1b1f48a0efad2518d418e74186,False,8,MONOGRAPH/06 HELICAL RELATIVITY/01 THE FIELD/Geometric_Lift_of_Negative_Holographic_Evolution_Joseph_Shields.docx,C:\Users\joesh\Desktop\SCI\Helical Relativity\07 Helical Field\04_Foundations\Geometric_Lift_of_Negative_Holographic_Evolution_Joseph_Shields.docx
SCI,Helical Relativity/07 Helical Field/README.md,SCI/Helical Relativity/07 Helical Field/README.md,.md,1358,2026-07-29T09:53:19.528641+00:00,6816a71b225a1cd3dc1c708f9c932b9018ad24ed9cc492b3ef49b87be8f59dbb,True,2,SCI/Helical Relativity/07 Helical Field/README.md,C:\Users\joesh\Desktop\SCI\Helical Relativity\07 Helical Field\README.md
SCI,Helical Relativity/07 Helical Field/SHA256SUMS.txt,SCI/Helical Relativity/07 Helical Field/SHA256SUMS.txt,.txt,1895,2026-07-29T09:53:19.519308+00:00,9f01d748c59ce194871f4ff9b7b5e922b125588310164c30fc980e138b1485c1,True,2,SCI/Helical Relativity/07 Helical Field/SHA256SUMS.txt,C:\Users\joesh\Desktop\SCI\Helical Relativity\07 Helical Field\SHA256SUMS.txt
SCI,Helical Relativity/SHA256SUMS.txt,SCI/Helical Relativity/SHA256SUMS.txt,.txt,14765,2026-07-29T11:39:49.466977+00:00,1437809f401c808ba92212cced5d863592aea5c84558e8c50ca70ceaeb5434b2,True,1,SCI/Helical Relativity/SHA256SUMS.txt,C:\Users\joesh\Desktop\SCI\Helical Relativity\SHA256SUMS.txt
SCI,Informational Least Action/bubble_audit.py,SCI/Informational Least Action/bubble_audit.py,.py,9769,2026-07-31T07:00:18.117239+00:00,9cea0e789994765e89340d5d193e3ac777d40c242626abc1e6651d01b50278d3,True,2,SCI/Informational Least Action/bubble_audit.py,C:\Users\joesh\Desktop\SCI\Informational Least Action\bubble_audit.py
SCI,Informational Least Action/build.py,SCI/Informational Least Action/build.py,.py,563,2026-07-31T07:00:18.144468+00:00,89e5ef146f42abc692ec893b1d5dc44044bc8eae06161bf879bc4f57f17258ba,True,1,SCI/Informational Least Action/build.py,C:\Users\joesh\Desktop\SCI\Informational Least Action\build.py
SCI,Informational Least Action/figures/ila_f2_conversion.png,SCI/Informational Least Action/figures/ila_f2_conversion.png,.png,297859,2026-07-31T06:55:43.701441+00:00,69be88ee4e9918b032c9d24cf81ec042059204dca1a6df7f5cccb6a434a86e8e,True,1,SCI/Informational Least Action/figures/ila_f2_conversion.png,C:\Users\joesh\Desktop\SCI\Informational Least Action\figures\ila_f2_conversion.png
SCI,Informational Least Action/figures/ila_f3_regimes.png,SCI/Informational Least Action/figures/ila_f3_regimes.png,.png,391984,2026-07-31T06:55:43.710621+00:00,48eb8ef43cf9273a2bd446465956fb19dfc8b824617980cfbc82bda33ed16b09,True,1,SCI/Informational Least Action/figures/ila_f3_regimes.png,C:\Users\joesh\Desktop\SCI\Informational Least Action\figures\ila_f3_regimes.png
SCI,Informational Least Action/figures/ila_f4_plateau.png,SCI/Informational Least Action/figures/ila_f4_plateau.png,.png,207558,2026-07-31T06:59:54.117029+00:00,7d00c4e05b9749803ecbe15688d68c99ab3841ff649ebd3b837ea1a630c73cb8,True,1,SCI/Informational Least Action/figures/ila_f4_plateau.png,C:\Users\joesh\Desktop\SCI\Informational Least Action\figures\ila_f4_plateau.png
SCI,Informational Least Action/figures/ila_f5_curvature.png,SCI/Informational Least Action/figures/ila_f5_curvature.png,.png,255661,2026-07-31T06:55:43.734169+00:00,d9cdcb2df5c12d5b560dc7e1fc03217a5ae4eb698b87faaf5f5562bcf2da3318,True,1,SCI/Informational Least Action/figures/ila_f5_curvature.png,C:\Users\joesh\Desktop\SCI\Informational Least Action\figures\ila_f5_curvature.png
SCI,Informational Least Action/figures/ila_f6_hierarchy.png,SCI/Informational Least Action/figures/ila_f6_hierarchy.png,.png,201772,2026-07-31T06:55:43.748906+00:00,aca7bd7b165ca4a574a05747f82d0e4d4c28c9da28635505de1ad631524db8ee,True,1,SCI/Informational Least Action/figures/ila_f6_hierarchy.png,C:\Users\joesh\Desktop\SCI\Informational Least Action\figures\ila_f6_hierarchy.png
SCI,Informational Least Action/ila_plates.py,SCI/Informational Least Action/ila_plates.py,.py,18112,2026-07-31T07:00:18.050857+00:00,23c75c9bdea156de54864027af19bed0cfba9306b82af3ab30bac715f9c79284,True,1,SCI/Informational Least Action/ila_plates.py,C:\Users\joesh\Desktop\SCI\Informational Least Action\ila_plates.py
SCI,Informational Least Action/ilabody.py,SCI/Informational Least Action/ilabody.py,.py,42609,2026-07-31T11:22:37.168573+00:00,4ec80469c20ad048f0c6d3b5fd224d833632da85ae6563d15d36d4fb06bc6dc4,True,1,SCI/Informational Least Action/ilabody.py,C:\Users\joesh\Desktop\SCI\Informational Least Action\ilabody.py
SCI,Informational Least Action/ilahead.py,SCI/Informational Least Action/ilahead.py,.py,14502,2026-07-31T07:00:18.067486+00:00,320ce9ecdae7ae187320f309f8ed2be479c52f375ff3d43b433fd405b5e0c822,True,1,SCI/Informational Least Action/ilahead.py,C:\Users\joesh\Desktop\SCI\Informational Least Action\ilahead.py
SCI,Informational Least Action/Informational_Least_Action_and_the_Least_Boundary_Field.docx,SCI/Informational Least Action/Informational_Least_Action_and_the_Least_Boundary_Field.docx,.docx,1335567,2026-07-31T11:22:37.092015+00:00,44d2090310df83c0b3bd77bfa4e4ec9417da4142d95bbbbc4af33218f876a58a,True,1,SCI/Informational Least Action/Informational_Least_Action_and_the_Least_Boundary_Field.docx,C:\Users\joesh\Desktop\SCI\Informational Least Action\Informational_Least_Action_and_the_Least_Boundary_Field.docx
SCI,Informational Least Action/Informational_Least_Action_and_the_Least_Boundary_Field.pdf,SCI/Informational Least Action/Informational_Least_Action_and_the_Least_Boundary_Field.pdf,.pdf,1019139,2026-07-31T11:22:43.487901+00:00,1ef2da47dab36618b9bcb1157f116a97d369195dd2b36d38652916820c49de04,True,1,SCI/Informational Least Action/Informational_Least_Action_and_the_Least_Boundary_Field.pdf,C:\Users\joesh\Desktop\SCI\Informational Least Action\Informational_Least_Action_and_the_Least_Boundary_Field.pdf
SCI,Informational Least Action/SHA256SUMS.txt,SCI/Informational Least Action/SHA256SUMS.txt,.txt,1128,2026-07-31T11:22:44.401337+00:00,e9d6ee90cf7d5f3505b320321a7078894849e1ca09accd425caae760a249ac64,True,1,SCI/Informational Least Action/SHA256SUMS.txt,C:\Users\joesh\Desktop\SCI\Informational Least Action\SHA256SUMS.txt
SCI,SCI_Helical_Relativity_and_Atomic_Web_2026-07-29.zip,SCI/SCI_Helical_Relativity_and_Atomic_Web_2026-07-29.zip,.zip,104157550,2026-07-29T11:39:52.888396+00:00,98d6c9b85aa4c50668f66a22f9ac0b27c039eba645c3bbcfa7999624632248ac,True,1,SCI/SCI_Helical_Relativity_and_Atomic_Web_2026-07-29.zip,C:\Users\joesh\Desktop\SCI\SCI_Helical_Relativity_and_Atomic_Web_2026-07-29.zip
SCI,Unified_Mechanics_Dual_Rank_Rederivation_2026.docx,SCI/Unified_Mechanics_Dual_Rank_Rederivation_2026.docx,.docx,3750170,2026-07-29T04:24:18+00:00,1e436456821bb5bc350f725648d5d99cdff1d3e3b0526ef34cab1d6aad08db15,True,1,SCI/Unified_Mechanics_Dual_Rank_Rederivation_2026.docx,C:\Users\joesh\Desktop\SCI\Unified_Mechanics_Dual_Rank_Rederivation_2026.docx
SCI,Unified_Mechanics_Dual_Rank_Rederivation_2026.pdf,SCI/Unified_Mechanics_Dual_Rank_Rederivation_2026.pdf,.pdf,2315052,2026-07-29T04:24:34+00:00,57dc63f92d3624e233cdd7ebd7d2143cea1aaa8351117b92dfe007082310be3b,True,2,SCI/Unified_Mechanics_Dual_Rank_Rederivation_2026.pdf,C:\Users\joesh\Desktop\SCI\Unified_Mechanics_Dual_Rank_Rederivation_2026.pdf
SCI,Unified_Mechanics_Dual_Rank_Rederivation_2026.zip,SCI/Unified_Mechanics_Dual_Rank_Rederivation_2026.zip,.zip,5635497,2026-07-29T17:35:57.713559+00:00,c2478d99c48c357df16558f9cbc675bb5f629427c3c0650da6220259ad4addfc,True,1,SCI/Unified_Mechanics_Dual_Rank_Rederivation_2026.zip,C:\Users\joesh\Desktop\SCI\Unified_Mechanics_Dual_Rank_Rederivation_2026.zip
SCI,Unified_Mechanics_Dual_Rank_Rederivation_2026_AS_RECEIVED.pdf,SCI/Unified_Mechanics_Dual_Rank_Rederivation_2026_AS_RECEIVED.pdf,.pdf,2315052,2026-07-30T04:20:28.115329+00:00,57dc63f92d3624e233cdd7ebd7d2143cea1aaa8351117b92dfe007082310be3b,False,2,SCI/Unified_Mechanics_Dual_Rank_Rederivation_2026.pdf,C:\Users\joesh\Desktop\SCI\Unified_Mechanics_Dual_Rank_Rederivation_2026_AS_RECEIVED.pdf
SCI,Unified_Mechanics_Dual_Rank_Rederivation_2026_with_front_note.pdf,SCI/Unified_Mechanics_Dual_Rank_Rederivation_2026_with_front_note.pdf,.pdf,2257491,2026-07-30T04:20:28.127217+00:00,643866ab2cf688986ca497625414e7e056d42641311a81020c02e4fa41a3a807,True,1,SCI/Unified_Mechanics_Dual_Rank_Rederivation_2026_with_front_note.pdf,C:\Users\joesh\Desktop\SCI\Unified_Mechanics_Dual_Rank_Rederivation_2026_with_front_note.pdf
SCI,Unified_Mechanics_The_Field_Ledger(2).docx,SCI/Unified_Mechanics_The_Field_Ledger(2).docx,.docx,6096443,2026-07-30T10:35:46.455511+00:00,aa3490bb25383fdb811767c051fadd44b3ae5ef5ae16273511e1d77e18d6d49b,True,1,SCI/Unified_Mechanics_The_Field_Ledger(2).docx,C:\Users\joesh\Desktop\SCI\Unified_Mechanics_The_Field_Ledger(2).docx
SCI,Unified_Mechanics_The_Field_Ledger.docx,SCI/Unified_Mechanics_The_Field_Ledger.docx,.docx,5800799,2026-07-30T09:20:18.420601+00:00,94d094e82d0f6efcf38eea6a2a812ca58676c94addb33042aa402119eefaa455,True,1,SCI/Unified_Mechanics_The_Field_Ledger.docx,C:\Users\joesh\Desktop\SCI\Unified_Mechanics_The_Field_Ledger.docx
